<DATE>,<TIME>,<OPEN>,<HIGH>,<LOW>,<CLOSE>,<TICKVOL>
2024.01.02,00:00:00,1.08502,1.08520,1.08494,1.08518,60
2024.01.02,00:01:00,1.08519,1.08536,1.08517,1.08536,60
2024.01.02,00:02:00,1.08532,1.08548,1.08532,1.08544,60
2024.01.02,00:03:00,1.08541,1.08567,1.08536,1.08564,60
2024.01.02,00:04:00,1.08566,1.08577,1.08562,1.08576,60
2024.01.02,00:05:00,1.08578,1.08588,1.08577,1.08586,60
2024.01.02,00:06:00,1.08583,1.08591,1.08580,1.08583,60
2024.01.02,00:07:00,1.08583,1.08618,1.08583,1.08613,60
2024.01.02,00:08:00,1.08613,1.08624,1.08612,1.08624,60
2024.01.02,00:09:00,1.08623,1.08647,1.08623,1.08646,60
2024.01.02,00:10:00,1.08649,1.08650,1.08637,1.08637,60
2024.01.02,00:11:00,1.08634,1.08659,1.08631,1.08659,60
2024.01.02,00:12:00,1.08659,1.08703,1.08659,1.08698,60
2024.01.02,00:13:00,1.08701,1.08708,1.08698,1.08701,60
2024.01.02,00:14:00,1.08704,1.08723,1.08704,1.08722,60
2024.01.02,00:15:00,1.08722,1.08730,1.08716,1.08730,60
2024.01.02,00:16:00,1.08732,1.08742,1.08729,1.08741,60
2024.01.02,00:17:00,1.08741,1.08759,1.08733,1.08759,60
2024.01.02,00:18:00,1.08761,1.08789,1.08761,1.08779,60
2024.01.02,00:19:00,1.08777,1.08796,1.08776,1.08794,60
2024.01.02,00:20:00,1.08795,1.08815,1.08795,1.08815,60
2024.01.02,00:21:00,1.08817,1.08826,1.08813,1.08816,60
2024.01.02,00:22:00,1.08814,1.08831,1.08811,1.08822,60
2024.01.02,00:23:00,1.08821,1.08839,1.08813,1.08833,60
2024.01.02,00:24:00,1.08833,1.08844,1.08829,1.08841,60
2024.01.02,00:25:00,1.08841,1.08855,1.08841,1.08853,60
2024.01.02,00:26:00,1.08854,1.08876,1.08850,1.08871,60
2024.01.02,00:27:00,1.08872,1.08881,1.08857,1.08881,60
2024.01.02,00:28:00,1.08879,1.08889,1.08871,1.08880,60
2024.01.02,00:29:00,1.08875,1.08892,1.08873,1.08882,60
2024.01.02,00:30:00,1.08882,1.08905,1.08879,1.08904,60
2024.01.02,00:31:00,1.08904,1.08912,1.08896,1.08906,60
2024.01.02,00:32:00,1.08906,1.08928,1.08897,1.08928,60
2024.01.02,00:33:00,1.08927,1.08939,1.08921,1.08934,60
2024.01.02,00:34:00,1.08934,1.08948,1.08933,1.08938,60
2024.01.02,00:35:00,1.08939,1.08945,1.08930,1.08941,60
2024.01.02,00:36:00,1.08942,1.08971,1.08942,1.08971,60
2024.01.02,00:37:00,1.08973,1.08991,1.08966,1.08990,60
2024.01.02,00:38:00,1.08994,1.09022,1.08994,1.09009,60
2024.01.02,00:39:00,1.09012,1.09029,1.09003,1.09029,60
2024.01.02,00:40:00,1.09028,1.09048,1.09025,1.09048,60
2024.01.02,00:41:00,1.09047,1.09061,1.09042,1.09058,60
2024.01.02,00:42:00,1.09057,1.09096,1.09057,1.09091,60
2024.01.02,00:43:00,1.09092,1.09099,1.09082,1.09082,60
2024.01.02,00:44:00,1.09083,1.09091,1.09081,1.09087,60
2024.01.02,00:45:00,1.09086,1.09107,1.09085,1.09102,60
2024.01.02,00:46:00,1.09102,1.09115,1.09099,1.09113,60
2024.01.02,00:47:00,1.09111,1.09136,1.09107,1.09124,60
2024.01.02,00:48:00,1.09126,1.09132,1.09124,1.09130,60
2024.01.02,00:49:00,1.09130,1.09131,1.09113,1.09122,60
2024.01.02,00:50:00,1.09119,1.09127,1.09116,1.09127,60
2024.01.02,00:51:00,1.09128,1.09128,1.09115,1.09123,60
2024.01.02,00:52:00,1.09125,1.09137,1.09121,1.09135,60
2024.01.02,00:53:00,1.09134,1.09167,1.09130,1.09167,60
2024.01.02,00:54:00,1.09168,1.09170,1.09158,1.09158,60
2024.01.02,00:55:00,1.09159,1.09186,1.09158,1.09180,60
2024.01.02,00:56:00,1.09182,1.09202,1.09182,1.09200,60
2024.01.02,00:57:00,1.09200,1.09232,1.09200,1.09229,60
2024.01.02,00:58:00,1.09227,1.09249,1.09227,1.09249,60
2024.01.02,00:59:00,1.09251,1.09279,1.09249,1.09274,60
2024.01.02,01:00:00,1.09277,1.09285,1.09268,1.09280,60
2024.01.02,01:01:00,1.09280,1.09314,1.09277,1.09314,60
2024.01.02,01:02:00,1.09313,1.09339,1.09313,1.09337,60
2024.01.02,01:03:00,1.09336,1.09382,1.09336,1.09381,60
2024.01.02,01:04:00,1.09382,1.09411,1.09382,1.09410,60
2024.01.02,01:05:00,1.09409,1.09411,1.09394,1.09408,60
2024.01.02,01:06:00,1.09410,1.09413,1.09399,1.09399,60
2024.01.02,01:07:00,1.09396,1.09403,1.09390,1.09402,60
2024.01.02,01:08:00,1.09400,1.09409,1.09393,1.09408,60
2024.01.02,01:09:00,1.09406,1.09414,1.09399,1.09401,60
2024.01.02,01:10:00,1.09399,1.09406,1.09398,1.09406,60
2024.01.02,01:11:00,1.09405,1.09411,1.09392,1.09399,60
2024.01.02,01:12:00,1.09399,1.09407,1.09391,1.09392,60
2024.01.02,01:13:00,1.09390,1.09405,1.09389,1.09396,60
2024.01.02,01:14:00,1.09399,1.09408,1.09399,1.09406,60
2024.01.02,01:15:00,1.09405,1.09407,1.09396,1.09399,60
2024.01.02,01:16:00,1.09398,1.09411,1.09398,1.09407,60
2024.01.02,01:17:00,1.09408,1.09410,1.09395,1.09403,60
2024.01.02,01:18:00,1.09403,1.09407,1.09386,1.09402,60
2024.01.02,01:19:00,1.09402,1.09407,1.09388,1.09393,60
2024.01.02,01:20:00,1.09392,1.09405,1.09392,1.09399,60
2024.01.02,01:21:00,1.09397,1.09407,1.09396,1.09400,60
2024.01.02,01:22:00,1.09398,1.09407,1.09397,1.09403,60
2024.01.02,01:23:00,1.09401,1.09407,1.09394,1.09399,60
2024.01.02,01:24:00,1.09397,1.09397,1.09387,1.09392,60
2024.01.02,01:25:00,1.09393,1.09407,1.09390,1.09391,60
2024.01.02,01:26:00,1.09392,1.09411,1.09390,1.09402,60
2024.01.02,01:27:00,1.09402,1.09412,1.09398,1.09405,60
2024.01.02,01:28:00,1.09407,1.09407,1.09398,1.09399,60
2024.01.02,01:29:00,1.09396,1.09403,1.09391,1.09396,60
2024.01.02,01:30:00,1.09395,1.09410,1.09393,1.09403,60
2024.01.02,01:31:00,1.09405,1.09408,1.09393,1.09400,60
2024.01.02,01:32:00,1.09400,1.09405,1.09390,1.09402,60
2024.01.02,01:33:00,1.09402,1.09412,1.09399,1.09406,60
2024.01.02,01:34:00,1.09407,1.09407,1.09391,1.09401,60
2024.01.02,01:35:00,1.09403,1.09409,1.09398,1.09399,60
2024.01.02,01:36:00,1.09399,1.09407,1.09396,1.09396,60
2024.01.02,01:37:00,1.09395,1.09403,1.09394,1.09399,60
2024.01.02,01:38:00,1.09399,1.09402,1.09389,1.09394,60
2024.01.02,01:39:00,1.09394,1.09409,1.09394,1.09403,60
2024.01.02,01:40:00,1.09405,1.09410,1.09398,1.09402,60
2024.01.02,01:41:00,1.09400,1.09417,1.09394,1.09412,60
2024.01.02,01:42:00,1.09411,1.09411,1.09390,1.09396,60
2024.01.02,01:43:00,1.09397,1.09403,1.09389,1.09403,60
2024.01.02,01:44:00,1.09401,1.09410,1.09398,1.09400,60
2024.01.02,01:45:00,1.09400,1.09409,1.09395,1.09409,60
2024.01.02,01:46:00,1.09404,1.09409,1.09398,1.09401,60
2024.01.02,01:47:00,1.09398,1.09403,1.09391,1.09393,60
2024.01.02,01:48:00,1.09394,1.09406,1.09394,1.09401,60
2024.01.02,01:49:00,1.09403,1.09406,1.09390,1.09394,60
2024.01.02,01:50:00,1.09392,1.09402,1.09390,1.09391,60
2024.01.02,01:51:00,1.09389,1.09405,1.09389,1.09405,60
2024.01.02,01:52:00,1.09407,1.09410,1.09396,1.09402,60
2024.01.02,01:53:00,1.09402,1.09406,1.09387,1.09388,60
2024.01.02,01:54:00,1.09388,1.09407,1.09387,1.09398,60
2024.01.02,01:55:00,1.09399,1.09402,1.09390,1.09400,60
2024.01.02,01:56:00,1.09400,1.09404,1.09393,1.09403,60
2024.01.02,01:57:00,1.09401,1.09413,1.09395,1.09408,60
2024.01.02,01:58:00,1.09409,1.09415,1.09398,1.09404,60
2024.01.02,01:59:00,1.09404,1.09408,1.09382,1.09408,60
2024.01.02,02:00:00,1.09404,1.09411,1.09397,1.09404,60
2024.01.02,02:01:00,1.09404,1.09412,1.09395,1.09402,60
2024.01.02,02:02:00,1.09403,1.09406,1.09385,1.09385,60
2024.01.02,02:03:00,1.09386,1.09404,1.09380,1.09402,60
2024.01.02,02:04:00,1.09403,1.09412,1.09399,1.09412,60
2024.01.02,02:05:00,1.09409,1.09409,1.09392,1.09398,60
2024.01.02,02:06:00,1.09397,1.09404,1.09390,1.09390,60
2024.01.02,02:07:00,1.09390,1.09405,1.09388,1.09393,60
2024.01.02,02:08:00,1.09396,1.09403,1.09387,1.09390,60
2024.01.02,02:09:00,1.09390,1.09394,1.09370,1.09371,60
2024.01.02,02:10:00,1.09369,1.09369,1.09349,1.09349,60
2024.01.02,02:11:00,1.09348,1.09349,1.09320,1.09320,60
2024.01.02,02:12:00,1.09318,1.09324,1.09286,1.09286,60
2024.01.02,02:13:00,1.09284,1.09284,1.09265,1.09267,60
2024.01.02,02:14:00,1.09267,1.09268,1.09256,1.09258,60
2024.01.02,02:15:00,1.09262,1.09262,1.09230,1.09230,60
2024.01.02,02:16:00,1.09227,1.09235,1.09217,1.09224,60
2024.01.02,02:17:00,1.09225,1.09236,1.09224,1.09230,60
2024.01.02,02:18:00,1.09232,1.09234,1.09210,1.09219,60
2024.01.02,02:19:00,1.09218,1.09222,1.09193,1.09201,60
2024.01.02,02:20:00,1.09201,1.09203,1.09190,1.09190,60
2024.01.02,02:21:00,1.09190,1.09209,1.09185,1.09206,60
2024.01.02,02:22:00,1.09207,1.09208,1.09189,1.09190,60
2024.01.02,02:23:00,1.09189,1.09197,1.09175,1.09175,60
2024.01.02,02:24:00,1.09176,1.09178,1.09151,1.09151,60
2024.01.02,02:25:00,1.09149,1.09150,1.09138,1.09146,60
2024.01.02,02:26:00,1.09143,1.09148,1.09132,1.09140,60
2024.01.02,02:27:00,1.09142,1.09142,1.09116,1.09116,60
2024.01.02,02:28:00,1.09115,1.09115,1.09079,1.09079,60
2024.01.02,02:29:00,1.09080,1.09083,1.09058,1.09066,60
2024.01.02,02:30:00,1.09061,1.09061,1.09038,1.09043,60
2024.01.02,02:31:00,1.09041,1.09042,1.09003,1.09013,60
2024.01.02,02:32:00,1.09015,1.09015,1.08992,1.08993,60
2024.01.02,02:33:00,1.08992,1.08997,1.08986,1.08986,60
2024.01.02,02:34:00,1.08986,1.08987,1.08966,1.08966,60
2024.01.02,02:35:00,1.08968,1.08968,1.08945,1.08946,60
2024.01.02,02:36:00,1.08948,1.08961,1.08933,1.08933,60
2024.01.02,02:37:00,1.08932,1.08941,1.08923,1.08923,60
2024.01.02,02:38:00,1.08922,1.08926,1.08893,1.08895,60
2024.01.02,02:39:00,1.08893,1.08897,1.08880,1.08882,60
2024.01.02,02:40:00,1.08882,1.08887,1.08850,1.08850,60
2024.01.02,02:41:00,1.08852,1.08852,1.08833,1.08849,60
2024.01.02,02:42:00,1.08847,1.08851,1.08839,1.08848,60
2024.01.02,02:43:00,1.08847,1.08847,1.08815,1.08815,60
2024.01.02,02:44:00,1.08819,1.08826,1.08806,1.08806,60
2024.01.02,02:45:00,1.08803,1.08812,1.08796,1.08797,60
2024.01.02,02:46:00,1.08795,1.08798,1.08787,1.08791,60
2024.01.02,02:47:00,1.08791,1.08791,1.08776,1.08780,60
2024.01.02,02:48:00,1.08778,1.08782,1.08759,1.08759,60
2024.01.02,02:49:00,1.08761,1.08769,1.08745,1.08745,60
2024.01.02,02:50:00,1.08743,1.08745,1.08727,1.08740,60
2024.01.02,02:51:00,1.08742,1.08747,1.08710,1.08711,60
2024.01.02,02:52:00,1.08710,1.08712,1.08683,1.08684,60
2024.01.02,02:53:00,1.08683,1.08694,1.08679,1.08690,60
2024.01.02,02:54:00,1.08691,1.08697,1.08679,1.08679,60
2024.01.02,02:55:00,1.08680,1.08681,1.08660,1.08660,60
2024.01.02,02:56:00,1.08661,1.08666,1.08641,1.08641,60
2024.01.02,02:57:00,1.08641,1.08645,1.08632,1.08637,60
2024.01.02,02:58:00,1.08637,1.08637,1.08608,1.08609,60
2024.01.02,02:59:00,1.08608,1.08611,1.08582,1.08585,60
2024.01.02,03:00:00,1.08584,1.08587,1.08576,1.08581,60
2024.01.02,03:01:00,1.08579,1.08586,1.08558,1.08561,60
2024.01.02,03:02:00,1.08562,1.08563,1.08536,1.08550,60
2024.01.02,03:03:00,1.08551,1.08555,1.08538,1.08539,60
2024.01.02,03:04:00,1.08538,1.08541,1.08512,1.08514,60
2024.01.02,03:05:00,1.08515,1.08516,1.08500,1.08510,60
2024.01.02,03:06:00,1.08509,1.08518,1.08496,1.08505,60
2024.01.02,03:07:00,1.08503,1.08503,1.08475,1.08475,60
2024.01.02,03:08:00,1.08476,1.08476,1.08447,1.08449,60
2024.01.02,03:09:00,1.08447,1.08448,1.08424,1.08425,60
2024.01.02,03:10:00,1.08426,1.08429,1.08410,1.08410,60
2024.01.02,03:11:00,1.08408,1.08414,1.08400,1.08402,60
2024.01.02,03:12:00,1.08402,1.08406,1.08385,1.08389,60
2024.01.02,03:13:00,1.08388,1.08389,1.08375,1.08389,60
2024.01.02,03:14:00,1.08388,1.08390,1.08362,1.08363,60
2024.01.02,03:15:00,1.08362,1.08362,1.08335,1.08335,60
2024.01.02,03:16:00,1.08336,1.08338,1.08322,1.08323,60
2024.01.02,03:17:00,1.08322,1.08322,1.08297,1.08305,60
2024.01.02,03:18:00,1.08306,1.08316,1.08296,1.08297,60
2024.01.02,03:19:00,1.08296,1.08299,1.08278,1.08278,60
2024.01.02,03:20:00,1.08278,1.08288,1.08276,1.08279,60
2024.01.02,03:21:00,1.08278,1.08278,1.08267,1.08269,60
2024.01.02,03:22:00,1.08269,1.08277,1.08260,1.08261,60
2024.01.02,03:23:00,1.08260,1.08263,1.08240,1.08246,60
2024.01.02,03:24:00,1.08249,1.08257,1.08238,1.08242,60
2024.01.02,03:25:00,1.08242,1.08242,1.08209,1.08218,60
2024.01.02,03:26:00,1.08216,1.08216,1.08200,1.08206,60
2024.01.02,03:27:00,1.08205,1.08211,1.08197,1.08211,60
2024.01.02,03:28:00,1.08216,1.08226,1.08199,1.08204,60
2024.01.02,03:29:00,1.08202,1.08202,1.08186,1.08186,60
2024.01.02,03:30:00,1.08185,1.08185,1.08153,1.08161,60
2024.01.02,03:31:00,1.08159,1.08166,1.08152,1.08154,60
2024.01.02,03:32:00,1.08154,1.08154,1.08115,1.08116,60
2024.01.02,03:33:00,1.08118,1.08119,1.08086,1.08097,60
2024.01.02,03:34:00,1.08097,1.08100,1.08090,1.08091,60
2024.01.02,03:35:00,1.08090,1.08091,1.08062,1.08064,60
2024.01.02,03:36:00,1.08064,1.08070,1.08052,1.08055,60
2024.01.02,03:37:00,1.08054,1.08055,1.08040,1.08046,60
2024.01.02,03:38:00,1.08044,1.08052,1.08032,1.08033,60
2024.01.02,03:39:00,1.08032,1.08034,1.08008,1.08008,60
2024.01.02,03:40:00,1.08008,1.08012,1.07989,1.07990,60
2024.01.02,03:41:00,1.07990,1.08008,1.07989,1.07990,60
2024.01.02,03:42:00,1.07991,1.07995,1.07983,1.07987,60
2024.01.02,03:43:00,1.07987,1.08000,1.07982,1.07983,60
2024.01.02,03:44:00,1.07982,1.07985,1.07971,1.07971,60
2024.01.02,03:45:00,1.07972,1.07976,1.07952,1.07952,60
2024.01.02,03:46:00,1.07952,1.07952,1.07933,1.07936,60
2024.01.02,03:47:00,1.07936,1.07936,1.07909,1.07909,60
2024.01.02,03:48:00,1.07907,1.07911,1.07895,1.07900,60
2024.01.02,03:49:00,1.07901,1.07912,1.07899,1.07907,60
2024.01.02,03:50:00,1.07907,1.07907,1.07869,1.07870,60
2024.01.02,03:51:00,1.07873,1.07873,1.07857,1.07864,60
2024.01.02,03:52:00,1.07863,1.07864,1.07850,1.07851,60
2024.01.02,03:53:00,1.07854,1.07861,1.07828,1.07832,60
2024.01.02,03:54:00,1.07834,1.07835,1.07817,1.07819,60
2024.01.02,03:55:00,1.07818,1.07822,1.07807,1.07810,60
2024.01.02,03:56:00,1.07808,1.07808,1.07792,1.07800,60
2024.01.02,03:57:00,1.07801,1.07813,1.07797,1.07801,60
2024.01.02,03:58:00,1.07800,1.07802,1.07789,1.07790,60
2024.01.02,03:59:00,1.07788,1.07800,1.07784,1.07794,60
2024.01.02,04:00:00,1.07794,1.07794,1.07777,1.07781,60
2024.01.02,04:01:00,1.07780,1.07791,1.07777,1.07786,60
2024.01.02,04:02:00,1.07788,1.07799,1.07786,1.07786,60
2024.01.02,04:03:00,1.07785,1.07791,1.07780,1.07786,60
2024.01.02,04:04:00,1.07786,1.07795,1.07771,1.07776,60
2024.01.02,04:05:00,1.07778,1.07780,1.07758,1.07759,60
2024.01.02,04:06:00,1.07758,1.07761,1.07747,1.07752,60
2024.01.02,04:07:00,1.07751,1.07753,1.07737,1.07742,60
2024.01.02,04:08:00,1.07742,1.07742,1.07704,1.07707,60
2024.01.02,04:09:00,1.07707,1.07713,1.07700,1.07703,60
2024.01.02,04:10:00,1.07703,1.07709,1.07696,1.07703,60
2024.01.02,04:11:00,1.07700,1.07702,1.07685,1.07692,60
2024.01.02,04:12:00,1.07691,1.07696,1.07666,1.07669,60
2024.01.02,04:13:00,1.07668,1.07681,1.07662,1.07668,60
2024.01.02,04:14:00,1.07667,1.07672,1.07656,1.07658,60
2024.01.02,04:15:00,1.07660,1.07661,1.07636,1.07637,60
2024.01.02,04:16:00,1.07636,1.07636,1.07609,1.07612,60
2024.01.02,04:17:00,1.07611,1.07611,1.07594,1.07598,60
2024.01.02,04:18:00,1.07599,1.07607,1.07596,1.07596,60
2024.01.02,04:19:00,1.07596,1.07604,1.07583,1.07583,60
2024.01.02,04:20:00,1.07581,1.07584,1.07554,1.07558,60
2024.01.02,04:21:00,1.07559,1.07560,1.07526,1.07527,60
2024.01.02,04:22:00,1.07527,1.07531,1.07503,1.07503,60
2024.01.02,04:23:00,1.07501,1.07501,1.07474,1.07474,60
2024.01.02,04:24:00,1.07475,1.07476,1.07457,1.07457,60
2024.01.02,04:25:00,1.07459,1.07459,1.07435,1.07435,60
2024.01.02,04:26:00,1.07434,1.07435,1.07418,1.07422,60
2024.01.02,04:27:00,1.07425,1.07425,1.07401,1.07404,60
2024.01.02,04:28:00,1.07407,1.07408,1.07382,1.07382,60
2024.01.02,04:29:00,1.07381,1.07381,1.07333,1.07336,60
2024.01.02,04:30:00,1.07337,1.07344,1.07322,1.07322,60
2024.01.02,04:31:00,1.07323,1.07323,1.07306,1.07308,60
2024.01.02,04:32:00,1.07307,1.07312,1.07295,1.07296,60
2024.01.02,04:33:00,1.07297,1.07297,1.07269,1.07269,60
2024.01.02,04:34:00,1.07269,1.07271,1.07226,1.07226,60
2024.01.02,04:35:00,1.07223,1.07228,1.07216,1.07225,60
2024.01.02,04:36:00,1.07224,1.07233,1.07214,1.07229,60
2024.01.02,04:37:00,1.07228,1.07230,1.07209,1.07211,60
2024.01.02,04:38:00,1.07211,1.07214,1.07201,1.07205,60
2024.01.02,04:39:00,1.07203,1.07204,1.07177,1.07179,60
2024.01.02,04:40:00,1.07180,1.07183,1.07171,1.07180,60
2024.01.02,04:41:00,1.07181,1.07181,1.07162,1.07165,60
2024.01.02,04:42:00,1.07165,1.07173,1.07151,1.07151,60
2024.01.02,04:43:00,1.07152,1.07152,1.07117,1.07123,60
2024.01.02,04:44:00,1.07128,1.07129,1.07109,1.07112,60
2024.01.02,04:45:00,1.07113,1.07113,1.07084,1.07090,60
2024.01.02,04:46:00,1.07092,1.07112,1.07086,1.07112,60
2024.01.02,04:47:00,1.07115,1.07122,1.07114,1.07114,60
2024.01.02,04:48:00,1.07114,1.07120,1.07102,1.07102,60
2024.01.02,04:49:00,1.07102,1.07107,1.07087,1.07093,60
2024.01.02,04:50:00,1.07091,1.07103,1.07080,1.07083,60
2024.01.02,04:51:00,1.07083,1.07083,1.07051,1.07056,60
2024.01.02,04:52:00,1.07056,1.07061,1.07027,1.07031,60
2024.01.02,04:53:00,1.07033,1.07034,1.06997,1.06998,60
2024.01.02,04:54:00,1.06997,1.06997,1.06977,1.06985,60
2024.01.02,04:55:00,1.06984,1.06985,1.06950,1.06950,60
2024.01.02,04:56:00,1.06949,1.06949,1.06916,1.06927,60
2024.01.02,04:57:00,1.06929,1.06931,1.06891,1.06891,60
2024.01.02,04:58:00,1.06889,1.06892,1.06868,1.06871,60
2024.01.02,04:59:00,1.06869,1.06874,1.06862,1.06866,60
2024.01.02,05:00:00,1.06864,1.06866,1.06843,1.06846,60
2024.01.02,05:01:00,1.06845,1.06846,1.06824,1.06824,60
2024.01.02,05:02:00,1.06823,1.06823,1.06784,1.06784,60
2024.01.02,05:03:00,1.06784,1.06791,1.06780,1.06786,60
2024.01.02,05:04:00,1.06783,1.06783,1.06769,1.06771,60
2024.01.02,05:05:00,1.06771,1.06771,1.06752,1.06756,60
2024.01.02,05:06:00,1.06755,1.06756,1.06724,1.06724,60
2024.01.02,05:07:00,1.06724,1.06724,1.06708,1.06708,60
2024.01.02,05:08:00,1.06707,1.06709,1.06692,1.06692,60
2024.01.02,05:09:00,1.06693,1.06697,1.06671,1.06671,60
2024.01.02,05:10:00,1.06670,1.06671,1.06651,1.06651,60
2024.01.02,05:11:00,1.06650,1.06654,1.06637,1.06639,60
2024.01.02,05:12:00,1.06638,1.06641,1.06631,1.06637,60
2024.01.02,05:13:00,1.06637,1.06641,1.06622,1.06623,60
2024.01.02,05:14:00,1.06622,1.06636,1.06619,1.06630,60
2024.01.02,05:15:00,1.06631,1.06644,1.06622,1.06627,60
2024.01.02,05:16:00,1.06628,1.06628,1.06613,1.06615,60
2024.01.02,05:17:00,1.06616,1.06627,1.06614,1.06624,60
2024.01.02,05:18:00,1.06626,1.06631,1.06615,1.06626,60
2024.01.02,05:19:00,1.06626,1.06635,1.06615,1.06620,60
2024.01.02,05:20:00,1.06621,1.06626,1.06615,1.06624,60
2024.01.02,05:21:00,1.06622,1.06628,1.06610,1.06611,60
2024.01.02,05:22:00,1.06611,1.06626,1.06611,1.06620,60
2024.01.02,05:23:00,1.06620,1.06629,1.06611,1.06619,60
2024.01.02,05:24:00,1.06621,1.06629,1.06609,1.06621,60
2024.01.02,05:25:00,1.06619,1.06632,1.06618,1.06618,60
2024.01.02,05:26:00,1.06614,1.06626,1.06614,1.06623,60
2024.01.02,05:27:00,1.06623,1.06627,1.06615,1.06625,60
2024.01.02,05:28:00,1.06626,1.06632,1.06619,1.06621,60
2024.01.02,05:29:00,1.06621,1.06621,1.06608,1.06618,60
2024.01.02,05:30:00,1.06617,1.06626,1.06613,1.06619,60
2024.01.02,05:31:00,1.06619,1.06626,1.06614,1.06620,60
2024.01.02,05:32:00,1.06620,1.06629,1.06615,1.06628,60
2024.01.02,05:33:00,1.06625,1.06627,1.06612,1.06612,60
2024.01.02,05:34:00,1.06611,1.06629,1.06610,1.06626,60
2024.01.02,05:35:00,1.06627,1.06630,1.06618,1.06622,60
2024.01.02,05:36:00,1.06623,1.06629,1.06617,1.06618,60
2024.01.02,05:37:00,1.06617,1.06625,1.06615,1.06625,60
2024.01.02,05:38:00,1.06627,1.06631,1.06619,1.06627,60
2024.01.02,05:39:00,1.06624,1.06629,1.06618,1.06619,60
2024.01.02,05:40:00,1.06621,1.06636,1.06619,1.06619,60
2024.01.02,05:41:00,1.06619,1.06634,1.06613,1.06613,60
2024.01.02,05:42:00,1.06614,1.06630,1.06612,1.06624,60
2024.01.02,05:43:00,1.06622,1.06628,1.06608,1.06611,60
2024.01.02,05:44:00,1.06609,1.06628,1.06609,1.06623,60
2024.01.02,05:45:00,1.06624,1.06626,1.06617,1.06626,60
2024.01.02,05:46:00,1.06626,1.06627,1.06616,1.06625,60
2024.01.02,05:47:00,1.06622,1.06630,1.06619,1.06627,60
2024.01.02,05:48:00,1.06627,1.06631,1.06623,1.06628,60
2024.01.02,05:49:00,1.06628,1.06628,1.06611,1.06615,60
2024.01.02,05:50:00,1.06617,1.06629,1.06614,1.06618,60
2024.01.02,05:51:00,1.06618,1.06628,1.06613,1.06627,60
2024.01.02,05:52:00,1.06625,1.06639,1.06617,1.06625,60
2024.01.02,05:53:00,1.06626,1.06635,1.06620,1.06627,60
2024.01.02,05:54:00,1.06628,1.06633,1.06619,1.06626,60
2024.01.02,05:55:00,1.06627,1.06631,1.06622,1.06627,60
2024.01.02,05:56:00,1.06630,1.06632,1.06619,1.06626,60
2024.01.02,05:57:00,1.06624,1.06629,1.06615,1.06615,60
2024.01.02,05:58:00,1.06617,1.06630,1.06613,1.06623,60
2024.01.02,05:59:00,1.06624,1.06639,1.06623,1.06635,60
2024.01.02,06:00:00,1.06633,1.06636,1.06623,1.06628,60
2024.01.02,06:01:00,1.06626,1.06635,1.06620,1.06626,60
2024.01.02,06:02:00,1.06625,1.06634,1.06614,1.06627,60
2024.01.02,06:03:00,1.06626,1.06635,1.06622,1.06632,60
2024.01.02,06:04:00,1.06630,1.06639,1.06622,1.06636,60
2024.01.02,06:05:00,1.06633,1.06638,1.06620,1.06625,60
2024.01.02,06:06:00,1.06625,1.06633,1.06620,1.06627,60
2024.01.02,06:07:00,1.06627,1.06632,1.06614,1.06622,60
2024.01.02,06:08:00,1.06623,1.06634,1.06611,1.06611,60
2024.01.02,06:09:00,1.06612,1.06631,1.06612,1.06625,60
2024.01.02,06:10:00,1.06623,1.06628,1.06612,1.06623,60
2024.01.02,06:11:00,1.06623,1.06641,1.06620,1.06634,60
2024.01.02,06:12:00,1.06636,1.06641,1.06630,1.06631,60
2024.01.02,06:13:00,1.06632,1.06640,1.06626,1.06634,60
2024.01.02,06:14:00,1.06634,1.06640,1.06626,1.06628,60
2024.01.02,06:15:00,1.06631,1.06638,1.06624,1.06626,60
2024.01.02,06:16:00,1.06625,1.06631,1.06619,1.06626,60
2024.01.02,06:17:00,1.06627,1.06642,1.06619,1.06623,60
2024.01.02,06:18:00,1.06623,1.06636,1.06618,1.06635,60
2024.01.02,06:19:00,1.06634,1.06639,1.06624,1.06631,60
2024.01.02,06:20:00,1.06631,1.06638,1.06629,1.06629,60
2024.01.02,06:21:00,1.06628,1.06639,1.06625,1.06637,60
2024.01.02,06:22:00,1.06636,1.06643,1.06631,1.06633,60
2024.01.02,06:23:00,1.06631,1.06632,1.06624,1.06628,60
2024.01.02,06:24:00,1.06626,1.06635,1.06626,1.06629,60
2024.01.02,06:25:00,1.06632,1.06632,1.06625,1.06629,60
2024.01.02,06:26:00,1.06629,1.06632,1.06617,1.06626,60
2024.01.02,06:27:00,1.06625,1.06638,1.06624,1.06628,60
2024.01.02,06:28:00,1.06632,1.06635,1.06621,1.06621,60
2024.01.02,06:29:00,1.06624,1.06633,1.06621,1.06630,60
2024.01.02,06:30:00,1.06628,1.06638,1.06625,1.06636,60
2024.01.02,06:31:00,1.06636,1.06636,1.06618,1.06630,60
2024.01.02,06:32:00,1.06630,1.06633,1.06622,1.06626,60
2024.01.02,06:33:00,1.06627,1.06633,1.06620,1.06627,60
2024.01.02,06:34:00,1.06631,1.06640,1.06621,1.06622,60
2024.01.02,06:35:00,1.06621,1.06632,1.06621,1.06629,60
2024.01.02,06:36:00,1.06630,1.06631,1.06619,1.06619,60
2024.01.02,06:37:00,1.06621,1.06649,1.06617,1.06647,60
2024.01.02,06:38:00,1.06647,1.06668,1.06646,1.06659,60
2024.01.02,06:39:00,1.06657,1.06672,1.06657,1.06667,60
2024.01.02,06:40:00,1.06668,1.06700,1.06668,1.06698,60
2024.01.02,06:41:00,1.06700,1.06722,1.06698,1.06721,60
2024.01.02,06:42:00,1.06720,1.06737,1.06719,1.06729,60
2024.01.02,06:43:00,1.06729,1.06761,1.06729,1.06761,60
2024.01.02,06:44:00,1.06758,1.06777,1.06758,1.06772,60
2024.01.02,06:45:00,1.06774,1.06785,1.06773,1.06784,60
2024.01.02,06:46:00,1.06784,1.06797,1.06784,1.06790,60
2024.01.02,06:47:00,1.06790,1.06797,1.06784,1.06790,60
2024.01.02,06:48:00,1.06794,1.06801,1.06786,1.06801,60
2024.01.02,06:49:00,1.06800,1.06823,1.06795,1.06823,60
2024.01.02,06:50:00,1.06823,1.06843,1.06823,1.06843,60
2024.01.02,06:51:00,1.06846,1.06863,1.06842,1.06860,60
2024.01.02,06:52:00,1.06862,1.06881,1.06860,1.06878,60
2024.01.02,06:53:00,1.06877,1.06886,1.06874,1.06880,60
2024.01.02,06:54:00,1.06879,1.06902,1.06870,1.06902,60
2024.01.02,06:55:00,1.06900,1.06911,1.06897,1.06909,60
2024.01.02,06:56:00,1.06910,1.06926,1.06898,1.06924,60
2024.01.02,06:57:00,1.06924,1.06951,1.06924,1.06950,60
2024.01.02,06:58:00,1.06950,1.06957,1.06941,1.06941,60
2024.01.02,06:59:00,1.06941,1.06955,1.06938,1.06950,60
2024.01.02,07:00:00,1.06948,1.06955,1.06942,1.06955,60
2024.01.02,07:01:00,1.06956,1.06983,1.06954,1.06983,60
2024.01.02,07:02:00,1.06983,1.06991,1.06976,1.06983,60
2024.01.02,07:03:00,1.06982,1.06999,1.06981,1.06994,60
2024.01.02,07:04:00,1.06995,1.07008,1.06991,1.07007,60
2024.01.02,07:05:00,1.07007,1.07025,1.07007,1.07021,60
2024.01.02,07:06:00,1.07023,1.07049,1.07023,1.07042,60
2024.01.02,07:07:00,1.07042,1.07072,1.07042,1.07072,60
2024.01.02,07:08:00,1.07073,1.07114,1.07073,1.07109,60
2024.01.02,07:09:00,1.07109,1.07116,1.07102,1.07108,60
2024.01.02,07:10:00,1.07109,1.07135,1.07109,1.07128,60
2024.01.02,07:11:00,1.07127,1.07148,1.07127,1.07148,60
2024.01.02,07:12:00,1.07147,1.07161,1.07147,1.07154,60
2024.01.02,07:13:00,1.07154,1.07184,1.07154,1.07179,60
2024.01.02,07:14:00,1.07182,1.07199,1.07181,1.07195,60
2024.01.02,07:15:00,1.07196,1.07233,1.07196,1.07231,60
2024.01.02,07:16:00,1.07233,1.07263,1.07228,1.07260,60
2024.01.02,07:17:00,1.07262,1.07304,1.07262,1.07304,60
2024.01.02,07:18:00,1.07302,1.07311,1.07299,1.07308,60
2024.01.02,07:19:00,1.07307,1.07316,1.07301,1.07307,60
2024.01.02,07:20:00,1.07303,1.07303,1.07284,1.07286,60
2024.01.02,07:21:00,1.07289,1.07294,1.07286,1.07289,60
2024.01.02,07:22:00,1.07293,1.07310,1.07290,1.07306,60
2024.01.02,07:23:00,1.07306,1.07319,1.07301,1.07312,60
2024.01.02,07:24:00,1.07314,1.07334,1.07308,1.07329,60
2024.01.02,07:25:00,1.07329,1.07337,1.07315,1.07337,60
2024.01.02,07:26:00,1.07339,1.07364,1.07336,1.07363,60
2024.01.02,07:27:00,1.07362,1.07382,1.07357,1.07380,60
2024.01.02,07:28:00,1.07380,1.07404,1.07379,1.07397,60
2024.01.02,07:29:00,1.07398,1.07405,1.07390,1.07401,60
2024.01.02,07:30:00,1.07399,1.07417,1.07397,1.07417,60
2024.01.02,07:31:00,1.07416,1.07432,1.07411,1.07431,60
2024.01.02,07:32:00,1.07430,1.07464,1.07429,1.07463,60
2024.01.02,07:33:00,1.07465,1.07482,1.07458,1.07482,60
2024.01.02,07:34:00,1.07482,1.07518,1.07480,1.07518,60
2024.01.02,07:35:00,1.07517,1.07527,1.07513,1.07513,60
2024.01.02,07:36:00,1.07510,1.07513,1.07498,1.07513,60
2024.01.02,07:37:00,1.07511,1.07536,1.07510,1.07536,60
2024.01.02,07:38:00,1.07536,1.07536,1.07517,1.07533,60
2024.01.02,07:39:00,1.07534,1.07546,1.07526,1.07545,60
2024.01.02,07:40:00,1.07547,1.07563,1.07547,1.07563,60
2024.01.02,07:41:00,1.07563,1.07575,1.07560,1.07566,60
2024.01.02,07:42:00,1.07563,1.07563,1.07542,1.07548,60
2024.01.02,07:43:00,1.07545,1.07548,1.07498,1.07502,60
2024.01.02,07:44:00,1.07501,1.07501,1.07470,1.07470,60
2024.01.02,07:45:00,1.07467,1.07468,1.07452,1.07452,60
2024.01.02,07:46:00,1.07452,1.07457,1.07440,1.07440,60
2024.01.02,07:47:00,1.07441,1.07441,1.07413,1.07420,60
2024.01.02,07:48:00,1.07417,1.07417,1.07394,1.07394,60
2024.01.02,07:49:00,1.07392,1.07394,1.07381,1.07389,60
2024.01.02,07:50:00,1.07388,1.07390,1.07367,1.07371,60
2024.01.02,07:51:00,1.07371,1.07371,1.07347,1.07350,60
2024.01.02,07:52:00,1.07347,1.07351,1.07320,1.07320,60
2024.01.02,07:53:00,1.07320,1.07320,1.07297,1.07305,60
2024.01.02,07:54:00,1.07304,1.07306,1.07292,1.07295,60
2024.01.02,07:55:00,1.07295,1.07295,1.07265,1.07267,60
2024.01.02,07:56:00,1.07267,1.07285,1.07264,1.07267,60
2024.01.02,07:57:00,1.07267,1.07273,1.07260,1.07265,60
2024.01.02,07:58:00,1.07263,1.07267,1.07236,1.07241,60
2024.01.02,07:59:00,1.07240,1.07246,1.07234,1.07241,60
2024.01.02,08:00:00,1.07240,1.07242,1.07208,1.07208,60
2024.01.02,08:01:00,1.07205,1.07208,1.07176,1.07180,60
2024.01.02,08:02:00,1.07181,1.07191,1.07176,1.07182,60
2024.01.02,08:03:00,1.07180,1.07188,1.07165,1.07166,60
2024.01.02,08:04:00,1.07166,1.07173,1.07141,1.07147,60
2024.01.02,08:05:00,1.07149,1.07156,1.07130,1.07130,60
2024.01.02,08:06:00,1.07128,1.07128,1.07098,1.07098,60
2024.01.02,08:07:00,1.07099,1.07099,1.07077,1.07077,60
2024.01.02,08:08:00,1.07076,1.07076,1.07056,1.07062,60
2024.01.02,08:09:00,1.07061,1.07064,1.07052,1.07057,60
2024.01.02,08:10:00,1.07057,1.07080,1.07055,1.07079,60
2024.01.02,08:11:00,1.07079,1.07081,1.07048,1.07048,60
2024.01.02,08:12:00,1.07048,1.07059,1.07041,1.07059,60
2024.01.02,08:13:00,1.07056,1.07057,1.07017,1.07017,60
2024.01.02,08:14:00,1.07016,1.07018,1.06992,1.06993,60
2024.01.02,08:15:00,1.06993,1.06996,1.06965,1.06965,60
2024.01.02,08:16:00,1.06966,1.06967,1.06949,1.06958,60
2024.01.02,08:17:00,1.06959,1.06974,1.06950,1.06968,60
2024.01.02,08:18:00,1.06965,1.06967,1.06953,1.06960,60
2024.01.02,08:19:00,1.06964,1.06974,1.06959,1.06965,60
2024.01.02,08:20:00,1.06965,1.06965,1.06938,1.06941,60
2024.01.02,08:21:00,1.06943,1.06943,1.06924,1.06924,60
2024.01.02,08:22:00,1.06926,1.06926,1.06907,1.06910,60
2024.01.02,08:23:00,1.06909,1.06911,1.06895,1.06899,60
2024.01.02,08:24:00,1.06900,1.06900,1.06876,1.06878,60
2024.01.02,08:25:00,1.06879,1.06882,1.06866,1.06871,60
2024.01.02,08:26:00,1.06869,1.06872,1.06852,1.06855,60
2024.01.02,08:27:00,1.06854,1.06856,1.06834,1.06838,60
2024.01.02,08:28:00,1.06840,1.06841,1.06813,1.06820,60
2024.01.02,08:29:00,1.06821,1.06834,1.06820,1.06833,60
2024.01.02,08:30:00,1.06831,1.06831,1.06802,1.06806,60
2024.01.02,08:31:00,1.06808,1.06815,1.06795,1.06795,60
2024.01.02,08:32:00,1.06793,1.06805,1.06793,1.06804,60
2024.01.02,08:33:00,1.06806,1.06806,1.06794,1.06801,60
2024.01.02,08:34:00,1.06798,1.06803,1.06795,1.06797,60
2024.01.02,08:35:00,1.06799,1.06806,1.06794,1.06801,60
2024.01.02,08:36:00,1.06802,1.06816,1.06800,1.06804,60
2024.01.02,08:37:00,1.06803,1.06815,1.06797,1.06798,60
2024.01.02,08:38:00,1.06798,1.06805,1.06792,1.06800,60
2024.01.02,08:39:00,1.06802,1.06806,1.06797,1.06798,60
2024.01.02,08:40:00,1.06797,1.06803,1.06794,1.06797,60
2024.01.02,08:41:00,1.06799,1.06804,1.06793,1.06799,60
2024.01.02,08:42:00,1.06800,1.06811,1.06796,1.06807,60
2024.01.02,08:43:00,1.06809,1.06811,1.06795,1.06799,60
2024.01.02,08:44:00,1.06799,1.06807,1.06787,1.06797,60
2024.01.02,08:45:00,1.06794,1.06806,1.06794,1.06804,60
2024.01.02,08:46:00,1.06804,1.06812,1.06802,1.06810,60
2024.01.02,08:47:00,1.06810,1.06810,1.06796,1.06796,60
2024.01.02,08:48:00,1.06793,1.06817,1.06793,1.06803,60
2024.01.02,08:49:00,1.06804,1.06812,1.06799,1.06801,60
2024.01.02,08:50:00,1.06801,1.06809,1.06795,1.06809,60
2024.01.02,08:51:00,1.06809,1.06818,1.06804,1.06809,60
2024.01.02,08:52:00,1.06810,1.06810,1.06796,1.06797,60
2024.01.02,08:53:00,1.06798,1.06806,1.06793,1.06800,60
2024.01.02,08:54:00,1.06800,1.06804,1.06795,1.06801,60
2024.01.02,08:55:00,1.06801,1.06805,1.06792,1.06801,60
2024.01.02,08:56:00,1.06800,1.06808,1.06791,1.06795,60
2024.01.02,08:57:00,1.06795,1.06806,1.06792,1.06800,60
2024.01.02,08:58:00,1.06800,1.06814,1.06800,1.06806,60
2024.01.02,08:59:00,1.06804,1.06815,1.06801,1.06806,60
2024.01.02,09:00:00,1.06803,1.06808,1.06791,1.06791,60
2024.01.02,09:01:00,1.06792,1.06792,1.06774,1.06774,60
2024.01.02,09:02:00,1.06772,1.06772,1.06741,1.06741,60
2024.01.02,09:03:00,1.06742,1.06743,1.06718,1.06718,60
2024.01.02,09:04:00,1.06718,1.06718,1.06682,1.06685,60
2024.01.02,09:05:00,1.06686,1.06687,1.06668,1.06669,60
2024.01.02,09:06:00,1.06670,1.06670,1.06652,1.06653,60
2024.01.02,09:07:00,1.06653,1.06654,1.06606,1.06612,60
2024.01.02,09:08:00,1.06611,1.06612,1.06589,1.06599,60
2024.01.02,09:09:00,1.06600,1.06602,1.06583,1.06583,60
2024.01.02,09:10:00,1.06580,1.06588,1.06576,1.06583,60
2024.01.02,09:11:00,1.06582,1.06598,1.06577,1.06587,60
2024.01.02,09:12:00,1.06589,1.06592,1.06569,1.06571,60
2024.01.02,09:13:00,1.06568,1.06568,1.06544,1.06552,60
2024.01.02,09:14:00,1.06549,1.06556,1.06535,1.06535,60
2024.01.02,09:15:00,1.06533,1.06535,1.06524,1.06524,60
2024.01.02,09:16:00,1.06523,1.06528,1.06508,1.06508,60
2024.01.02,09:17:00,1.06507,1.06507,1.06486,1.06503,60
2024.01.02,09:18:00,1.06503,1.06512,1.06492,1.06498,60
2024.01.02,09:19:00,1.06497,1.06503,1.06469,1.06470,60
2024.01.02,09:20:00,1.06469,1.06482,1.06464,1.06469,60
2024.01.02,09:21:00,1.06471,1.06479,1.06467,1.06467,60
2024.01.02,09:22:00,1.06468,1.06471,1.06448,1.06448,60
2024.01.02,09:23:00,1.06449,1.06453,1.06437,1.06438,60
2024.01.02,09:24:00,1.06438,1.06438,1.06418,1.06435,60
2024.01.02,09:25:00,1.06434,1.06448,1.06434,1.06448,60
2024.01.02,09:26:00,1.06447,1.06469,1.06446,1.06465,60
2024.01.02,09:27:00,1.06468,1.06478,1.06467,1.06470,60
2024.01.02,09:28:00,1.06470,1.06472,1.06459,1.06466,60
2024.01.02,09:29:00,1.06467,1.06470,1.06452,1.06461,60
2024.01.02,09:30:00,1.06460,1.06465,1.06432,1.06432,60
2024.01.02,09:31:00,1.06431,1.06439,1.06427,1.06427,60
2024.01.02,09:32:00,1.06426,1.06428,1.06418,1.06421,60
2024.01.02,09:33:00,1.06417,1.06417,1.06397,1.06402,60
2024.01.02,09:34:00,1.06402,1.06404,1.06376,1.06382,60
2024.01.02,09:35:00,1.06379,1.06382,1.06364,1.06365,60
2024.01.02,09:36:00,1.06364,1.06367,1.06343,1.06353,60
2024.01.02,09:37:00,1.06354,1.06374,1.06353,1.06370,60
2024.01.02,09:38:00,1.06372,1.06377,1.06362,1.06371,60
2024.01.02,09:39:00,1.06372,1.06375,1.06351,1.06358,60
2024.01.02,09:40:00,1.06360,1.06360,1.06333,1.06335,60
2024.01.02,09:41:00,1.06334,1.06339,1.06329,1.06329,60
2024.01.02,09:42:00,1.06330,1.06330,1.06308,1.06314,60
2024.01.02,09:43:00,1.06312,1.06312,1.06279,1.06281,60
2024.01.02,09:44:00,1.06279,1.06279,1.06269,1.06273,60
2024.01.02,09:45:00,1.06274,1.06280,1.06260,1.06265,60
2024.01.02,09:46:00,1.06266,1.06266,1.06236,1.06238,60
2024.01.02,09:47:00,1.06237,1.06238,1.06212,1.06217,60
2024.01.02,09:48:00,1.06219,1.06224,1.06205,1.06214,60
2024.01.02,09:49:00,1.06215,1.06225,1.06211,1.06218,60
2024.01.02,09:50:00,1.06216,1.06217,1.06203,1.06203,60
2024.01.02,09:51:00,1.06202,1.06204,1.06186,1.06190,60
2024.01.02,09:52:00,1.06189,1.06189,1.06165,1.06166,60
2024.01.02,09:53:00,1.06163,1.06163,1.06134,1.06137,60
2024.01.02,09:54:00,1.06134,1.06150,1.06134,1.06140,60
2024.01.02,09:55:00,1.06140,1.06140,1.06118,1.06121,60
2024.01.02,09:56:00,1.06122,1.06124,1.06098,1.06098,60
2024.01.02,09:57:00,1.06097,1.06099,1.06080,1.06089,60
2024.01.02,09:58:00,1.06089,1.06093,1.06070,1.06076,60
2024.01.02,09:59:00,1.06076,1.06076,1.06044,1.06044,60
2024.01.02,10:00:00,1.06044,1.06059,1.06037,1.06052,60
2024.01.02,10:01:00,1.06055,1.06055,1.06040,1.06047,60
2024.01.02,10:02:00,1.06048,1.06051,1.06032,1.06042,60
2024.01.02,10:03:00,1.06040,1.06055,1.06037,1.06047,60
2024.01.02,10:04:00,1.06046,1.06046,1.06027,1.06034,60
2024.01.02,10:05:00,1.06034,1.06040,1.06015,1.06021,60
2024.01.02,10:06:00,1.06022,1.06022,1.05985,1.05990,60
2024.01.02,10:07:00,1.05990,1.05990,1.05971,1.05973,60
2024.01.02,10:08:00,1.05973,1.05974,1.05959,1.05961,60
2024.01.02,10:09:00,1.05961,1.05970,1.05952,1.05965,60
2024.01.02,10:10:00,1.05964,1.05987,1.05960,1.05986,60
2024.01.02,10:11:00,1.05990,1.06005,1.05989,1.06004,60
2024.01.02,10:12:00,1.06005,1.06014,1.05999,1.06007,60
2024.01.02,10:13:00,1.06008,1.06012,1.05994,1.06004,60
2024.01.02,10:14:00,1.06003,1.06003,1.05988,1.05998,60
2024.01.02,10:15:00,1.05999,1.06007,1.05997,1.06000,60
2024.01.02,10:16:00,1.05998,1.06008,1.05982,1.05986,60
2024.01.02,10:17:00,1.05984,1.06016,1.05984,1.06008,60
2024.01.02,10:18:00,1.06009,1.06016,1.06002,1.06003,60
2024.01.02,10:19:00,1.06005,1.06026,1.06001,1.06026,60
2024.01.02,10:20:00,1.06025,1.06032,1.06015,1.06027,60
2024.01.02,10:21:00,1.06029,1.06063,1.06025,1.06063,60
2024.01.02,10:22:00,1.06059,1.06089,1.06058,1.06084,60
2024.01.02,10:23:00,1.06083,1.06101,1.06083,1.06088,60
2024.01.02,10:24:00,1.06087,1.06113,1.06085,1.06111,60
2024.01.02,10:25:00,1.06110,1.06146,1.06110,1.06144,60
2024.01.02,10:26:00,1.06147,1.06185,1.06147,1.06184,60
2024.01.02,10:27:00,1.06184,1.06202,1.06183,1.06200,60
2024.01.02,10:28:00,1.06200,1.06231,1.06200,1.06221,60
2024.01.02,10:29:00,1.06221,1.06241,1.06218,1.06236,60
2024.01.02,10:30:00,1.06237,1.06238,1.06227,1.06227,60
2024.01.02,10:31:00,1.06230,1.06252,1.06226,1.06252,60
2024.01.02,10:32:00,1.06254,1.06274,1.06254,1.06274,60
2024.01.02,10:33:00,1.06272,1.06303,1.06271,1.06303,60
2024.01.02,10:34:00,1.06305,1.06322,1.06302,1.06320,60
2024.01.02,10:35:00,1.06320,1.06342,1.06318,1.06342,60
2024.01.02,10:36:00,1.06342,1.06346,1.06338,1.06344,60
2024.01.02,10:37:00,1.06345,1.06372,1.06344,1.06365,60
2024.01.02,10:38:00,1.06366,1.06380,1.06366,1.06377,60
2024.01.02,10:39:00,1.06381,1.06389,1.06378,1.06387,60
2024.01.02,10:40:00,1.06388,1.06398,1.06380,1.06383,60
2024.01.02,10:41:00,1.06382,1.06396,1.06381,1.06388,60
2024.01.02,10:42:00,1.06391,1.06410,1.06386,1.06410,60
2024.01.02,10:43:00,1.06409,1.06411,1.06391,1.06391,60
2024.01.02,10:44:00,1.06393,1.06415,1.06391,1.06412,60
2024.01.02,10:45:00,1.06414,1.06429,1.06407,1.06426,60
2024.01.02,10:46:00,1.06427,1.06446,1.06421,1.06441,60
2024.01.02,10:47:00,1.06442,1.06458,1.06442,1.06451,60
2024.01.02,10:48:00,1.06449,1.06451,1.06442,1.06442,60
2024.01.02,10:49:00,1.06444,1.06444,1.06433,1.06443,60
2024.01.02,10:50:00,1.06442,1.06452,1.06431,1.06452,60
2024.01.02,10:51:00,1.06454,1.06484,1.06453,1.06482,60
2024.01.02,10:52:00,1.06481,1.06486,1.06477,1.06481,60
2024.01.02,10:53:00,1.06482,1.06488,1.06475,1.06485,60
2024.01.02,10:54:00,1.06487,1.06505,1.06485,1.06485,60
2024.01.02,10:55:00,1.06486,1.06498,1.06482,1.06496,60
2024.01.02,10:56:00,1.06493,1.06514,1.06492,1.06512,60
2024.01.02,10:57:00,1.06511,1.06524,1.06504,1.06523,60
2024.01.02,10:58:00,1.06521,1.06537,1.06521,1.06532,60
2024.01.02,10:59:00,1.06532,1.06549,1.06528,1.06545,60
2024.01.02,11:00:00,1.06547,1.06566,1.06547,1.06555,60
2024.01.02,11:01:00,1.06557,1.06582,1.06557,1.06582,60
2024.01.02,11:02:00,1.06583,1.06589,1.06574,1.06589,60
2024.01.02,11:03:00,1.06590,1.06594,1.06582,1.06591,60
2024.01.02,11:04:00,1.06591,1.06596,1.06587,1.06589,60
2024.01.02,11:05:00,1.06588,1.06595,1.06580,1.06593,60
2024.01.02,11:06:00,1.06593,1.06604,1.06590,1.06603,60
2024.01.02,11:07:00,1.06601,1.06635,1.06601,1.06635,60
2024.01.02,11:08:00,1.06635,1.06644,1.06633,1.06641,60
2024.01.02,11:09:00,1.06647,1.06653,1.06638,1.06650,60
2024.01.02,11:10:00,1.06652,1.06672,1.06649,1.06668,60
2024.01.02,11:11:00,1.06669,1.06687,1.06661,1.06683,60
2024.01.02,11:12:00,1.06684,1.06725,1.06684,1.06725,60
2024.01.02,11:13:00,1.06726,1.06740,1.06726,1.06738,60
2024.01.02,11:14:00,1.06735,1.06757,1.06735,1.06757,60
2024.01.02,11:15:00,1.06756,1.06771,1.06755,1.06766,60
2024.01.02,11:16:00,1.06762,1.06797,1.06761,1.06792,60
2024.01.02,11:17:00,1.06791,1.06802,1.06780,1.06781,60
2024.01.02,11:18:00,1.06778,1.06797,1.06777,1.06793,60
2024.01.02,11:19:00,1.06792,1.06803,1.06791,1.06797,60
2024.01.02,11:20:00,1.06798,1.06809,1.06788,1.06793,60
2024.01.02,11:21:00,1.06794,1.06804,1.06793,1.06794,60
2024.01.02,11:22:00,1.06796,1.06801,1.06786,1.06791,60
2024.01.02,11:23:00,1.06793,1.06801,1.06788,1.06796,60
2024.01.02,11:24:00,1.06794,1.06800,1.06788,1.06794,60
2024.01.02,11:25:00,1.06796,1.06801,1.06791,1.06799,60
2024.01.02,11:26:00,1.06799,1.06799,1.06785,1.06796,60
2024.01.02,11:27:00,1.06796,1.06808,1.06786,1.06789,60
2024.01.02,11:28:00,1.06792,1.06802,1.06791,1.06794,60
2024.01.02,11:29:00,1.06794,1.06799,1.06785,1.06785,60
2024.01.02,11:30:00,1.06785,1.06794,1.06784,1.06790,60
2024.01.02,11:31:00,1.06790,1.06800,1.06786,1.06795,60
2024.01.02,11:32:00,1.06795,1.06806,1.06786,1.06796,60
2024.01.02,11:33:00,1.06798,1.06802,1.06789,1.06789,60
2024.01.02,11:34:00,1.06788,1.06797,1.06786,1.06797,60
2024.01.02,11:35:00,1.06795,1.06795,1.06782,1.06782,60
2024.01.02,11:36:00,1.06783,1.06803,1.06780,1.06802,60
2024.01.02,11:37:00,1.06799,1.06803,1.06782,1.06793,60
2024.01.02,11:38:00,1.06791,1.06802,1.06785,1.06796,60
2024.01.02,11:39:00,1.06796,1.06797,1.06786,1.06789,60
2024.01.02,11:40:00,1.06788,1.06804,1.06788,1.06795,60
2024.01.02,11:41:00,1.06793,1.06801,1.06788,1.06789,60
2024.01.02,11:42:00,1.06789,1.06805,1.06787,1.06795,60
2024.01.02,11:43:00,1.06796,1.06805,1.06789,1.06804,60
2024.01.02,11:44:00,1.06801,1.06802,1.06792,1.06799,60
2024.01.02,11:45:00,1.06796,1.06801,1.06790,1.06790,60
2024.01.02,11:46:00,1.06791,1.06798,1.06782,1.06796,60
2024.01.02,11:47:00,1.06795,1.06802,1.06786,1.06786,60
2024.01.02,11:48:00,1.06786,1.06800,1.06782,1.06799,60
2024.01.02,11:49:00,1.06799,1.06806,1.06789,1.06798,60
2024.01.02,11:50:00,1.06798,1.06799,1.06787,1.06797,60
2024.01.02,11:51:00,1.06798,1.06801,1.06789,1.06789,60
2024.01.02,11:52:00,1.06792,1.06803,1.06788,1.06791,60
2024.01.02,11:53:00,1.06793,1.06803,1.06793,1.06797,60
2024.01.02,11:54:00,1.06794,1.06798,1.06784,1.06786,60
2024.01.02,11:55:00,1.06789,1.06792,1.06781,1.06791,60
2024.01.02,11:56:00,1.06791,1.06801,1.06787,1.06801,60
2024.01.02,11:57:00,1.06802,1.06802,1.06785,1.06790,60
2024.01.02,11:58:00,1.06794,1.06803,1.06789,1.06794,60
2024.01.02,11:59:00,1.06789,1.06793,1.06781,1.06787,60
2024.01.02,12:00:00,1.06788,1.06790,1.06779,1.06783,60
2024.01.02,12:01:00,1.06785,1.06802,1.06783,1.06799,60
2024.01.02,12:02:00,1.06799,1.06802,1.06790,1.06793,60
2024.01.02,12:03:00,1.06793,1.06801,1.06788,1.06800,60
2024.01.02,12:04:00,1.06802,1.06802,1.06789,1.06791,60
2024.01.02,12:05:00,1.06793,1.06805,1.06791,1.06800,60
2024.01.02,12:06:00,1.06796,1.06812,1.06785,1.06810,60
2024.01.02,12:07:00,1.06812,1.06843,1.06812,1.06843,60
2024.01.02,12:08:00,1.06843,1.06871,1.06843,1.06868,60
2024.01.02,12:09:00,1.06868,1.06881,1.06866,1.06878,60
2024.01.02,12:10:00,1.06880,1.06883,1.06865,1.06870,60
2024.01.02,12:11:00,1.06871,1.06891,1.06871,1.06891,60
2024.01.02,12:12:00,1.06893,1.06922,1.06887,1.06922,60
2024.01.02,12:13:00,1.06923,1.06933,1.06920,1.06929,60
2024.01.02,12:14:00,1.06929,1.06982,1.06928,1.06980,60
2024.01.02,12:15:00,1.06978,1.07006,1.06975,1.07002,60
2024.01.02,12:16:00,1.07003,1.07015,1.07003,1.07015,60
2024.01.02,12:17:00,1.07017,1.07037,1.07011,1.07037,60
2024.01.02,12:18:00,1.07035,1.07062,1.07031,1.07060,60
2024.01.02,12:19:00,1.07062,1.07091,1.07060,1.07089,60
2024.01.02,12:20:00,1.07089,1.07122,1.07086,1.07119,60
2024.01.02,12:21:00,1.07119,1.07130,1.07118,1.07126,60
2024.01.02,12:22:00,1.07126,1.07136,1.07120,1.07136,60
2024.01.02,12:23:00,1.07134,1.07150,1.07126,1.07147,60
2024.01.02,12:24:00,1.07148,1.07152,1.07138,1.07144,60
2024.01.02,12:25:00,1.07145,1.07150,1.07135,1.07145,60
2024.01.02,12:26:00,1.07145,1.07149,1.07141,1.07146,60
2024.01.02,12:27:00,1.07146,1.07162,1.07145,1.07159,60
2024.01.02,12:28:00,1.07160,1.07170,1.07154,1.07170,60
2024.01.02,12:29:00,1.07172,1.07190,1.07172,1.07179,60
2024.01.02,12:30:00,1.07179,1.07194,1.07179,1.07192,60
2024.01.02,12:31:00,1.07192,1.07214,1.07188,1.07211,60
2024.01.02,12:32:00,1.07212,1.07213,1.07199,1.07205,60
2024.01.02,12:33:00,1.07205,1.07221,1.07198,1.07219,60
2024.01.02,12:34:00,1.07218,1.07227,1.07217,1.07224,60
2024.01.02,12:35:00,1.07226,1.07248,1.07225,1.07248,60
2024.01.02,12:36:00,1.07249,1.07286,1.07247,1.07286,60
2024.01.02,12:37:00,1.07289,1.07316,1.07286,1.07316,60
2024.01.02,12:38:00,1.07316,1.07333,1.07314,1.07332,60
2024.01.02,12:39:00,1.07332,1.07346,1.07332,1.07343,60
2024.01.02,12:40:00,1.07342,1.07349,1.07334,1.07349,60
2024.01.02,12:41:00,1.07349,1.07371,1.07349,1.07368,60
2024.01.02,12:42:00,1.07371,1.07389,1.07370,1.07389,60
2024.01.02,12:43:00,1.07385,1.07402,1.07374,1.07400,60
2024.01.02,12:44:00,1.07401,1.07402,1.07384,1.07399,60
2024.01.02,12:45:00,1.07400,1.07410,1.07397,1.07399,60
2024.01.02,12:46:00,1.07399,1.07417,1.07396,1.07412,60
2024.01.02,12:47:00,1.07412,1.07437,1.07408,1.07433,60
2024.01.02,12:48:00,1.07436,1.07443,1.07425,1.07431,60
2024.01.02,12:49:00,1.07432,1.07455,1.07432,1.07449,60
2024.01.02,12:50:00,1.07449,1.07471,1.07449,1.07469,60
2024.01.02,12:51:00,1.07470,1.07491,1.07467,1.07491,60
2024.01.02,12:52:00,1.07491,1.07505,1.07488,1.07498,60
2024.01.02,12:53:00,1.07499,1.07511,1.07499,1.07501,60
2024.01.02,12:54:00,1.07503,1.07513,1.07499,1.07509,60
2024.01.02,12:55:00,1.07510,1.07545,1.07508,1.07545,60
2024.01.02,12:56:00,1.07548,1.07574,1.07539,1.07573,60
2024.01.02,12:57:00,1.07572,1.07572,1.07561,1.07567,60
2024.01.02,12:58:00,1.07566,1.07584,1.07566,1.07583,60
2024.01.02,12:59:00,1.07585,1.07588,1.07570,1.07574,60
2024.01.02,13:00:00,1.07577,1.07585,1.07562,1.07583,60
2024.01.02,13:01:00,1.07584,1.07594,1.07569,1.07575,60
2024.01.02,13:02:00,1.07574,1.07585,1.07566,1.07580,60
2024.01.02,13:03:00,1.07577,1.07590,1.07573,1.07590,60
2024.01.02,13:04:00,1.07592,1.07596,1.07578,1.07581,60
2024.01.02,13:05:00,1.07580,1.07582,1.07570,1.07576,60
2024.01.02,13:06:00,1.07576,1.07588,1.07574,1.07579,60
2024.01.02,13:07:00,1.07580,1.07585,1.07569,1.07582,60
2024.01.02,13:08:00,1.07583,1.07583,1.07573,1.07580,60
2024.01.02,13:09:00,1.07579,1.07587,1.07573,1.07581,60
2024.01.02,13:10:00,1.07581,1.07590,1.07572,1.07583,60
2024.01.02,13:11:00,1.07584,1.07589,1.07572,1.07589,60
2024.01.02,13:12:00,1.07588,1.07593,1.07576,1.07590,60
2024.01.02,13:13:00,1.07593,1.07593,1.07576,1.07581,60
2024.01.02,13:14:00,1.07579,1.07590,1.07573,1.07584,60
2024.01.02,13:15:00,1.07583,1.07594,1.07579,1.07579,60
2024.01.02,13:16:00,1.07577,1.07584,1.07575,1.07576,60
2024.01.02,13:17:00,1.07574,1.07590,1.07572,1.07588,60
2024.01.02,13:18:00,1.07587,1.07591,1.07574,1.07577,60
2024.01.02,13:19:00,1.07575,1.07588,1.07574,1.07581,60
2024.01.02,13:20:00,1.07580,1.07584,1.07570,1.07576,60
2024.01.02,13:21:00,1.07576,1.07580,1.07570,1.07574,60
2024.01.02,13:22:00,1.07575,1.07585,1.07571,1.07582,60
2024.01.02,13:23:00,1.07583,1.07599,1.07581,1.07596,60
2024.01.02,13:24:00,1.07596,1.07596,1.07578,1.07583,60
2024.01.02,13:25:00,1.07583,1.07585,1.07568,1.07569,60
2024.01.02,13:26:00,1.07572,1.07589,1.07572,1.07585,60
2024.01.02,13:27:00,1.07584,1.07587,1.07567,1.07582,60
2024.01.02,13:28:00,1.07583,1.07593,1.07575,1.07593,60
2024.01.02,13:29:00,1.07593,1.07593,1.07574,1.07577,60
2024.01.02,13:30:00,1.07578,1.07587,1.07576,1.07579,60
2024.01.02,13:31:00,1.07578,1.07589,1.07578,1.07579,60
2024.01.02,13:32:00,1.07581,1.07591,1.07577,1.07581,60
2024.01.02,13:33:00,1.07583,1.07590,1.07579,1.07582,60
2024.01.02,13:34:00,1.07583,1.07589,1.07571,1.07584,60
2024.01.02,13:35:00,1.07581,1.07591,1.07576,1.07585,60
2024.01.02,13:36:00,1.07584,1.07587,1.07572,1.07582,60
2024.01.02,13:37:00,1.07582,1.07592,1.07573,1.07577,60
2024.01.02,13:38:00,1.07575,1.07584,1.07572,1.07579,60
2024.01.02,13:39:00,1.07580,1.07589,1.07578,1.07585,60
2024.01.02,13:40:00,1.07582,1.07590,1.07582,1.07583,60
2024.01.02,13:41:00,1.07581,1.07584,1.07572,1.07584,60
2024.01.02,13:42:00,1.07585,1.07589,1.07577,1.07579,60
2024.01.02,13:43:00,1.07581,1.07590,1.07575,1.07577,60
2024.01.02,13:44:00,1.07576,1.07584,1.07576,1.07580,60
2024.01.02,13:45:00,1.07580,1.07585,1.07576,1.07578,60
2024.01.02,13:46:00,1.07579,1.07580,1.07570,1.07571,60
2024.01.02,13:47:00,1.07572,1.07589,1.07572,1.07587,60
2024.01.02,13:48:00,1.07588,1.07591,1.07575,1.07580,60
2024.01.02,13:49:00,1.07580,1.07586,1.07579,1.07582,60
2024.01.02,13:50:00,1.07581,1.07584,1.07571,1.07578,60
2024.01.02,13:51:00,1.07579,1.07585,1.07574,1.07580,60
2024.01.02,13:52:00,1.07579,1.07587,1.07572,1.07587,60
2024.01.02,13:53:00,1.07589,1.07589,1.07560,1.07562,60
2024.01.02,13:54:00,1.07562,1.07567,1.07539,1.07546,60
2024.01.02,13:55:00,1.07545,1.07548,1.07514,1.07514,60
2024.01.02,13:56:00,1.07513,1.07513,1.07488,1.07489,60
2024.01.02,13:57:00,1.07491,1.07499,1.07487,1.07490,60
2024.01.02,13:58:00,1.07492,1.07492,1.07455,1.07456,60
2024.01.02,13:59:00,1.07456,1.07462,1.07450,1.07450,60
2024.01.02,14:00:00,1.07450,1.07450,1.07429,1.07437,60
2024.01.02,14:01:00,1.07436,1.07438,1.07423,1.07429,60
2024.01.02,14:02:00,1.07430,1.07438,1.07419,1.07420,60
2024.01.02,14:03:00,1.07417,1.07420,1.07396,1.07407,60
2024.01.02,14:04:00,1.07404,1.07408,1.07378,1.07379,60
2024.01.02,14:05:00,1.07378,1.07385,1.07366,1.07366,60
2024.01.02,14:06:00,1.07365,1.07370,1.07344,1.07347,60
2024.01.02,14:07:00,1.07347,1.07347,1.07338,1.07341,60
2024.01.02,14:08:00,1.07339,1.07346,1.07333,1.07342,60
2024.01.02,14:09:00,1.07341,1.07344,1.07319,1.07322,60
2024.01.02,14:10:00,1.07320,1.07322,1.07293,1.07293,60
2024.01.02,14:11:00,1.07293,1.07300,1.07278,1.07279,60
2024.01.02,14:12:00,1.07279,1.07282,1.07265,1.07273,60
2024.01.02,14:13:00,1.07273,1.07273,1.07252,1.07257,60
2024.01.02,14:14:00,1.07255,1.07258,1.07236,1.07240,60
2024.01.02,14:15:00,1.07241,1.07242,1.07210,1.07212,60
2024.01.02,14:16:00,1.07208,1.07214,1.07200,1.07202,60
2024.01.02,14:17:00,1.07203,1.07209,1.07191,1.07191,60
2024.01.02,14:18:00,1.07190,1.07190,1.07176,1.07176,60
2024.01.02,14:19:00,1.07177,1.07178,1.07165,1.07166,60
2024.01.02,14:20:00,1.07167,1.07167,1.07142,1.07149,60
2024.01.02,14:21:00,1.07150,1.07151,1.07127,1.07128,60
2024.01.02,14:22:00,1.07128,1.07132,1.07102,1.07102,60
2024.01.02,14:23:00,1.07102,1.07106,1.07086,1.07086,60
2024.01.02,14:24:00,1.07087,1.07087,1.07046,1.07046,60
2024.01.02,14:25:00,1.07044,1.07044,1.07009,1.07010,60
2024.01.02,14:26:00,1.07011,1.07022,1.07008,1.07022,60
2024.01.02,14:27:00,1.07023,1.07036,1.07019,1.07020,60
2024.01.02,14:28:00,1.07017,1.07019,1.06981,1.06984,60
2024.01.02,14:29:00,1.06984,1.06984,1.06956,1.06956,60
2024.01.02,14:30:00,1.06957,1.06959,1.06924,1.06928,60
2024.01.02,14:31:00,1.06931,1.06934,1.06910,1.06916,60
2024.01.02,14:32:00,1.06918,1.06918,1.06895,1.06899,60
2024.01.02,14:33:00,1.06899,1.06905,1.06889,1.06892,60
2024.01.02,14:34:00,1.06891,1.06891,1.06871,1.06878,60
2024.01.02,14:35:00,1.06881,1.06881,1.06853,1.06853,60
2024.01.02,14:36:00,1.06853,1.06853,1.06817,1.06819,60
2024.01.02,14:37:00,1.06819,1.06820,1.06801,1.06803,60
2024.01.02,14:38:00,1.06803,1.06810,1.06800,1.06804,60
2024.01.02,14:39:00,1.06803,1.06806,1.06785,1.06788,60
2024.01.02,14:40:00,1.06789,1.06789,1.06765,1.06767,60
2024.01.02,14:41:00,1.06767,1.06767,1.06720,1.06728,60
2024.01.02,14:42:00,1.06725,1.06741,1.06725,1.06731,60
2024.01.02,14:43:00,1.06732,1.06736,1.06725,1.06726,60
2024.01.02,14:44:00,1.06722,1.06726,1.06686,1.06686,60
2024.01.02,14:45:00,1.06688,1.06688,1.06646,1.06654,60
2024.01.02,14:46:00,1.06655,1.06660,1.06646,1.06651,60
2024.01.02,14:47:00,1.06650,1.06653,1.06619,1.06619,60
2024.01.02,14:48:00,1.06617,1.06617,1.06580,1.06590,60
2024.01.02,14:49:00,1.06589,1.06589,1.06541,1.06545,60
2024.01.02,14:50:00,1.06546,1.06546,1.06503,1.06504,60
2024.01.02,14:51:00,1.06501,1.06502,1.06484,1.06484,60
2024.01.02,14:52:00,1.06481,1.06488,1.06472,1.06484,60
2024.01.02,14:53:00,1.06486,1.06487,1.06469,1.06469,60
2024.01.02,14:54:00,1.06471,1.06488,1.06465,1.06486,60
2024.01.02,14:55:00,1.06484,1.06484,1.06444,1.06444,60
2024.01.02,14:56:00,1.06448,1.06451,1.06432,1.06436,60
2024.01.02,14:57:00,1.06436,1.06442,1.06430,1.06431,60
2024.01.02,14:58:00,1.06428,1.06428,1.06407,1.06411,60
2024.01.02,14:59:00,1.06410,1.06410,1.06392,1.06399,60
2024.01.02,15:00:00,1.06397,1.06402,1.06378,1.06378,60
2024.01.02,15:01:00,1.06377,1.06377,1.06346,1.06347,60
2024.01.02,15:02:00,1.06346,1.06347,1.06329,1.06330,60
2024.01.02,15:03:00,1.06329,1.06334,1.06314,1.06314,60
2024.01.02,15:04:00,1.06314,1.06324,1.06308,1.06316,60
2024.01.02,15:05:00,1.06317,1.06327,1.06312,1.06315,60
2024.01.02,15:06:00,1.06313,1.06313,1.06279,1.06280,60
2024.01.02,15:07:00,1.06279,1.06284,1.06260,1.06260,60
2024.01.02,15:08:00,1.06257,1.06266,1.06231,1.06233,60
2024.01.02,15:09:00,1.06231,1.06233,1.06211,1.06212,60
2024.01.02,15:10:00,1.06210,1.06214,1.06199,1.06200,60
2024.01.02,15:11:00,1.06200,1.06203,1.06187,1.06188,60
2024.01.02,15:12:00,1.06187,1.06187,1.06159,1.06159,60
2024.01.02,15:13:00,1.06157,1.06158,1.06138,1.06141,60
2024.01.02,15:14:00,1.06141,1.06146,1.06126,1.06127,60
2024.01.02,15:15:00,1.06129,1.06136,1.06116,1.06118,60
2024.01.02,15:16:00,1.06116,1.06116,1.06083,1.06083,60
2024.01.02,15:17:00,1.06081,1.06087,1.06069,1.06071,60
2024.01.02,15:18:00,1.06072,1.06072,1.06062,1.06065,60
2024.01.02,15:19:00,1.06064,1.06064,1.06049,1.06064,60
2024.01.02,15:20:00,1.06065,1.06075,1.06040,1.06045,60
2024.01.02,15:21:00,1.06046,1.06046,1.06024,1.06026,60
2024.01.02,15:22:00,1.06025,1.06026,1.06010,1.06017,60
2024.01.02,15:23:00,1.06016,1.06016,1.05971,1.05971,60
2024.01.02,15:24:00,1.05969,1.05971,1.05958,1.05958,60
2024.01.02,15:25:00,1.05953,1.05955,1.05923,1.05925,60
2024.01.02,15:26:00,1.05922,1.05923,1.05912,1.05912,60
2024.01.02,15:27:00,1.05911,1.05914,1.05875,1.05882,60
2024.01.02,15:28:00,1.05881,1.05885,1.05868,1.05868,60
2024.01.02,15:29:00,1.05868,1.05868,1.05838,1.05838,60
2024.01.02,15:30:00,1.05837,1.05837,1.05808,1.05814,60
2024.01.02,15:31:00,1.05815,1.05815,1.05791,1.05796,60
2024.01.02,15:32:00,1.05798,1.05798,1.05781,1.05788,60
2024.01.02,15:33:00,1.05787,1.05804,1.05786,1.05799,60
2024.01.02,15:34:00,1.05800,1.05800,1.05785,1.05790,60
2024.01.02,15:35:00,1.05789,1.05802,1.05786,1.05796,60
2024.01.02,15:36:00,1.05799,1.05805,1.05793,1.05798,60
2024.01.02,15:37:00,1.05798,1.05808,1.05792,1.05806,60
2024.01.02,15:38:00,1.05807,1.05807,1.05788,1.05796,60
2024.01.02,15:39:00,1.05796,1.05806,1.05789,1.05799,60
2024.01.02,15:40:00,1.05799,1.05802,1.05790,1.05798,60
2024.01.02,15:41:00,1.05801,1.05803,1.05778,1.05788,60
2024.01.02,15:42:00,1.05789,1.05799,1.05789,1.05797,60
2024.01.02,15:43:00,1.05795,1.05798,1.05781,1.05796,60
2024.01.02,15:44:00,1.05795,1.05801,1.05785,1.05801,60
2024.01.02,15:45:00,1.05799,1.05801,1.05785,1.05791,60
2024.01.02,15:46:00,1.05792,1.05800,1.05787,1.05796,60
2024.01.02,15:47:00,1.05799,1.05801,1.05784,1.05800,60
2024.01.02,15:48:00,1.05800,1.05800,1.05788,1.05793,60
2024.01.02,15:49:00,1.05793,1.05799,1.05786,1.05786,60
2024.01.02,15:50:00,1.05787,1.05797,1.05782,1.05792,60
2024.01.02,15:51:00,1.05793,1.05805,1.05793,1.05798,60
2024.01.02,15:52:00,1.05797,1.05801,1.05787,1.05791,60
2024.01.02,15:53:00,1.05791,1.05800,1.05788,1.05798,60
2024.01.02,15:54:00,1.05798,1.05801,1.05787,1.05788,60
2024.01.02,15:55:00,1.05790,1.05802,1.05787,1.05800,60
2024.01.02,15:56:00,1.05801,1.05806,1.05789,1.05794,60
2024.01.02,15:57:00,1.05795,1.05806,1.05786,1.05798,60
2024.01.02,15:58:00,1.05798,1.05803,1.05785,1.05800,60
2024.01.02,15:59:00,1.05799,1.05805,1.05786,1.05788,60
2024.01.02,16:00:00,1.05785,1.05793,1.05782,1.05788,60
2024.01.02,16:01:00,1.05787,1.05800,1.05787,1.05796,60
2024.01.02,16:02:00,1.05797,1.05798,1.05781,1.05795,60
2024.01.02,16:03:00,1.05797,1.05801,1.05793,1.05797,60
2024.01.02,16:04:00,1.05799,1.05808,1.05797,1.05799,60
2024.01.02,16:05:00,1.05797,1.05800,1.05785,1.05794,60
2024.01.02,16:06:00,1.05794,1.05798,1.05787,1.05792,60
2024.01.02,16:07:00,1.05795,1.05808,1.05791,1.05796,60
2024.01.02,16:08:00,1.05799,1.05805,1.05785,1.05793,60
2024.01.02,16:09:00,1.05793,1.05800,1.05788,1.05797,60
2024.01.02,16:10:00,1.05796,1.05801,1.05786,1.05787,60
2024.01.02,16:11:00,1.05788,1.05803,1.05788,1.05797,60
2024.01.02,16:12:00,1.05799,1.05806,1.05789,1.05805,60
2024.01.02,16:13:00,1.05804,1.05805,1.05786,1.05795,60
2024.01.02,16:14:00,1.05795,1.05795,1.05784,1.05787,60
2024.01.02,16:15:00,1.05788,1.05799,1.05783,1.05789,60
2024.01.02,16:16:00,1.05787,1.05805,1.05785,1.05797,60
2024.01.02,16:17:00,1.05796,1.05798,1.05786,1.05797,60
2024.01.02,16:18:00,1.05797,1.05801,1.05788,1.05788,60
2024.01.02,16:19:00,1.05787,1.05801,1.05786,1.05793,60
2024.01.02,16:20:00,1.05793,1.05796,1.05781,1.05783,60
2024.01.02,16:21:00,1.05781,1.05785,1.05753,1.05754,60
2024.01.02,16:22:00,1.05754,1.05754,1.05736,1.05740,60
2024.01.02,16:23:00,1.05739,1.05739,1.05727,1.05728,60
2024.01.02,16:24:00,1.05728,1.05728,1.05710,1.05715,60
2024.01.02,16:25:00,1.05713,1.05715,1.05692,1.05694,60
2024.01.02,16:26:00,1.05696,1.05698,1.05674,1.05677,60
2024.01.02,16:27:00,1.05678,1.05679,1.05651,1.05656,60
2024.01.02,16:28:00,1.05655,1.05663,1.05652,1.05663,60
2024.01.02,16:29:00,1.05664,1.05665,1.05653,1.05656,60
2024.01.02,16:30:00,1.05656,1.05668,1.05650,1.05657,60
2024.01.02,16:31:00,1.05655,1.05658,1.05635,1.05637,60
2024.01.02,16:32:00,1.05633,1.05638,1.05603,1.05606,60
2024.01.02,16:33:00,1.05607,1.05620,1.05606,1.05609,60
2024.01.02,16:34:00,1.05607,1.05615,1.05593,1.05593,60
2024.01.02,16:35:00,1.05591,1.05592,1.05548,1.05548,60
2024.01.02,16:36:00,1.05549,1.05554,1.05540,1.05541,60
2024.01.02,16:37:00,1.05539,1.05543,1.05531,1.05538,60
2024.01.02,16:38:00,1.05539,1.05551,1.05538,1.05550,60
2024.01.02,16:39:00,1.05550,1.05559,1.05540,1.05559,60
2024.01.02,16:40:00,1.05559,1.05559,1.05547,1.05549,60
2024.01.02,16:41:00,1.05549,1.05568,1.05544,1.05568,60
2024.01.02,16:42:00,1.05563,1.05584,1.05563,1.05582,60
2024.01.02,16:43:00,1.05580,1.05581,1.05556,1.05558,60
2024.01.02,16:44:00,1.05555,1.05560,1.05528,1.05528,60
2024.01.02,16:45:00,1.05528,1.05530,1.05506,1.05507,60
2024.01.02,16:46:00,1.05507,1.05512,1.05492,1.05495,60
2024.01.02,16:47:00,1.05496,1.05499,1.05479,1.05481,60
2024.01.02,16:48:00,1.05482,1.05485,1.05465,1.05465,60
2024.01.02,16:49:00,1.05466,1.05472,1.05456,1.05456,60
2024.01.02,16:50:00,1.05457,1.05461,1.05441,1.05446,60
2024.01.02,16:51:00,1.05444,1.05444,1.05427,1.05427,60
2024.01.02,16:52:00,1.05428,1.05434,1.05419,1.05423,60
2024.01.02,16:53:00,1.05422,1.05422,1.05398,1.05399,60
2024.01.02,16:54:00,1.05399,1.05402,1.05376,1.05377,60
2024.01.02,16:55:00,1.05376,1.05382,1.05364,1.05365,60
2024.01.02,16:56:00,1.05363,1.05369,1.05350,1.05354,60
2024.01.02,16:57:00,1.05352,1.05357,1.05327,1.05332,60
2024.01.02,16:58:00,1.05333,1.05337,1.05319,1.05328,60
2024.01.02,16:59:00,1.05326,1.05333,1.05310,1.05313,60
2024.01.02,17:00:00,1.05312,1.05315,1.05296,1.05300,60
2024.01.02,17:01:00,1.05300,1.05300,1.05283,1.05291,60
2024.01.02,17:02:00,1.05291,1.05303,1.05287,1.05300,60
2024.01.02,17:03:00,1.05298,1.05317,1.05293,1.05315,60
2024.01.02,17:04:00,1.05315,1.05315,1.05304,1.05304,60
2024.01.02,17:05:00,1.05307,1.05311,1.05302,1.05302,60
2024.01.02,17:06:00,1.05300,1.05302,1.05290,1.05299,60
2024.01.02,17:07:00,1.05299,1.05299,1.05266,1.05266,60
2024.01.02,17:08:00,1.05264,1.05266,1.05248,1.05248,60
2024.01.02,17:09:00,1.05247,1.05247,1.05217,1.05219,60
2024.01.02,17:10:00,1.05217,1.05217,1.05199,1.05200,60
2024.01.02,17:11:00,1.05198,1.05203,1.05189,1.05196,60
2024.01.02,17:12:00,1.05192,1.05197,1.05169,1.05177,60
2024.01.02,17:13:00,1.05178,1.05184,1.05173,1.05174,60
2024.01.02,17:14:00,1.05174,1.05175,1.05145,1.05150,60
2024.01.02,17:15:00,1.05151,1.05156,1.05118,1.05119,60
2024.01.02,17:16:00,1.05118,1.05119,1.05093,1.05096,60
2024.01.02,17:17:00,1.05095,1.05099,1.05078,1.05085,60
2024.01.02,17:18:00,1.05084,1.05085,1.05064,1.05066,60
2024.01.02,17:19:00,1.05067,1.05068,1.05038,1.05039,60
2024.01.02,17:20:00,1.05039,1.05039,1.04993,1.04993,60
2024.01.02,17:21:00,1.04993,1.04993,1.04965,1.04966,60
2024.01.02,17:22:00,1.04965,1.04965,1.04946,1.04949,60
2024.01.02,17:23:00,1.04950,1.04951,1.04926,1.04927,60
2024.01.02,17:24:00,1.04926,1.04939,1.04925,1.04931,60
2024.01.02,17:25:00,1.04928,1.04934,1.04913,1.04913,60
2024.01.02,17:26:00,1.04915,1.04917,1.04891,1.04897,60
2024.01.02,17:27:00,1.04896,1.04903,1.04888,1.04893,60
2024.01.02,17:28:00,1.04892,1.04909,1.04892,1.04900,60
2024.01.02,17:29:00,1.04900,1.04900,1.04879,1.04882,60
2024.01.02,17:30:00,1.04879,1.04883,1.04867,1.04878,60
2024.01.02,17:31:00,1.04878,1.04880,1.04856,1.04857,60
2024.01.02,17:32:00,1.04852,1.04853,1.04838,1.04852,60
2024.01.02,17:33:00,1.04849,1.04851,1.04830,1.04834,60
2024.01.02,17:34:00,1.04832,1.04841,1.04803,1.04807,60
2024.01.02,17:35:00,1.04806,1.04808,1.04772,1.04773,60
2024.01.02,17:36:00,1.04773,1.04784,1.04762,1.04764,60
2024.01.02,17:37:00,1.04767,1.04772,1.04751,1.04751,60
2024.01.02,17:38:00,1.04750,1.04761,1.04745,1.04758,60
2024.01.02,17:39:00,1.04754,1.04758,1.04739,1.04742,60
2024.01.02,17:40:00,1.04742,1.04745,1.04721,1.04725,60
2024.01.02,17:41:00,1.04727,1.04727,1.04707,1.04716,60
2024.01.02,17:42:00,1.04717,1.04719,1.04688,1.04688,60
2024.01.02,17:43:00,1.04685,1.04697,1.04677,1.04696,60
2024.01.02,17:44:00,1.04698,1.04698,1.04681,1.04682,60
2024.01.02,17:45:00,1.04680,1.04680,1.04646,1.04651,60
2024.01.02,17:46:00,1.04652,1.04654,1.04635,1.04636,60
2024.01.02,17:47:00,1.04637,1.04638,1.04618,1.04628,60
2024.01.02,17:48:00,1.04629,1.04629,1.04609,1.04613,60
2024.01.02,17:49:00,1.04614,1.04621,1.04607,1.04607,60
2024.01.02,17:50:00,1.04608,1.04608,1.04578,1.04578,60
2024.01.02,17:51:00,1.04577,1.04586,1.04567,1.04567,60
2024.01.02,17:52:00,1.04566,1.04568,1.04553,1.04554,60
2024.01.02,17:53:00,1.04554,1.04558,1.04535,1.04536,60
2024.01.02,17:54:00,1.04539,1.04540,1.04507,1.04507,60
2024.01.02,17:55:00,1.04506,1.04517,1.04505,1.04512,60
2024.01.02,17:56:00,1.04510,1.04518,1.04502,1.04507,60
2024.01.02,17:57:00,1.04508,1.04514,1.04498,1.04501,60
2024.01.02,17:58:00,1.04503,1.04507,1.04491,1.04495,60
2024.01.02,17:59:00,1.04496,1.04497,1.04474,1.04478,60
2024.01.02,18:00:00,1.04476,1.04476,1.04464,1.04474,60
2024.01.02,18:01:00,1.04474,1.04474,1.04453,1.04456,60
2024.01.02,18:02:00,1.04456,1.04465,1.04448,1.04454,60
2024.01.02,18:03:00,1.04456,1.04463,1.04427,1.04428,60
2024.01.02,18:04:00,1.04428,1.04432,1.04401,1.04401,60
2024.01.02,18:05:00,1.04402,1.04416,1.04390,1.04390,60
2024.01.02,18:06:00,1.04388,1.04402,1.04380,1.04381,60
2024.01.02,18:07:00,1.04379,1.04383,1.04356,1.04367,60
2024.01.02,18:08:00,1.04368,1.04370,1.04351,1.04351,60
2024.01.02,18:09:00,1.04351,1.04352,1.04331,1.04333,60
2024.01.02,18:10:00,1.04333,1.04333,1.04300,1.04302,60
2024.01.02,18:11:00,1.04303,1.04310,1.04285,1.04287,60
2024.01.02,18:12:00,1.04290,1.04290,1.04244,1.04247,60
2024.01.02,18:13:00,1.04248,1.04250,1.04229,1.04229,60
2024.01.02,18:14:00,1.04228,1.04231,1.04211,1.04213,60
2024.01.02,18:15:00,1.04213,1.04216,1.04179,1.04180,60
2024.01.02,18:16:00,1.04179,1.04182,1.04167,1.04168,60
2024.01.02,18:17:00,1.04169,1.04169,1.04132,1.04135,60
2024.01.02,18:18:00,1.04135,1.04143,1.04121,1.04134,60
2024.01.02,18:19:00,1.04134,1.04137,1.04116,1.04116,60
2024.01.02,18:20:00,1.04116,1.04118,1.04108,1.04110,60
2024.01.02,18:21:00,1.04107,1.04114,1.04100,1.04104,60
2024.01.02,18:22:00,1.04104,1.04110,1.04092,1.04092,60
2024.01.02,18:23:00,1.04093,1.04103,1.04085,1.04102,60
2024.01.02,18:24:00,1.04104,1.04107,1.04080,1.04087,60
2024.01.02,18:25:00,1.04089,1.04094,1.04076,1.04081,60
2024.01.02,18:26:00,1.04083,1.04085,1.04055,1.04055,60
2024.01.02,18:27:00,1.04055,1.04058,1.04043,1.04048,60
2024.01.02,18:28:00,1.04048,1.04051,1.04019,1.04019,60
2024.01.02,18:29:00,1.04016,1.04022,1.04003,1.04006,60
2024.01.02,18:30:00,1.04006,1.04022,1.04003,1.04008,60
2024.01.02,18:31:00,1.04008,1.04009,1.03996,1.04001,60
2024.01.02,18:32:00,1.04002,1.04004,1.03992,1.03996,60
2024.01.02,18:33:00,1.03996,1.03996,1.03963,1.03967,60
2024.01.02,18:34:00,1.03966,1.03975,1.03955,1.03955,60
2024.01.02,18:35:00,1.03956,1.03965,1.03955,1.03964,60
2024.01.02,18:36:00,1.03962,1.03962,1.03947,1.03953,60
2024.01.02,18:37:00,1.03953,1.03963,1.03948,1.03948,60
2024.01.02,18:38:00,1.03947,1.03953,1.03925,1.03925,60
2024.01.02,18:39:00,1.03923,1.03925,1.03902,1.03902,60
2024.01.02,18:40:00,1.03903,1.03906,1.03885,1.03885,60
2024.01.02,18:41:00,1.03883,1.03889,1.03868,1.03874,60
2024.01.02,18:42:00,1.03874,1.03877,1.03864,1.03872,60
2024.01.02,18:43:00,1.03872,1.03874,1.03859,1.03864,60
2024.01.02,18:44:00,1.03865,1.03871,1.03855,1.03857,60
2024.01.02,18:45:00,1.03858,1.03858,1.03822,1.03822,60
2024.01.02,18:46:00,1.03822,1.03826,1.03816,1.03819,60
2024.01.02,18:47:00,1.03817,1.03823,1.03811,1.03811,60
2024.01.02,18:48:00,1.03812,1.03812,1.03786,1.03788,60
2024.01.02,18:49:00,1.03790,1.03790,1.03761,1.03762,60
2024.01.02,18:50:00,1.03765,1.03765,1.03756,1.03764,60
2024.01.02,18:51:00,1.03766,1.03766,1.03750,1.03753,60
2024.01.02,18:52:00,1.03754,1.03759,1.03743,1.03743,60
2024.01.02,18:53:00,1.03744,1.03758,1.03734,1.03734,60
2024.01.02,18:54:00,1.03732,1.03732,1.03707,1.03708,60
2024.01.02,18:55:00,1.03707,1.03707,1.03689,1.03697,60
2024.01.02,18:56:00,1.03695,1.03696,1.03673,1.03674,60
2024.01.02,18:57:00,1.03673,1.03676,1.03665,1.03667,60
2024.01.02,18:58:00,1.03667,1.03668,1.03636,1.03639,60
2024.01.02,18:59:00,1.03641,1.03647,1.03628,1.03628,60
2024.01.02,19:00:00,1.03627,1.03632,1.03621,1.03627,60
2024.01.02,19:01:00,1.03627,1.03629,1.03616,1.03620,60
2024.01.02,19:02:00,1.03621,1.03621,1.03605,1.03611,60
2024.01.02,19:03:00,1.03609,1.03611,1.03598,1.03601,60
2024.01.02,19:04:00,1.03599,1.03599,1.03575,1.03580,60
2024.01.02,19:05:00,1.03580,1.03584,1.03575,1.03579,60
2024.01.02,19:06:00,1.03578,1.03579,1.03569,1.03573,60
2024.01.02,19:07:00,1.03573,1.03575,1.03549,1.03551,60
2024.01.02,19:08:00,1.03550,1.03550,1.03527,1.03527,60
2024.01.02,19:09:00,1.03528,1.03528,1.03512,1.03517,60
2024.01.02,19:10:00,1.03519,1.03519,1.03484,1.03484,60
2024.01.02,19:11:00,1.03485,1.03490,1.03473,1.03476,60
2024.01.02,19:12:00,1.03474,1.03476,1.03446,1.03449,60
2024.01.02,19:13:00,1.03449,1.03449,1.03433,1.03439,60
2024.01.02,19:14:00,1.03438,1.03448,1.03434,1.03442,60
2024.01.02,19:15:00,1.03443,1.03450,1.03440,1.03446,60
2024.01.02,19:16:00,1.03446,1.03454,1.03434,1.03443,60
2024.01.02,19:17:00,1.03440,1.03440,1.03409,1.03409,60
2024.01.02,19:18:00,1.03407,1.03407,1.03396,1.03398,60
2024.01.02,19:19:00,1.03397,1.03397,1.03383,1.03391,60
2024.01.02,19:20:00,1.03390,1.03391,1.03382,1.03383,60
2024.01.02,19:21:00,1.03385,1.03385,1.03356,1.03356,60
2024.01.02,19:22:00,1.03358,1.03365,1.03353,1.03364,60
2024.01.02,19:23:00,1.03366,1.03366,1.03356,1.03362,60
2024.01.02,19:24:00,1.03362,1.03366,1.03354,1.03354,60
2024.01.02,19:25:00,1.03356,1.03364,1.03355,1.03360,60
2024.01.02,19:26:00,1.03360,1.03368,1.03350,1.03368,60
2024.01.02,19:27:00,1.03368,1.03373,1.03359,1.03371,60
2024.01.02,19:28:00,1.03369,1.03369,1.03363,1.03364,60
2024.01.02,19:29:00,1.03363,1.03371,1.03354,1.03363,60
2024.01.02,19:30:00,1.03365,1.03370,1.03359,1.03369,60
2024.01.02,19:31:00,1.03368,1.03369,1.03354,1.03369,60
2024.01.02,19:32:00,1.03371,1.03371,1.03357,1.03357,60
2024.01.02,19:33:00,1.03357,1.03364,1.03352,1.03362,60
2024.01.02,19:34:00,1.03362,1.03370,1.03358,1.03361,60
2024.01.02,19:35:00,1.03363,1.03374,1.03357,1.03369,60
2024.01.02,19:36:00,1.03370,1.03373,1.03357,1.03360,60
2024.01.02,19:37:00,1.03361,1.03370,1.03357,1.03361,60
2024.01.02,19:38:00,1.03361,1.03379,1.03357,1.03364,60
2024.01.02,19:39:00,1.03362,1.03373,1.03361,1.03368,60
2024.01.02,19:40:00,1.03368,1.03373,1.03365,1.03371,60
2024.01.02,19:41:00,1.03370,1.03376,1.03361,1.03370,60
2024.01.02,19:42:00,1.03369,1.03373,1.03359,1.03363,60
2024.01.02,19:43:00,1.03363,1.03364,1.03352,1.03359,60
2024.01.02,19:44:00,1.03358,1.03380,1.03358,1.03368,60
2024.01.02,19:45:00,1.03368,1.03373,1.03358,1.03366,60
2024.01.02,19:46:00,1.03364,1.03371,1.03361,1.03369,60
2024.01.02,19:47:00,1.03365,1.03376,1.03365,1.03370,60
2024.01.02,19:48:00,1.03366,1.03373,1.03362,1.03363,60
2024.01.02,19:49:00,1.03363,1.03374,1.03362,1.03366,60
2024.01.02,19:50:00,1.03366,1.03370,1.03352,1.03362,60
2024.01.02,19:51:00,1.03365,1.03371,1.03352,1.03356,60
2024.01.02,19:52:00,1.03355,1.03362,1.03350,1.03354,60
2024.01.02,19:53:00,1.03357,1.03374,1.03357,1.03360,60
2024.01.02,19:54:00,1.03360,1.03363,1.03353,1.03353,60
2024.01.02,19:55:00,1.03352,1.03377,1.03351,1.03369,60
2024.01.02,19:56:00,1.03368,1.03371,1.03356,1.03362,60
2024.01.02,19:57:00,1.03362,1.03370,1.03360,1.03369,60
2024.01.02,19:58:00,1.03369,1.03373,1.03362,1.03368,60
2024.01.02,19:59:00,1.03368,1.03370,1.03356,1.03367,60
2024.01.02,20:00:00,1.03369,1.03375,1.03356,1.03371,60
2024.01.02,20:01:00,1.03371,1.03373,1.03360,1.03368,60
2024.01.02,20:02:00,1.03369,1.03370,1.03361,1.03361,60
2024.01.02,20:03:00,1.03361,1.03375,1.03354,1.03371,60
2024.01.02,20:04:00,1.03376,1.03376,1.03359,1.03365,60
2024.01.02,20:05:00,1.03367,1.03376,1.03354,1.03364,60
2024.01.02,20:06:00,1.03363,1.03366,1.03354,1.03354,60
2024.01.02,20:07:00,1.03354,1.03369,1.03353,1.03363,60
2024.01.02,20:08:00,1.03363,1.03369,1.03356,1.03364,60
2024.01.02,20:09:00,1.03364,1.03371,1.03360,1.03370,60
2024.01.02,20:10:00,1.03371,1.03371,1.03358,1.03363,60
2024.01.02,20:11:00,1.03364,1.03366,1.03355,1.03366,60
2024.01.02,20:12:00,1.03369,1.03375,1.03352,1.03375,60
2024.01.02,20:13:00,1.03374,1.03374,1.03356,1.03360,60
2024.01.02,20:14:00,1.03362,1.03370,1.03358,1.03365,60
2024.01.02,20:15:00,1.03365,1.03371,1.03359,1.03364,60
2024.01.02,20:16:00,1.03367,1.03374,1.03359,1.03368,60
2024.01.02,20:17:00,1.03369,1.03372,1.03353,1.03357,60
2024.01.02,20:18:00,1.03357,1.03359,1.03338,1.03342,60
2024.01.02,20:19:00,1.03341,1.03342,1.03313,1.03314,60
2024.01.02,20:20:00,1.03314,1.03320,1.03307,1.03307,60
2024.01.02,20:21:00,1.03304,1.03307,1.03267,1.03270,60
2024.01.02,20:22:00,1.03271,1.03277,1.03249,1.03249,60
2024.01.02,20:23:00,1.03248,1.03248,1.03235,1.03243,60
2024.01.02,20:24:00,1.03244,1.03244,1.03223,1.03228,60
2024.01.02,20:25:00,1.03228,1.03234,1.03214,1.03214,60
2024.01.02,20:26:00,1.03213,1.03237,1.03211,1.03228,60
2024.01.02,20:27:00,1.03231,1.03232,1.03197,1.03197,60
2024.01.02,20:28:00,1.03196,1.03196,1.03160,1.03161,60
2024.01.02,20:29:00,1.03161,1.03165,1.03137,1.03138,60
2024.01.02,20:30:00,1.03138,1.03149,1.03138,1.03139,60
2024.01.02,20:31:00,1.03139,1.03147,1.03135,1.03147,60
2024.01.02,20:32:00,1.03147,1.03155,1.03130,1.03132,60
2024.01.02,20:33:00,1.03133,1.03141,1.03124,1.03138,60
2024.01.02,20:34:00,1.03137,1.03137,1.03099,1.03101,60
2024.01.02,20:35:00,1.03102,1.03103,1.03082,1.03082,60
2024.01.02,20:36:00,1.03082,1.03082,1.03065,1.03065,60
2024.01.02,20:37:00,1.03066,1.03068,1.03054,1.03068,60
2024.01.02,20:38:00,1.03066,1.03066,1.03036,1.03038,60
2024.01.02,20:39:00,1.03037,1.03037,1.03024,1.03027,60
2024.01.02,20:40:00,1.03025,1.03025,1.03003,1.03005,60
2024.01.02,20:41:00,1.03005,1.03005,1.02989,1.02994,60
2024.01.02,20:42:00,1.02992,1.02997,1.02977,1.02983,60
2024.01.02,20:43:00,1.02982,1.02986,1.02957,1.02957,60
2024.01.02,20:44:00,1.02955,1.02956,1.02926,1.02930,60
2024.01.02,20:45:00,1.02930,1.02931,1.02902,1.02904,60
2024.01.02,20:46:00,1.02904,1.02909,1.02892,1.02903,60
2024.01.02,20:47:00,1.02902,1.02904,1.02886,1.02888,60
2024.01.02,20:48:00,1.02884,1.02889,1.02868,1.02871,60
2024.01.02,20:49:00,1.02873,1.02873,1.02851,1.02853,60
2024.01.02,20:50:00,1.02850,1.02850,1.02828,1.02829,60
2024.01.02,20:51:00,1.02830,1.02833,1.02820,1.02832,60
2024.01.02,20:52:00,1.02831,1.02842,1.02825,1.02828,60
2024.01.02,20:53:00,1.02827,1.02835,1.02812,1.02813,60
2024.01.02,20:54:00,1.02812,1.02816,1.02786,1.02786,60
2024.01.02,20:55:00,1.02786,1.02787,1.02758,1.02760,60
2024.01.02,20:56:00,1.02761,1.02767,1.02759,1.02762,60
2024.01.02,20:57:00,1.02761,1.02761,1.02731,1.02731,60
2024.01.02,20:58:00,1.02733,1.02734,1.02709,1.02709,60
2024.01.02,20:59:00,1.02707,1.02713,1.02699,1.02709,60
2024.01.02,21:00:00,1.02710,1.02715,1.02705,1.02706,60
2024.01.02,21:01:00,1.02705,1.02705,1.02682,1.02686,60
2024.01.02,21:02:00,1.02684,1.02684,1.02670,1.02676,60
2024.01.02,21:03:00,1.02677,1.02680,1.02671,1.02678,60
2024.01.02,21:04:00,1.02676,1.02677,1.02657,1.02657,60
2024.01.02,21:05:00,1.02656,1.02666,1.02653,1.02657,60
2024.01.02,21:06:00,1.02658,1.02659,1.02627,1.02628,60
2024.01.02,21:07:00,1.02627,1.02627,1.02598,1.02598,60
2024.01.02,21:08:00,1.02598,1.02598,1.02575,1.02578,60
2024.01.02,21:09:00,1.02577,1.02588,1.02576,1.02578,60
2024.01.02,21:10:00,1.02579,1.02589,1.02577,1.02578,60
2024.01.02,21:11:00,1.02578,1.02582,1.02566,1.02566,60
2024.01.02,21:12:00,1.02566,1.02568,1.02553,1.02557,60
2024.01.02,21:13:00,1.02556,1.02561,1.02540,1.02540,60
2024.01.02,21:14:00,1.02539,1.02541,1.02512,1.02516,60
2024.01.02,21:15:00,1.02515,1.02527,1.02512,1.02517,60
2024.01.02,21:16:00,1.02513,1.02516,1.02493,1.02502,60
2024.01.02,21:17:00,1.02503,1.02513,1.02492,1.02498,60
2024.01.02,21:18:00,1.02496,1.02508,1.02494,1.02497,60
2024.01.02,21:19:00,1.02499,1.02499,1.02461,1.02461,60
2024.01.02,21:20:00,1.02463,1.02472,1.02459,1.02465,60
2024.01.02,21:21:00,1.02466,1.02477,1.02453,1.02477,60
2024.01.02,21:22:00,1.02479,1.02481,1.02455,1.02461,60
2024.01.02,21:23:00,1.02462,1.02476,1.02460,1.02471,60
2024.01.02,21:24:00,1.02470,1.02472,1.02462,1.02470,60
2024.01.02,21:25:00,1.02469,1.02471,1.02461,1.02470,60
2024.01.02,21:26:00,1.02467,1.02473,1.02461,1.02473,60
2024.01.02,21:27:00,1.02470,1.02473,1.02461,1.02469,60
2024.01.02,21:28:00,1.02467,1.02468,1.02454,1.02462,60
2024.01.02,21:29:00,1.02463,1.02468,1.02454,1.02462,60
2024.01.02,21:30:00,1.02465,1.02466,1.02457,1.02462,60
2024.01.02,21:31:00,1.02462,1.02465,1.02455,1.02462,60
2024.01.02,21:32:00,1.02463,1.02464,1.02455,1.02463,60
2024.01.02,21:33:00,1.02459,1.02468,1.02455,1.02458,60
2024.01.02,21:34:00,1.02459,1.02466,1.02454,1.02455,60
2024.01.02,21:35:00,1.02455,1.02464,1.02453,1.02462,60
2024.01.02,21:36:00,1.02462,1.02466,1.02454,1.02462,60
2024.01.02,21:37:00,1.02462,1.02464,1.02454,1.02460,60
2024.01.02,21:38:00,1.02460,1.02467,1.02453,1.02459,60
2024.01.02,21:39:00,1.02459,1.02475,1.02459,1.02463,60
2024.01.02,21:40:00,1.02464,1.02478,1.02458,1.02476,60
2024.01.02,21:41:00,1.02477,1.02480,1.02463,1.02468,60
2024.01.02,21:42:00,1.02468,1.02473,1.02456,1.02461,60
2024.01.02,21:43:00,1.02461,1.02468,1.02459,1.02466,60
2024.01.02,21:44:00,1.02464,1.02468,1.02456,1.02464,60
2024.01.02,21:45:00,1.02464,1.02476,1.02458,1.02459,60
2024.01.02,21:46:00,1.02459,1.02463,1.02450,1.02462,60
2024.01.02,21:47:00,1.02464,1.02471,1.02462,1.02469,60
2024.01.02,21:48:00,1.02470,1.02475,1.02465,1.02471,60
2024.01.02,21:49:00,1.02472,1.02472,1.02460,1.02468,60
2024.01.02,21:50:00,1.02467,1.02476,1.02463,1.02468,60
2024.01.02,21:51:00,1.02467,1.02472,1.02454,1.02469,60
2024.01.02,21:52:00,1.02470,1.02475,1.02457,1.02459,60
2024.01.02,21:53:00,1.02460,1.02466,1.02451,1.02465,60
2024.01.02,21:54:00,1.02466,1.02469,1.02461,1.02461,60
2024.01.02,21:55:00,1.02460,1.02468,1.02458,1.02460,60
2024.01.02,21:56:00,1.02459,1.02473,1.02453,1.02468,60
2024.01.02,21:57:00,1.02471,1.02471,1.02461,1.02461,60
2024.01.02,21:58:00,1.02460,1.02473,1.02457,1.02463,60
2024.01.02,21:59:00,1.02461,1.02478,1.02456,1.02472,60
2024.01.02,22:00:00,1.02469,1.02475,1.02451,1.02456,60
2024.01.02,22:01:00,1.02458,1.02458,1.02439,1.02439,60
2024.01.02,22:02:00,1.02439,1.02447,1.02434,1.02436,60
2024.01.02,22:03:00,1.02432,1.02432,1.02404,1.02404,60
2024.01.02,22:04:00,1.02402,1.02407,1.02393,1.02395,60
2024.01.02,22:05:00,1.02394,1.02404,1.02390,1.02391,60
2024.01.02,22:06:00,1.02390,1.02392,1.02377,1.02381,60
2024.01.02,22:07:00,1.02380,1.02380,1.02339,1.02341,60
2024.01.02,22:08:00,1.02339,1.02342,1.02323,1.02327,60
2024.01.02,22:09:00,1.02327,1.02332,1.02322,1.02328,60
2024.01.02,22:10:00,1.02329,1.02335,1.02314,1.02320,60
2024.01.02,22:11:00,1.02322,1.02324,1.02298,1.02299,60
2024.01.02,22:12:00,1.02301,1.02301,1.02263,1.02263,60
2024.01.02,22:13:00,1.02262,1.02270,1.02258,1.02270,60
2024.01.02,22:14:00,1.02270,1.02273,1.02259,1.02262,60
2024.01.02,22:15:00,1.02261,1.02261,1.02239,1.02243,60
2024.01.02,22:16:00,1.02240,1.02241,1.02218,1.02223,60
2024.01.02,22:17:00,1.02222,1.02222,1.02198,1.02208,60
2024.01.02,22:18:00,1.02206,1.02206,1.02183,1.02187,60
2024.01.02,22:19:00,1.02185,1.02187,1.02156,1.02160,60
2024.01.02,22:20:00,1.02161,1.02164,1.02151,1.02156,60
2024.01.02,22:21:00,1.02155,1.02161,1.02128,1.02128,60
2024.01.02,22:22:00,1.02127,1.02127,1.02094,1.02097,60
2024.01.02,22:23:00,1.02096,1.02105,1.02091,1.02100,60
2024.01.02,22:24:00,1.02101,1.02102,1.02082,1.02082,60
2024.01.02,22:25:00,1.02082,1.02084,1.02061,1.02064,60
2024.01.02,22:26:00,1.02063,1.02067,1.02047,1.02049,60
2024.01.02,22:27:00,1.02050,1.02056,1.02040,1.02040,60
2024.01.02,22:28:00,1.02041,1.02048,1.02033,1.02048,60
2024.01.02,22:29:00,1.02047,1.02047,1.02009,1.02009,60
2024.01.02,22:30:00,1.02008,1.02013,1.01997,1.02002,60
2024.01.02,22:31:00,1.02003,1.02005,1.01979,1.01982,60
2024.01.02,22:32:00,1.01980,1.01982,1.01957,1.01959,60
2024.01.02,22:33:00,1.01957,1.01962,1.01942,1.01946,60
2024.01.02,22:34:00,1.01948,1.01948,1.01922,1.01940,60
2024.01.02,22:35:00,1.01942,1.01969,1.01941,1.01963,60
2024.01.02,22:36:00,1.01964,1.01970,1.01953,1.01969,60
2024.01.02,22:37:00,1.01971,1.01989,1.01967,1.01989,60
2024.01.02,22:38:00,1.01990,1.02004,1.01986,1.02004,60
2024.01.02,22:39:00,1.02005,1.02017,1.02003,1.02011,60
2024.01.02,22:40:00,1.02012,1.02026,1.02007,1.02026,60
2024.01.02,22:41:00,1.02023,1.02036,1.02021,1.02032,60
2024.01.02,22:42:00,1.02031,1.02046,1.02030,1.02041,60
2024.01.02,22:43:00,1.02043,1.02061,1.02041,1.02058,60
2024.01.02,22:44:00,1.02059,1.02068,1.02049,1.02052,60
2024.01.02,22:45:00,1.02051,1.02078,1.02050,1.02072,60
2024.01.02,22:46:00,1.02071,1.02094,1.02071,1.02089,60
2024.01.02,22:47:00,1.02088,1.02105,1.02087,1.02101,60
2024.01.02,22:48:00,1.02101,1.02104,1.02096,1.02100,60
2024.01.02,22:49:00,1.02098,1.02120,1.02098,1.02116,60
2024.01.02,22:50:00,1.02116,1.02145,1.02116,1.02145,60
2024.01.02,22:51:00,1.02146,1.02162,1.02146,1.02162,60
2024.01.02,22:52:00,1.02162,1.02189,1.02162,1.02188,60
2024.01.02,22:53:00,1.02191,1.02220,1.02190,1.02220,60
2024.01.02,22:54:00,1.02221,1.02233,1.02214,1.02230,60
2024.01.02,22:55:00,1.02230,1.02240,1.02224,1.02240,60
2024.01.02,22:56:00,1.02241,1.02264,1.02241,1.02261,60
2024.01.02,22:57:00,1.02262,1.02268,1.02253,1.02268,60
2024.01.02,22:58:00,1.02268,1.02309,1.02268,1.02307,60
2024.01.02,22:59:00,1.02308,1.02323,1.02305,1.02321,60
2024.01.02,23:00:00,1.02323,1.02341,1.02321,1.02338,60
2024.01.02,23:01:00,1.02336,1.02355,1.02330,1.02355,60
2024.01.02,23:02:00,1.02354,1.02381,1.02353,1.02381,60
2024.01.02,23:03:00,1.02382,1.02391,1.02373,1.02391,60
2024.01.02,23:04:00,1.02390,1.02403,1.02390,1.02403,60
2024.01.02,23:05:00,1.02405,1.02423,1.02405,1.02413,60
2024.01.02,23:06:00,1.02413,1.02420,1.02403,1.02420,60
2024.01.02,23:07:00,1.02421,1.02440,1.02420,1.02428,60
2024.01.02,23:08:00,1.02428,1.02430,1.02408,1.02417,60
2024.01.02,23:09:00,1.02418,1.02461,1.02415,1.02460,60
2024.01.02,23:10:00,1.02460,1.02491,1.02460,1.02491,60
2024.01.02,23:11:00,1.02492,1.02501,1.02490,1.02496,60
2024.01.02,23:12:00,1.02497,1.02516,1.02492,1.02516,60
2024.01.02,23:13:00,1.02515,1.02520,1.02504,1.02507,60
2024.01.02,23:14:00,1.02507,1.02507,1.02496,1.02504,60
2024.01.02,23:15:00,1.02505,1.02527,1.02505,1.02514,60
2024.01.02,23:16:00,1.02514,1.02529,1.02510,1.02527,60
2024.01.02,23:17:00,1.02524,1.02543,1.02524,1.02540,60
2024.01.02,23:18:00,1.02541,1.02554,1.02537,1.02548,60
2024.01.02,23:19:00,1.02548,1.02573,1.02545,1.02568,60
2024.01.02,23:20:00,1.02569,1.02590,1.02565,1.02588,60
2024.01.02,23:21:00,1.02590,1.02600,1.02590,1.02595,60
2024.01.02,23:22:00,1.02596,1.02624,1.02594,1.02624,60
2024.01.02,23:23:00,1.02621,1.02632,1.02616,1.02625,60
2024.01.02,23:24:00,1.02624,1.02639,1.02624,1.02634,60
2024.01.02,23:25:00,1.02632,1.02651,1.02631,1.02644,60
2024.01.02,23:26:00,1.02641,1.02664,1.02637,1.02664,60
2024.01.02,23:27:00,1.02663,1.02687,1.02661,1.02686,60
2024.01.02,23:28:00,1.02685,1.02700,1.02682,1.02693,60
2024.01.02,23:29:00,1.02692,1.02692,1.02676,1.02679,60
2024.01.02,23:30:00,1.02681,1.02692,1.02676,1.02678,60
2024.01.02,23:31:00,1.02680,1.02692,1.02672,1.02692,60
2024.01.02,23:32:00,1.02692,1.02714,1.02691,1.02712,60
2024.01.02,23:33:00,1.02713,1.02722,1.02708,1.02722,60
2024.01.02,23:34:00,1.02720,1.02752,1.02720,1.02751,60
2024.01.02,23:35:00,1.02750,1.02778,1.02749,1.02778,60
2024.01.02,23:36:00,1.02777,1.02781,1.02760,1.02762,60
2024.01.02,23:37:00,1.02761,1.02775,1.02756,1.02774,60
2024.01.02,23:38:00,1.02773,1.02788,1.02773,1.02786,60
2024.01.02,23:39:00,1.02788,1.02806,1.02788,1.02805,60
2024.01.02,23:40:00,1.02807,1.02813,1.02792,1.02795,60
2024.01.02,23:41:00,1.02793,1.02795,1.02787,1.02795,60
2024.01.02,23:42:00,1.02794,1.02806,1.02791,1.02805,60
2024.01.02,23:43:00,1.02804,1.02808,1.02800,1.02801,60
2024.01.02,23:44:00,1.02800,1.02817,1.02798,1.02817,60
2024.01.02,23:45:00,1.02817,1.02843,1.02817,1.02843,60
2024.01.02,23:46:00,1.02840,1.02887,1.02840,1.02886,60
2024.01.02,23:47:00,1.02883,1.02913,1.02883,1.02913,60
2024.01.02,23:48:00,1.02909,1.02911,1.02891,1.02891,60
2024.01.02,23:49:00,1.02891,1.02909,1.02891,1.02906,60
2024.01.02,23:50:00,1.02907,1.02927,1.02902,1.02924,60
2024.01.02,23:51:00,1.02925,1.02953,1.02922,1.02952,60
2024.01.02,23:52:00,1.02955,1.02984,1.02954,1.02982,60
2024.01.02,23:53:00,1.02980,1.03000,1.02979,1.02988,60
2024.01.02,23:54:00,1.02988,1.03007,1.02985,1.03001,60
2024.01.02,23:55:00,1.02999,1.03012,1.02999,1.03004,60
2024.01.02,23:56:00,1.03007,1.03012,1.03001,1.03007,60
2024.01.02,23:57:00,1.03007,1.03036,1.03007,1.03036,60
2024.01.02,23:58:00,1.03036,1.03045,1.03031,1.03045,60
2024.01.02,23:59:00,1.03045,1.03077,1.03044,1.03073,60
2024.01.03,00:00:00,1.03073,1.03081,1.03069,1.03076,60
2024.01.03,00:01:00,1.03081,1.03100,1.03079,1.03097,60
2024.01.03,00:02:00,1.03096,1.03103,1.03092,1.03095,60
2024.01.03,00:03:00,1.03094,1.03114,1.03092,1.03114,60
2024.01.03,00:04:00,1.03113,1.03114,1.03100,1.03102,60
2024.01.03,00:05:00,1.03102,1.03116,1.03102,1.03110,60
2024.01.03,00:06:00,1.03109,1.03126,1.03107,1.03120,60
2024.01.03,00:07:00,1.03118,1.03140,1.03118,1.03140,60
2024.01.03,00:08:00,1.03140,1.03155,1.03134,1.03150,60
2024.01.03,00:09:00,1.03148,1.03174,1.03148,1.03173,60
2024.01.03,00:10:00,1.03174,1.03212,1.03172,1.03212,60
2024.01.03,00:11:00,1.03210,1.03229,1.03210,1.03229,60
2024.01.03,00:12:00,1.03232,1.03244,1.03223,1.03239,60
2024.01.03,00:13:00,1.03238,1.03263,1.03238,1.03255,60
2024.01.03,00:14:00,1.03254,1.03276,1.03253,1.03268,60
2024.01.03,00:15:00,1.03269,1.03283,1.03264,1.03281,60
2024.01.03,00:16:00,1.03280,1.03297,1.03277,1.03290,60
2024.01.03,00:17:00,1.03289,1.03300,1.03289,1.03295,60
2024.01.03,00:18:00,1.03293,1.03318,1.03292,1.03314,60
2024.01.03,00:19:00,1.03312,1.03327,1.03309,1.03327,60
2024.01.03,00:20:00,1.03325,1.03326,1.03312,1.03315,60
2024.01.03,00:21:00,1.03314,1.03330,1.03314,1.03328,60
2024.01.03,00:22:00,1.03331,1.03342,1.03326,1.03335,60
2024.01.03,00:23:00,1.03334,1.03352,1.03333,1.03350,60
2024.01.03,00:24:00,1.03348,1.03370,1.03342,1.03369,60
2024.01.03,00:25:00,1.03369,1.03395,1.03369,1.03395,60
2024.01.03,00:26:00,1.03395,1.03412,1.03392,1.03397,60
2024.01.03,00:27:00,1.03398,1.03426,1.03392,1.03426,60
2024.01.03,00:28:00,1.03428,1.03440,1.03425,1.03434,60
2024.01.03,00:29:00,1.03435,1.03454,1.03427,1.03454,60
2024.01.03,00:30:00,1.03455,1.03464,1.03446,1.03464,60
2024.01.03,00:31:00,1.03465,1.03498,1.03463,1.03496,60
2024.01.03,00:32:00,1.03498,1.03504,1.03492,1.03497,60
2024.01.03,00:33:00,1.03495,1.03511,1.03495,1.03509,60
2024.01.03,00:34:00,1.03507,1.03520,1.03504,1.03518,60
2024.01.03,00:35:00,1.03517,1.03544,1.03517,1.03541,60
2024.01.03,00:36:00,1.03538,1.03544,1.03533,1.03537,60
2024.01.03,00:37:00,1.03534,1.03550,1.03534,1.03550,60
2024.01.03,00:38:00,1.03552,1.03568,1.03549,1.03568,60
2024.01.03,00:39:00,1.03568,1.03579,1.03567,1.03573,60
2024.01.03,00:40:00,1.03574,1.03599,1.03573,1.03599,60
2024.01.03,00:41:00,1.03600,1.03607,1.03592,1.03599,60
2024.01.03,00:42:00,1.03602,1.03604,1.03588,1.03595,60
2024.01.03,00:43:00,1.03596,1.03608,1.03591,1.03596,60
2024.01.03,00:44:00,1.03596,1.03633,1.03595,1.03628,60
2024.01.03,00:45:00,1.03630,1.03634,1.03621,1.03627,60
2024.01.03,00:46:00,1.03628,1.03630,1.03615,1.03620,60
2024.01.03,00:47:00,1.03619,1.03625,1.03613,1.03622,60
2024.01.03,00:48:00,1.03623,1.03635,1.03612,1.03631,60
2024.01.03,00:49:00,1.03629,1.03629,1.03616,1.03626,60
2024.01.03,00:50:00,1.03623,1.03652,1.03622,1.03644,60
2024.01.03,00:51:00,1.03645,1.03664,1.03642,1.03649,60
2024.01.03,00:52:00,1.03649,1.03662,1.03649,1.03659,60
2024.01.03,00:53:00,1.03659,1.03659,1.03651,1.03654,60
2024.01.03,00:54:00,1.03655,1.03665,1.03653,1.03658,60
2024.01.03,00:55:00,1.03658,1.03658,1.03642,1.03653,60
2024.01.03,00:56:00,1.03650,1.03659,1.03644,1.03659,60
2024.01.03,00:57:00,1.03660,1.03661,1.03647,1.03648,60
2024.01.03,00:58:00,1.03649,1.03657,1.03641,1.03650,60
2024.01.03,00:59:00,1.03650,1.03652,1.03640,1.03648,60
2024.01.03,01:00:00,1.03645,1.03655,1.03642,1.03647,60
2024.01.03,01:01:00,1.03647,1.03664,1.03645,1.03648,60
2024.01.03,01:02:00,1.03647,1.03661,1.03647,1.03652,60
2024.01.03,01:03:00,1.03651,1.03662,1.03648,1.03660,60
2024.01.03,01:04:00,1.03657,1.03658,1.03639,1.03651,60
2024.01.03,01:05:00,1.03649,1.03655,1.03642,1.03651,60
2024.01.03,01:06:00,1.03648,1.03655,1.03645,1.03655,60
2024.01.03,01:07:00,1.03656,1.03665,1.03653,1.03660,60
2024.01.03,01:08:00,1.03661,1.03665,1.03644,1.03644,60
2024.01.03,01:09:00,1.03646,1.03655,1.03644,1.03652,60
2024.01.03,01:10:00,1.03652,1.03654,1.03640,1.03654,60
2024.01.03,01:11:00,1.03653,1.03656,1.03647,1.03648,60
2024.01.03,01:12:00,1.03648,1.03657,1.03644,1.03657,60
2024.01.03,01:13:00,1.03658,1.03660,1.03648,1.03654,60
2024.01.03,01:14:00,1.03653,1.03655,1.03642,1.03650,60
2024.01.03,01:15:00,1.03649,1.03659,1.03645,1.03645,60
2024.01.03,01:16:00,1.03646,1.03661,1.03645,1.03654,60
2024.01.03,01:17:00,1.03655,1.03659,1.03648,1.03653,60
2024.01.03,01:18:00,1.03655,1.03664,1.03649,1.03649,60
2024.01.03,01:19:00,1.03649,1.03661,1.03648,1.03659,60
2024.01.03,01:20:00,1.03659,1.03666,1.03652,1.03661,60
2024.01.03,01:21:00,1.03660,1.03665,1.03653,1.03656,60
2024.01.03,01:22:00,1.03656,1.03656,1.03641,1.03648,60
2024.01.03,01:23:00,1.03646,1.03657,1.03641,1.03657,60
2024.01.03,01:24:00,1.03657,1.03659,1.03646,1.03650,60
2024.01.03,01:25:00,1.03652,1.03661,1.03647,1.03658,60
2024.01.03,01:26:00,1.03656,1.03663,1.03651,1.03657,60
2024.01.03,01:27:00,1.03655,1.03664,1.03653,1.03656,60
2024.01.03,01:28:00,1.03652,1.03658,1.03642,1.03653,60
2024.01.03,01:29:00,1.03653,1.03664,1.03648,1.03651,60
2024.01.03,01:30:00,1.03653,1.03659,1.03642,1.03659,60
2024.01.03,01:31:00,1.03659,1.03663,1.03649,1.03660,60
2024.01.03,01:32:00,1.03660,1.03661,1.03648,1.03655,60
2024.01.03,01:33:00,1.03655,1.03658,1.03641,1.03657,60
2024.01.03,01:34:00,1.03656,1.03657,1.03643,1.03652,60
2024.01.03,01:35:00,1.03652,1.03658,1.03643,1.03652,60
2024.01.03,01:36:00,1.03650,1.03654,1.03644,1.03651,60
2024.01.03,01:37:00,1.03651,1.03662,1.03646,1.03650,60
2024.01.03,01:38:00,1.03647,1.03655,1.03644,1.03649,60
2024.01.03,01:39:00,1.03649,1.03664,1.03645,1.03663,60
2024.01.03,01:40:00,1.03662,1.03666,1.03653,1.03659,60
2024.01.03,01:41:00,1.03657,1.03657,1.03637,1.03647,60
2024.01.03,01:42:00,1.03647,1.03659,1.03642,1.03642,60
2024.01.03,01:43:00,1.03644,1.03656,1.03642,1.03644,60
2024.01.03,01:44:00,1.03645,1.03656,1.03645,1.03653,60
2024.01.03,01:45:00,1.03653,1.03660,1.03650,1.03656,60
2024.01.03,01:46:00,1.03655,1.03663,1.03648,1.03652,60
2024.01.03,01:47:00,1.03651,1.03656,1.03643,1.03653,60
2024.01.03,01:48:00,1.03652,1.03655,1.03644,1.03653,60
2024.01.03,01:49:00,1.03652,1.03658,1.03646,1.03652,60
2024.01.03,01:50:00,1.03653,1.03659,1.03647,1.03650,60
2024.01.03,01:51:00,1.03652,1.03667,1.03649,1.03661,60
2024.01.03,01:52:00,1.03660,1.03661,1.03644,1.03651,60
2024.01.03,01:53:00,1.03651,1.03662,1.03649,1.03659,60
2024.01.03,01:54:00,1.03658,1.03661,1.03648,1.03652,60
2024.01.03,01:55:00,1.03653,1.03658,1.03646,1.03648,60
2024.01.03,01:56:00,1.03649,1.03655,1.03641,1.03655,60
2024.01.03,01:57:00,1.03654,1.03661,1.03645,1.03648,60
2024.01.03,01:58:00,1.03647,1.03674,1.03646,1.03674,60
2024.01.03,01:59:00,1.03676,1.03676,1.03649,1.03649,60
2024.01.03,02:00:00,1.03651,1.03664,1.03647,1.03648,60
2024.01.03,02:01:00,1.03647,1.03654,1.03637,1.03647,60
2024.01.03,02:02:00,1.03646,1.03660,1.03646,1.03657,60
2024.01.03,02:03:00,1.03658,1.03660,1.03643,1.03653,60
2024.01.03,02:04:00,1.03652,1.03654,1.03643,1.03649,60
2024.01.03,02:05:00,1.03650,1.03651,1.03634,1.03635,60
2024.01.03,02:06:00,1.03635,1.03638,1.03602,1.03602,60
2024.01.03,02:07:00,1.03601,1.03602,1.03578,1.03588,60
2024.01.03,02:08:00,1.03588,1.03589,1.03567,1.03573,60
2024.01.03,02:09:00,1.03570,1.03576,1.03550,1.03552,60
2024.01.03,02:10:00,1.03551,1.03554,1.03536,1.03536,60
2024.01.03,02:11:00,1.03533,1.03537,1.03509,1.03509,60
2024.01.03,02:12:00,1.03510,1.03515,1.03488,1.03491,60
2024.01.03,02:13:00,1.03491,1.03492,1.03464,1.03464,60
2024.01.03,02:14:00,1.03463,1.03465,1.03448,1.03450,60
2024.01.03,02:15:00,1.03451,1.03455,1.03446,1.03452,60
2024.01.03,02:16:00,1.03452,1.03455,1.03432,1.03433,60
2024.01.03,02:17:00,1.03431,1.03432,1.03414,1.03420,60
2024.01.03,02:18:00,1.03415,1.03425,1.03413,1.03425,60
2024.01.03,02:19:00,1.03424,1.03425,1.03408,1.03411,60
2024.01.03,02:20:00,1.03410,1.03411,1.03398,1.03405,60
2024.01.03,02:21:00,1.03405,1.03408,1.03395,1.03405,60
2024.01.03,02:22:00,1.03404,1.03408,1.03379,1.03380,60
2024.01.03,02:23:00,1.03381,1.03382,1.03357,1.03357,60
2024.01.03,02:24:00,1.03355,1.03355,1.03335,1.03336,60
2024.01.03,02:25:00,1.03335,1.03335,1.03311,1.03314,60
2024.01.03,02:26:00,1.03314,1.03316,1.03297,1.03297,60
2024.01.03,02:27:00,1.03297,1.03297,1.03268,1.03269,60
2024.01.03,02:28:00,1.03271,1.03274,1.03263,1.03266,60
2024.01.03,02:29:00,1.03266,1.03268,1.03253,1.03253,60
2024.01.03,02:30:00,1.03252,1.03253,1.03232,1.03245,60
2024.01.03,02:31:00,1.03245,1.03245,1.03220,1.03220,60
2024.01.03,02:32:00,1.03218,1.03221,1.03197,1.03201,60
2024.01.03,02:33:00,1.03200,1.03200,1.03183,1.03186,60
2024.01.03,02:34:00,1.03184,1.03189,1.03165,1.03171,60
2024.01.03,02:35:00,1.03174,1.03179,1.03163,1.03164,60
2024.01.03,02:36:00,1.03163,1.03171,1.03159,1.03165,60
2024.01.03,02:37:00,1.03167,1.03175,1.03165,1.03168,60
2024.01.03,02:38:00,1.03167,1.03172,1.03162,1.03163,60
2024.01.03,02:39:00,1.03166,1.03174,1.03162,1.03167,60
2024.01.03,02:40:00,1.03166,1.03168,1.03155,1.03165,60
2024.01.03,02:41:00,1.03164,1.03185,1.03157,1.03176,60
2024.01.03,02:42:00,1.03175,1.03184,1.03170,1.03170,60
2024.01.03,02:43:00,1.03172,1.03177,1.03161,1.03166,60
2024.01.03,02:44:00,1.03167,1.03169,1.03160,1.03169,60
2024.01.03,02:45:00,1.03170,1.03177,1.03166,1.03167,60
2024.01.03,02:46:00,1.03165,1.03169,1.03155,1.03158,60
2024.01.03,02:47:00,1.03159,1.03170,1.03156,1.03168,60
2024.01.03,02:48:00,1.03170,1.03175,1.03161,1.03165,60
2024.01.03,02:49:00,1.03167,1.03173,1.03160,1.03161,60
2024.01.03,02:50:00,1.03162,1.03173,1.03161,1.03172,60
2024.01.03,02:51:00,1.03172,1.03177,1.03169,1.03171,60
2024.01.03,02:52:00,1.03170,1.03173,1.03160,1.03164,60
2024.01.03,02:53:00,1.03163,1.03170,1.03157,1.03161,60
2024.01.03,02:54:00,1.03161,1.03173,1.03160,1.03172,60
2024.01.03,02:55:00,1.03175,1.03175,1.03154,1.03162,60
2024.01.03,02:56:00,1.03160,1.03177,1.03157,1.03167,60
2024.01.03,02:57:00,1.03169,1.03176,1.03162,1.03165,60
2024.01.03,02:58:00,1.03165,1.03170,1.03160,1.03166,60
2024.01.03,02:59:00,1.03165,1.03177,1.03165,1.03170,60
2024.01.03,03:00:00,1.03170,1.03174,1.03163,1.03168,60
2024.01.03,03:01:00,1.03167,1.03172,1.03149,1.03171,60
2024.01.03,03:02:00,1.03169,1.03174,1.03156,1.03158,60
2024.01.03,03:03:00,1.03158,1.03169,1.03154,1.03155,60
2024.01.03,03:04:00,1.03155,1.03168,1.03152,1.03168,60
2024.01.03,03:05:00,1.03168,1.03176,1.03161,1.03165,60
2024.01.03,03:06:00,1.03165,1.03172,1.03156,1.03161,60
2024.01.03,03:07:00,1.03164,1.03173,1.03161,1.03162,60
2024.01.03,03:08:00,1.03160,1.03170,1.03158,1.03169,60
2024.01.03,03:09:00,1.03168,1.03175,1.03159,1.03170,60
2024.01.03,03:10:00,1.03169,1.03174,1.03162,1.03168,60
2024.01.03,03:11:00,1.03167,1.03173,1.03163,1.03165,60
2024.01.03,03:12:00,1.03164,1.03167,1.03157,1.03165,60
2024.01.03,03:13:00,1.03167,1.03177,1.03164,1.03171,60
2024.01.03,03:14:00,1.03170,1.03179,1.03165,1.03167,60
2024.01.03,03:15:00,1.03168,1.03173,1.03162,1.03169,60
2024.01.03,03:16:00,1.03170,1.03174,1.03163,1.03165,60
2024.01.03,03:17:00,1.03164,1.03167,1.03157,1.03167,60
2024.01.03,03:18:00,1.03167,1.03169,1.03160,1.03164,60
2024.01.03,03:19:00,1.03163,1.03170,1.03158,1.03160,60
2024.01.03,03:20:00,1.03159,1.03168,1.03155,1.03162,60
2024.01.03,03:21:00,1.03162,1.03170,1.03160,1.03165,60
2024.01.03,03:22:00,1.03166,1.03177,1.03163,1.03167,60
2024.01.03,03:23:00,1.03169,1.03178,1.03160,1.03177,60
2024.01.03,03:24:00,1.03178,1.03178,1.03162,1.03170,60
2024.01.03,03:25:00,1.03171,1.03171,1.03161,1.03165,60
2024.01.03,03:26:00,1.03167,1.03174,1.03162,1.03173,60
2024.01.03,03:27:00,1.03174,1.03181,1.03172,1.03177,60
2024.01.03,03:28:00,1.03177,1.03183,1.03164,1.03171,60
2024.01.03,03:29:00,1.03168,1.03174,1.03159,1.03173,60
2024.01.03,03:30:00,1.03172,1.03172,1.03161,1.03166,60
2024.01.03,03:31:00,1.03169,1.03184,1.03163,1.03166,60
2024.01.03,03:32:00,1.03167,1.03179,1.03167,1.03174,60
2024.01.03,03:33:00,1.03174,1.03177,1.03162,1.03164,60
2024.01.03,03:34:00,1.03164,1.03173,1.03158,1.03169,60
2024.01.03,03:35:00,1.03170,1.03172,1.03155,1.03163,60
2024.01.03,03:36:00,1.03164,1.03175,1.03161,1.03166,60
2024.01.03,03:37:00,1.03166,1.03172,1.03159,1.03163,60
2024.01.03,03:38:00,1.03161,1.03176,1.03157,1.03164,60
2024.01.03,03:39:00,1.03165,1.03167,1.03154,1.03159,60
2024.01.03,03:40:00,1.03162,1.03180,1.03160,1.03163,60
2024.01.03,03:41:00,1.03161,1.03170,1.03160,1.03162,60
2024.01.03,03:42:00,1.03166,1.03170,1.03159,1.03162,60
2024.01.03,03:43:00,1.03163,1.03174,1.03156,1.03173,60
2024.01.03,03:44:00,1.03171,1.03178,1.03166,1.03166,60
2024.01.03,03:45:00,1.03166,1.03168,1.03157,1.03163,60
2024.01.03,03:46:00,1.03164,1.03175,1.03162,1.03170,60
2024.01.03,03:47:00,1.03171,1.03172,1.03157,1.03170,60
2024.01.03,03:48:00,1.03170,1.03172,1.03160,1.03166,60
2024.01.03,03:49:00,1.03166,1.03175,1.03159,1.03175,60
2024.01.03,03:50:00,1.03175,1.03177,1.03169,1.03174,60
2024.01.03,03:51:00,1.03171,1.03173,1.03158,1.03159,60
2024.01.03,03:52:00,1.03158,1.03175,1.03158,1.03168,60
2024.01.03,03:53:00,1.03168,1.03173,1.03162,1.03164,60
2024.01.03,03:54:00,1.03167,1.03182,1.03167,1.03172,60
2024.01.03,03:55:00,1.03172,1.03179,1.03165,1.03168,60
2024.01.03,03:56:00,1.03167,1.03172,1.03161,1.03172,60
2024.01.03,03:57:00,1.03170,1.03181,1.03165,1.03168,60
2024.01.03,03:58:00,1.03166,1.03176,1.03165,1.03165,60
2024.01.03,03:59:00,1.03166,1.03181,1.03162,1.03177,60
2024.01.03,04:00:00,1.03176,1.03181,1.03163,1.03177,60
2024.01.03,04:01:00,1.03176,1.03177,1.03166,1.03167,60
2024.01.03,04:02:00,1.03167,1.03179,1.03167,1.03176,60
2024.01.03,04:03:00,1.03173,1.03177,1.03164,1.03177,60
2024.01.03,04:04:00,1.03178,1.03185,1.03172,1.03172,60
2024.01.03,04:05:00,1.03174,1.03179,1.03165,1.03171,60
2024.01.03,04:06:00,1.03171,1.03179,1.03165,1.03172,60
2024.01.03,04:07:00,1.03171,1.03174,1.03154,1.03174,60
2024.01.03,04:08:00,1.03174,1.03180,1.03164,1.03175,60
2024.01.03,04:09:00,1.03175,1.03176,1.03166,1.03172,60
2024.01.03,04:10:00,1.03173,1.03177,1.03162,1.03168,60
2024.01.03,04:11:00,1.03169,1.03175,1.03161,1.03171,60
2024.01.03,04:12:00,1.03173,1.03176,1.03164,1.03170,60
2024.01.03,04:13:00,1.03170,1.03176,1.03161,1.03176,60
2024.01.03,04:14:00,1.03173,1.03173,1.03159,1.03160,60
2024.01.03,04:15:00,1.03161,1.03174,1.03159,1.03169,60
2024.01.03,04:16:00,1.03169,1.03170,1.03158,1.03165,60
2024.01.03,04:17:00,1.03163,1.03174,1.03157,1.03166,60
2024.01.03,04:18:00,1.03167,1.03176,1.03162,1.03169,60
2024.01.03,04:19:00,1.03168,1.03174,1.03160,1.03161,60
2024.01.03,04:20:00,1.03160,1.03170,1.03155,1.03168,60
2024.01.03,04:21:00,1.03169,1.03172,1.03156,1.03172,60
2024.01.03,04:22:00,1.03171,1.03173,1.03160,1.03161,60
2024.01.03,04:23:00,1.03164,1.03164,1.03156,1.03157,60
2024.01.03,04:24:00,1.03161,1.03176,1.03161,1.03168,60
2024.01.03,04:25:00,1.03166,1.03169,1.03155,1.03169,60
2024.01.03,04:26:00,1.03167,1.03176,1.03163,1.03167,60
2024.01.03,04:27:00,1.03167,1.03178,1.03164,1.03171,60
2024.01.03,04:28:00,1.03172,1.03175,1.03163,1.03168,60
2024.01.03,04:29:00,1.03166,1.03172,1.03160,1.03168,60
2024.01.03,04:30:00,1.03167,1.03177,1.03161,1.03176,60
2024.01.03,04:31:00,1.03176,1.03179,1.03158,1.03162,60
2024.01.03,04:32:00,1.03162,1.03179,1.03155,1.03177,60
2024.01.03,04:33:00,1.03178,1.03178,1.03161,1.03161,60
2024.01.03,04:34:00,1.03158,1.03158,1.03129,1.03130,60
2024.01.03,04:35:00,1.03130,1.03139,1.03118,1.03119,60
2024.01.03,04:36:00,1.03117,1.03117,1.03089,1.03100,60
2024.01.03,04:37:00,1.03100,1.03100,1.03084,1.03084,60
2024.01.03,04:38:00,1.03083,1.03090,1.03072,1.03074,60
2024.01.03,04:39:00,1.03076,1.03076,1.03057,1.03059,60
2024.01.03,04:40:00,1.03058,1.03058,1.03042,1.03042,60
2024.01.03,04:41:00,1.03043,1.03045,1.03020,1.03020,60
2024.01.03,04:42:00,1.03021,1.03034,1.03014,1.03015,60
2024.01.03,04:43:00,1.03014,1.03017,1.03001,1.03002,60
2024.01.03,04:44:00,1.03002,1.03007,1.02985,1.02986,60
2024.01.03,04:45:00,1.02986,1.02987,1.02977,1.02978,60
2024.01.03,04:46:00,1.02981,1.02984,1.02975,1.02978,60
2024.01.03,04:47:00,1.02978,1.02978,1.02938,1.02938,60
2024.01.03,04:48:00,1.02938,1.02942,1.02921,1.02931,60
2024.01.03,04:49:00,1.02930,1.02930,1.02913,1.02913,60
2024.01.03,04:50:00,1.02917,1.02919,1.02899,1.02903,60
2024.01.03,04:51:00,1.02902,1.02910,1.02888,1.02888,60
2024.01.03,04:52:00,1.02885,1.02887,1.02863,1.02866,60
2024.01.03,04:53:00,1.02864,1.02866,1.02827,1.02827,60
2024.01.03,04:54:00,1.02828,1.02828,1.02795,1.02797,60
2024.01.03,04:55:00,1.02799,1.02808,1.02783,1.02789,60
2024.01.03,04:56:00,1.02789,1.02789,1.02777,1.02785,60
2024.01.03,04:57:00,1.02789,1.02789,1.02770,1.02779,60
2024.01.03,04:58:00,1.02776,1.02778,1.02743,1.02744,60
2024.01.03,04:59:00,1.02746,1.02746,1.02723,1.02723,60
2024.01.03,05:00:00,1.02720,1.02721,1.02710,1.02718,60
2024.01.03,05:01:00,1.02716,1.02720,1.02709,1.02718,60
2024.01.03,05:02:00,1.02714,1.02724,1.02713,1.02717,60
2024.01.03,05:03:00,1.02717,1.02723,1.02694,1.02694,60
2024.01.03,05:04:00,1.02693,1.02697,1.02686,1.02693,60
2024.01.03,05:05:00,1.02694,1.02697,1.02680,1.02684,60
2024.01.03,05:06:00,1.02683,1.02683,1.02659,1.02659,60
2024.01.03,05:07:00,1.02657,1.02665,1.02647,1.02648,60
2024.01.03,05:08:00,1.02648,1.02650,1.02629,1.02637,60
2024.01.03,05:09:00,1.02639,1.02639,1.02615,1.02617,60
2024.01.03,05:10:00,1.02616,1.02619,1.02605,1.02617,60
2024.01.03,05:11:00,1.02617,1.02633,1.02617,1.02626,60
2024.01.03,05:12:00,1.02625,1.02627,1.02609,1.02612,60
2024.01.03,05:13:00,1.02612,1.02614,1.02590,1.02590,60
2024.01.03,05:14:00,1.02590,1.02590,1.02556,1.02558,60
2024.01.03,05:15:00,1.02558,1.02558,1.02533,1.02540,60
2024.01.03,05:16:00,1.02539,1.02542,1.02520,1.02521,60
2024.01.03,05:17:00,1.02521,1.02521,1.02485,1.02498,60
2024.01.03,05:18:00,1.02499,1.02500,1.02466,1.02466,60
2024.01.03,05:19:00,1.02463,1.02464,1.02434,1.02436,60
2024.01.03,05:20:00,1.02434,1.02437,1.02411,1.02411,60
2024.01.03,05:21:00,1.02410,1.02421,1.02403,1.02408,60
2024.01.03,05:22:00,1.02405,1.02408,1.02395,1.02396,60
2024.01.03,05:23:00,1.02397,1.02405,1.02394,1.02403,60
2024.01.03,05:24:00,1.02402,1.02402,1.02375,1.02375,60
2024.01.03,05:25:00,1.02376,1.02376,1.02343,1.02343,60
2024.01.03,05:26:00,1.02343,1.02343,1.02306,1.02310,60
2024.01.03,05:27:00,1.02311,1.02320,1.02293,1.02300,60
2024.01.03,05:28:00,1.02301,1.02303,1.02285,1.02287,60
2024.01.03,05:29:00,1.02287,1.02288,1.02256,1.02257,60
2024.01.03,05:30:00,1.02258,1.02258,1.02235,1.02240,60
2024.01.03,05:31:00,1.02239,1.02240,1.02207,1.02207,60
2024.01.03,05:32:00,1.02208,1.02208,1.02176,1.02179,60
2024.01.03,05:33:00,1.02178,1.02180,1.02165,1.02167,60
2024.01.03,05:34:00,1.02165,1.02168,1.02144,1.02145,60
2024.01.03,05:35:00,1.02143,1.02156,1.02142,1.02152,60
2024.01.03,05:36:00,1.02151,1.02153,1.02137,1.02138,60
2024.01.03,05:37:00,1.02139,1.02139,1.02112,1.02112,60
2024.01.03,05:38:00,1.02111,1.02117,1.02105,1.02105,60
2024.01.03,05:39:00,1.02104,1.02105,1.02086,1.02091,60
2024.01.03,05:40:00,1.02092,1.02093,1.02067,1.02067,60
2024.01.03,05:41:00,1.02064,1.02067,1.02052,1.02052,60
2024.01.03,05:42:00,1.02054,1.02057,1.02031,1.02031,60
2024.01.03,05:43:00,1.02032,1.02033,1.02008,1.02008,60
2024.01.03,05:44:00,1.02006,1.02010,1.01984,1.01984,60
2024.01.03,05:45:00,1.01983,1.01984,1.01953,1.01953,60
2024.01.03,05:46:00,1.01954,1.01965,1.01948,1.01949,60
2024.01.03,05:47:00,1.01951,1.01961,1.01948,1.01949,60
2024.01.03,05:48:00,1.01948,1.01951,1.01919,1.01919,60
2024.01.03,05:49:00,1.01921,1.01922,1.01910,1.01914,60
2024.01.03,05:50:00,1.01914,1.01924,1.01913,1.01920,60
2024.01.03,05:51:00,1.01921,1.01923,1.01913,1.01917,60
2024.01.03,05:52:00,1.01918,1.01923,1.01915,1.01915,60
2024.01.03,05:53:00,1.01912,1.01922,1.01912,1.01918,60
2024.01.03,05:54:00,1.01921,1.01923,1.01910,1.01919,60
2024.01.03,05:55:00,1.01915,1.01918,1.01908,1.01916,60
2024.01.03,05:56:00,1.01916,1.01923,1.01913,1.01920,60
2024.01.03,05:57:00,1.01922,1.01932,1.01917,1.01922,60
2024.01.03,05:58:00,1.01918,1.01928,1.01914,1.01926,60
2024.01.03,05:59:00,1.01927,1.01928,1.01915,1.01918,60
2024.01.03,06:00:00,1.01919,1.01927,1.01912,1.01917,60
2024.01.03,06:01:00,1.01916,1.01927,1.01914,1.01915,60
2024.01.03,06:02:00,1.01917,1.01927,1.01914,1.01927,60
2024.01.03,06:03:00,1.01925,1.01930,1.01916,1.01930,60
2024.01.03,06:04:00,1.01927,1.01927,1.01913,1.01918,60
2024.01.03,06:05:00,1.01917,1.01921,1.01907,1.01920,60
2024.01.03,06:06:00,1.01920,1.01931,1.01920,1.01924,60
2024.01.03,06:07:00,1.01924,1.01925,1.01910,1.01920,60
2024.01.03,06:08:00,1.01918,1.01931,1.01909,1.01928,60
2024.01.03,06:09:00,1.01927,1.01932,1.01915,1.01921,60
2024.01.03,06:10:00,1.01920,1.01927,1.01914,1.01917,60
2024.01.03,06:11:00,1.01920,1.01924,1.01915,1.01919,60
2024.01.03,06:12:00,1.01919,1.01924,1.01911,1.01919,60
2024.01.03,06:13:00,1.01918,1.01928,1.01913,1.01928,60
2024.01.03,06:14:00,1.01924,1.01924,1.01914,1.01919,60
2024.01.03,06:15:00,1.01921,1.01929,1.01918,1.01926,60
2024.01.03,06:16:00,1.01925,1.01927,1.01914,1.01916,60
2024.01.03,06:17:00,1.01916,1.01925,1.01912,1.01922,60
2024.01.03,06:18:00,1.01922,1.01922,1.01910,1.01911,60
2024.01.03,06:19:00,1.01911,1.01928,1.01911,1.01928,60
2024.01.03,06:20:00,1.01928,1.01931,1.01920,1.01929,60
2024.01.03,06:21:00,1.01930,1.01931,1.01916,1.01920,60
2024.01.03,06:22:00,1.01919,1.01925,1.01915,1.01916,60
2024.01.03,06:23:00,1.01916,1.01925,1.01907,1.01915,60
2024.01.03,06:24:00,1.01916,1.01927,1.01908,1.01910,60
2024.01.03,06:25:00,1.01911,1.01931,1.01908,1.01928,60
2024.01.03,06:26:00,1.01927,1.01930,1.01916,1.01921,60
2024.01.03,06:27:00,1.01923,1.01929,1.01919,1.01927,60
2024.01.03,06:28:00,1.01925,1.01928,1.01916,1.01919,60
2024.01.03,06:29:00,1.01919,1.01926,1.01915,1.01920,60
2024.01.03,06:30:00,1.01921,1.01922,1.01905,1.01921,60
2024.01.03,06:31:00,1.01921,1.01926,1.01913,1.01922,60
2024.01.03,06:32:00,1.01924,1.01930,1.01912,1.01926,60
2024.01.03,06:33:00,1.01928,1.01928,1.01907,1.01919,60
2024.01.03,06:34:00,1.01918,1.01932,1.01912,1.01931,60
2024.01.03,06:35:00,1.01931,1.01949,1.01929,1.01949,60
2024.01.03,06:36:00,1.01950,1.01979,1.01950,1.01973,60
2024.01.03,06:37:00,1.01975,1.01975,1.01962,1.01970,60
2024.01.03,06:38:00,1.01972,1.01998,1.01971,1.01998,60
2024.01.03,06:39:00,1.01998,1.02025,1.01998,1.02022,60
2024.01.03,06:40:00,1.02025,1.02055,1.02025,1.02045,60
2024.01.03,06:41:00,1.02047,1.02076,1.02047,1.02076,60
2024.01.03,06:42:00,1.02079,1.02087,1.02068,1.02087,60
2024.01.03,06:43:00,1.02087,1.02111,1.02086,1.02111,60
2024.01.03,06:44:00,1.02111,1.02122,1.02106,1.02120,60
2024.01.03,06:45:00,1.02119,1.02149,1.02119,1.02149,60
2024.01.03,06:46:00,1.02151,1.02160,1.02144,1.02160,60
2024.01.03,06:47:00,1.02160,1.02183,1.02158,1.02178,60
2024.01.03,06:48:00,1.02178,1.02190,1.02177,1.02187,60
2024.01.03,06:49:00,1.02190,1.02211,1.02189,1.02211,60
2024.01.03,06:50:00,1.02211,1.02228,1.02207,1.02224,60
2024.01.03,06:51:00,1.02227,1.02254,1.02227,1.02250,60
2024.01.03,06:52:00,1.02252,1.02292,1.02252,1.02289,60
2024.01.03,06:53:00,1.02292,1.02307,1.02290,1.02307,60
2024.01.03,06:54:00,1.02306,1.02309,1.02295,1.02304,60
2024.01.03,06:55:00,1.02302,1.02315,1.02302,1.02307,60
2024.01.03,06:56:00,1.02306,1.02327,1.02305,1.02327,60
2024.01.03,06:57:00,1.02327,1.02334,1.02318,1.02327,60
2024.01.03,06:58:00,1.02329,1.02339,1.02325,1.02336,60
2024.01.03,06:59:00,1.02336,1.02339,1.02329,1.02332,60
2024.01.03,07:00:00,1.02332,1.02347,1.02331,1.02347,60
2024.01.03,07:01:00,1.02345,1.02368,1.02344,1.02365,60
2024.01.03,07:02:00,1.02367,1.02380,1.02356,1.02380,60
2024.01.03,07:03:00,1.02380,1.02391,1.02378,1.02382,60
2024.01.03,07:04:00,1.02383,1.02390,1.02375,1.02389,60
2024.01.03,07:05:00,1.02389,1.02409,1.02388,1.02406,60
2024.01.03,07:06:00,1.02409,1.02430,1.02409,1.02424,60
2024.01.03,07:07:00,1.02422,1.02429,1.02414,1.02429,60
2024.01.03,07:08:00,1.02430,1.02451,1.02426,1.02451,60
2024.01.03,07:09:00,1.02453,1.02466,1.02447,1.02449,60
2024.01.03,07:10:00,1.02453,1.02471,1.02453,1.02462,60
2024.01.03,07:11:00,1.02462,1.02486,1.02461,1.02486,60
2024.01.03,07:12:00,1.02485,1.02509,1.02485,1.02506,60
2024.01.03,07:13:00,1.02507,1.02523,1.02504,1.02519,60
2024.01.03,07:14:00,1.02523,1.02542,1.02517,1.02542,60
2024.01.03,07:15:00,1.02543,1.02554,1.02543,1.02553,60
2024.01.03,07:16:00,1.02555,1.02595,1.02555,1.02592,60
2024.01.03,07:17:00,1.02591,1.02614,1.02590,1.02611,60
2024.01.03,07:18:00,1.02612,1.02626,1.02610,1.02614,60
2024.01.03,07:19:00,1.02614,1.02629,1.02612,1.02628,60
2024.01.03,07:20:00,1.02629,1.02630,1.02614,1.02626,60
2024.01.03,07:21:00,1.02629,1.02647,1.02623,1.02647,60
2024.01.03,07:22:00,1.02647,1.02673,1.02645,1.02673,60
2024.01.03,07:23:00,1.02672,1.02698,1.02671,1.02697,60
2024.01.03,07:24:00,1.02697,1.02719,1.02696,1.02717,60
2024.01.03,07:25:00,1.02717,1.02728,1.02715,1.02715,60
2024.01.03,07:26:00,1.02714,1.02745,1.02709,1.02744,60
2024.01.03,07:27:00,1.02746,1.02758,1.02746,1.02753,60
2024.01.03,07:28:00,1.02753,1.02772,1.02751,1.02771,60
2024.01.03,07:29:00,1.02772,1.02796,1.02768,1.02793,60
2024.01.03,07:30:00,1.02795,1.02812,1.02791,1.02803,60
2024.01.03,07:31:00,1.02805,1.02811,1.02783,1.02783,60
2024.01.03,07:32:00,1.02785,1.02806,1.02785,1.02801,60
2024.01.03,07:33:00,1.02802,1.02802,1.02773,1.02785,60
2024.01.03,07:34:00,1.02786,1.02813,1.02785,1.02813,60
2024.01.03,07:35:00,1.02813,1.02829,1.02812,1.02829,60
2024.01.03,07:36:00,1.02833,1.02852,1.02833,1.02840,60
2024.01.03,07:37:00,1.02843,1.02872,1.02841,1.02872,60
2024.01.03,07:38:00,1.02873,1.02883,1.02871,1.02882,60
2024.01.03,07:39:00,1.02884,1.02916,1.02881,1.02910,60
2024.01.03,07:40:00,1.02909,1.02940,1.02909,1.02936,60
2024.01.03,07:41:00,1.02935,1.02964,1.02932,1.02964,60
2024.01.03,07:42:00,1.02966,1.02985,1.02959,1.02984,60
2024.01.03,07:43:00,1.02984,1.03007,1.02981,1.03007,60
2024.01.03,07:44:00,1.03004,1.03028,1.03004,1.03022,60
2024.01.03,07:45:00,1.03020,1.03028,1.03015,1.03025,60
2024.01.03,07:46:00,1.03026,1.03037,1.03020,1.03031,60
2024.01.03,07:47:00,1.03033,1.03042,1.03028,1.03036,60
2024.01.03,07:48:00,1.03034,1.03041,1.03027,1.03033,60
2024.01.03,07:49:00,1.03031,1.03034,1.03025,1.03034,60
2024.01.03,07:50:00,1.03032,1.03043,1.03028,1.03035,60
2024.01.03,07:51:00,1.03033,1.03042,1.03026,1.03037,60
2024.01.03,07:52:00,1.03036,1.03052,1.03036,1.03051,60
2024.01.03,07:53:00,1.03054,1.03073,1.03052,1.03070,60
2024.01.03,07:54:00,1.03069,1.03077,1.03066,1.03072,60
2024.01.03,07:55:00,1.03070,1.03084,1.03066,1.03082,60
2024.01.03,07:56:00,1.03081,1.03101,1.03077,1.03101,60
2024.01.03,07:57:00,1.03101,1.03119,1.03100,1.03117,60
2024.01.03,07:58:00,1.03118,1.03136,1.03114,1.03133,60
2024.01.03,07:59:00,1.03136,1.03158,1.03136,1.03158,60
2024.01.03,08:00:00,1.03159,1.03194,1.03153,1.03192,60
2024.01.03,08:01:00,1.03188,1.03201,1.03187,1.03198,60
2024.01.03,08:02:00,1.03199,1.03217,1.03196,1.03217,60
2024.01.03,08:03:00,1.03219,1.03219,1.03209,1.03210,60
2024.01.03,08:04:00,1.03212,1.03233,1.03208,1.03233,60
2024.01.03,08:05:00,1.03235,1.03240,1.03227,1.03240,60
2024.01.03,08:06:00,1.03240,1.03258,1.03238,1.03258,60
2024.01.03,08:07:00,1.03258,1.03278,1.03255,1.03267,60
2024.01.03,08:08:00,1.03267,1.03272,1.03259,1.03264,60
2024.01.03,08:09:00,1.03263,1.03271,1.03257,1.03266,60
2024.01.03,08:10:00,1.03270,1.03278,1.03254,1.03261,60
2024.01.03,08:11:00,1.03262,1.03275,1.03251,1.03273,60
2024.01.03,08:12:00,1.03275,1.03296,1.03272,1.03296,60
2024.01.03,08:13:00,1.03292,1.03321,1.03289,1.03318,60
2024.01.03,08:14:00,1.03319,1.03333,1.03312,1.03331,60
2024.01.03,08:15:00,1.03333,1.03341,1.03329,1.03340,60
2024.01.03,08:16:00,1.03342,1.03365,1.03335,1.03365,60
2024.01.03,08:17:00,1.03363,1.03379,1.03360,1.03375,60
2024.01.03,08:18:00,1.03375,1.03399,1.03375,1.03394,60
2024.01.03,08:19:00,1.03396,1.03405,1.03391,1.03394,60
2024.01.03,08:20:00,1.03390,1.03411,1.03385,1.03411,60
2024.01.03,08:21:00,1.03411,1.03434,1.03406,1.03434,60
2024.01.03,08:22:00,1.03436,1.03447,1.03436,1.03441,60
2024.01.03,08:23:00,1.03442,1.03458,1.03431,1.03457,60
2024.01.03,08:24:00,1.03459,1.03467,1.03456,1.03466,60
2024.01.03,08:25:00,1.03464,1.03484,1.03460,1.03478,60
2024.01.03,08:26:00,1.03476,1.03487,1.03465,1.03487,60
2024.01.03,08:27:00,1.03488,1.03490,1.03479,1.03486,60
2024.01.03,08:28:00,1.03485,1.03493,1.03478,1.03492,60
2024.01.03,08:29:00,1.03493,1.03497,1.03482,1.03486,60
2024.01.03,08:30:00,1.03487,1.03487,1.03475,1.03486,60
2024.01.03,08:31:00,1.03486,1.03491,1.03473,1.03486,60
2024.01.03,08:32:00,1.03487,1.03487,1.03474,1.03482,60
2024.01.03,08:33:00,1.03485,1.03493,1.03475,1.03489,60
2024.01.03,08:34:00,1.03491,1.03495,1.03478,1.03478,60
2024.01.03,08:35:00,1.03480,1.03493,1.03480,1.03482,60
2024.01.03,08:36:00,1.03483,1.03493,1.03479,1.03487,60
2024.01.03,08:37:00,1.03487,1.03497,1.03485,1.03485,60
2024.01.03,08:38:00,1.03485,1.03495,1.03478,1.03480,60
2024.01.03,08:39:00,1.03478,1.03490,1.03476,1.03479,60
2024.01.03,08:40:00,1.03479,1.03500,1.03477,1.03498,60
2024.01.03,08:41:00,1.03498,1.03498,1.03484,1.03485,60
2024.01.03,08:42:00,1.03487,1.03490,1.03479,1.03487,60
2024.01.03,08:43:00,1.03486,1.03490,1.03472,1.03486,60
2024.01.03,08:44:00,1.03485,1.03491,1.03474,1.03482,60
2024.01.03,08:45:00,1.03480,1.03493,1.03480,1.03489,60
2024.01.03,08:46:00,1.03488,1.03494,1.03483,1.03485,60
2024.01.03,08:47:00,1.03486,1.03489,1.03474,1.03488,60
2024.01.03,08:48:00,1.03488,1.03492,1.03481,1.03488,60
2024.01.03,08:49:00,1.03486,1.03491,1.03481,1.03482,60
2024.01.03,08:50:00,1.03483,1.03491,1.03477,1.03487,60
2024.01.03,08:51:00,1.03488,1.03491,1.03478,1.03478,60
2024.01.03,08:52:00,1.03476,1.03489,1.03472,1.03479,60
2024.01.03,08:53:00,1.03478,1.03494,1.03478,1.03485,60
2024.01.03,08:54:00,1.03486,1.03493,1.03475,1.03493,60
2024.01.03,08:55:00,1.03490,1.03490,1.03479,1.03485,60
2024.01.03,08:56:00,1.03486,1.03492,1.03480,1.03489,60
2024.01.03,08:57:00,1.03491,1.03491,1.03474,1.03478,60
2024.01.03,08:58:00,1.03478,1.03487,1.03477,1.03483,60
2024.01.03,08:59:00,1.03483,1.03485,1.03470,1.03479,60
2024.01.03,09:00:00,1.03481,1.03495,1.03477,1.03481,60
2024.01.03,09:01:00,1.03482,1.03498,1.03479,1.03486,60
2024.01.03,09:02:00,1.03486,1.03491,1.03480,1.03485,60
2024.01.03,09:03:00,1.03484,1.03488,1.03479,1.03486,60
2024.01.03,09:04:00,1.03486,1.03493,1.03482,1.03485,60
2024.01.03,09:05:00,1.03485,1.03492,1.03481,1.03483,60
2024.01.03,09:06:00,1.03484,1.03495,1.03482,1.03490,60
2024.01.03,09:07:00,1.03491,1.03491,1.03475,1.03478,60
2024.01.03,09:08:00,1.03478,1.03492,1.03476,1.03488,60
2024.01.03,09:09:00,1.03489,1.03490,1.03472,1.03483,60
2024.01.03,09:10:00,1.03479,1.03490,1.03477,1.03484,60
2024.01.03,09:11:00,1.03485,1.03493,1.03477,1.03485,60
2024.01.03,09:12:00,1.03484,1.03497,1.03480,1.03485,60
2024.01.03,09:13:00,1.03485,1.03493,1.03484,1.03493,60
2024.01.03,09:14:00,1.03492,1.03494,1.03482,1.03486,60
2024.01.03,09:15:00,1.03486,1.03494,1.03478,1.03478,60
2024.01.03,09:16:00,1.03478,1.03494,1.03478,1.03488,60
2024.01.03,09:17:00,1.03487,1.03491,1.03472,1.03480,60
2024.01.03,09:18:00,1.03480,1.03493,1.03477,1.03484,60
2024.01.03,09:19:00,1.03484,1.03488,1.03480,1.03484,60
2024.01.03,09:20:00,1.03486,1.03494,1.03478,1.03478,60
2024.01.03,09:21:00,1.03477,1.03495,1.03477,1.03495,60
2024.01.03,09:22:00,1.03494,1.03498,1.03480,1.03481,60
2024.01.03,09:23:00,1.03484,1.03489,1.03481,1.03484,60
2024.01.03,09:24:00,1.03483,1.03492,1.03482,1.03487,60
2024.01.03,09:25:00,1.03491,1.03499,1.03479,1.03494,60
2024.01.03,09:26:00,1.03495,1.03499,1.03481,1.03489,60
2024.01.03,09:27:00,1.03488,1.03504,1.03483,1.03501,60
2024.01.03,09:28:00,1.03501,1.03526,1.03501,1.03523,60
2024.01.03,09:29:00,1.03526,1.03536,1.03524,1.03529,60
2024.01.03,09:30:00,1.03528,1.03539,1.03524,1.03539,60
2024.01.03,09:31:00,1.03540,1.03562,1.03537,1.03562,60
2024.01.03,09:32:00,1.03562,1.03588,1.03562,1.03588,60
2024.01.03,09:33:00,1.03589,1.03614,1.03588,1.03600,60
2024.01.03,09:34:00,1.03600,1.03620,1.03598,1.03620,60
2024.01.03,09:35:00,1.03618,1.03632,1.03613,1.03626,60
2024.01.03,09:36:00,1.03625,1.03638,1.03625,1.03633,60
2024.01.03,09:37:00,1.03634,1.03646,1.03627,1.03646,60
2024.01.03,09:38:00,1.03644,1.03658,1.03641,1.03658,60
2024.01.03,09:39:00,1.03658,1.03684,1.03658,1.03684,60
2024.01.03,09:40:00,1.03680,1.03697,1.03677,1.03683,60
2024.01.03,09:41:00,1.03687,1.03705,1.03685,1.03700,60
2024.01.03,09:42:00,1.03700,1.03711,1.03692,1.03708,60
2024.01.03,09:43:00,1.03707,1.03731,1.03703,1.03731,60
2024.01.03,09:44:00,1.03730,1.03734,1.03722,1.03734,60
2024.01.03,09:45:00,1.03734,1.03752,1.03733,1.03746,60
2024.01.03,09:46:00,1.03748,1.03768,1.03748,1.03765,60
2024.01.03,09:47:00,1.03766,1.03771,1.03760,1.03763,60
2024.01.03,09:48:00,1.03765,1.03792,1.03764,1.03792,60
2024.01.03,09:49:00,1.03793,1.03817,1.03793,1.03817,60
2024.01.03,09:50:00,1.03818,1.03837,1.03817,1.03826,60
2024.01.03,09:51:00,1.03827,1.03838,1.03823,1.03838,60
2024.01.03,09:52:00,1.03841,1.03872,1.03838,1.03872,60
2024.01.03,09:53:00,1.03871,1.03883,1.03869,1.03878,60
2024.01.03,09:54:00,1.03879,1.03904,1.03879,1.03896,60
2024.01.03,09:55:00,1.03897,1.03923,1.03897,1.03919,60
2024.01.03,09:56:00,1.03922,1.03940,1.03922,1.03937,60
2024.01.03,09:57:00,1.03939,1.03964,1.03937,1.03964,60
2024.01.03,09:58:00,1.03962,1.03987,1.03954,1.03984,60
2024.01.03,09:59:00,1.03984,1.04011,1.03984,1.04010,60
2024.01.03,10:00:00,1.04012,1.04027,1.04010,1.04027,60
2024.01.03,10:01:00,1.04029,1.04048,1.04027,1.04040,60
2024.01.03,10:02:00,1.04042,1.04069,1.04034,1.04068,60
2024.01.03,10:03:00,1.04069,1.04088,1.04063,1.04085,60
2024.01.03,10:04:00,1.04087,1.04096,1.04081,1.04096,60
2024.01.03,10:05:00,1.04098,1.04114,1.04096,1.04110,60
2024.01.03,10:06:00,1.04109,1.04118,1.04106,1.04111,60
2024.01.03,10:07:00,1.04112,1.04132,1.04111,1.04126,60
2024.01.03,10:08:00,1.04128,1.04147,1.04128,1.04144,60
2024.01.03,10:09:00,1.04142,1.04168,1.04139,1.04163,60
2024.01.03,10:10:00,1.04166,1.04193,1.04166,1.04192,60
2024.01.03,10:11:00,1.04190,1.04208,1.04190,1.04198,60
2024.01.03,10:12:00,1.04196,1.04202,1.04191,1.04191,60
2024.01.03,10:13:00,1.04190,1.04197,1.04184,1.04191,60
2024.01.03,10:14:00,1.04193,1.04219,1.04193,1.04219,60
2024.01.03,10:15:00,1.04218,1.04237,1.04207,1.04236,60
2024.01.03,10:16:00,1.04239,1.04261,1.04237,1.04260,60
2024.01.03,10:17:00,1.04258,1.04261,1.04244,1.04247,60
2024.01.03,10:18:00,1.04244,1.04271,1.04240,1.04268,60
2024.01.03,10:19:00,1.04270,1.04280,1.04266,1.04270,60
2024.01.03,10:20:00,1.04271,1.04273,1.04259,1.04267,60
2024.01.03,10:21:00,1.04269,1.04294,1.04262,1.04288,60
2024.01.03,10:22:00,1.04287,1.04299,1.04281,1.04299,60
2024.01.03,10:23:00,1.04301,1.04328,1.04297,1.04327,60
2024.01.03,10:24:00,1.04329,1.04342,1.04327,1.04342,60
2024.01.03,10:25:00,1.04342,1.04364,1.04341,1.04364,60
2024.01.03,10:26:00,1.04365,1.04376,1.04365,1.04368,60
2024.01.03,10:27:00,1.04369,1.04391,1.04367,1.04391,60
2024.01.03,10:28:00,1.04389,1.04411,1.04388,1.04408,60
2024.01.03,10:29:00,1.04408,1.04441,1.04408,1.04441,60
2024.01.03,10:30:00,1.04444,1.04472,1.04444,1.04472,60
2024.01.03,10:31:00,1.04474,1.04488,1.04474,1.04488,60
2024.01.03,10:32:00,1.04487,1.04490,1.04478,1.04486,60
2024.01.03,10:33:00,1.04486,1.04488,1.04480,1.04486,60
2024.01.03,10:34:00,1.04488,1.04505,1.04483,1.04505,60
2024.01.03,10:35:00,1.04507,1.04523,1.04501,1.04521,60
2024.01.03,10:36:00,1.04521,1.04551,1.04521,1.04548,60
2024.01.03,10:37:00,1.04547,1.04561,1.04547,1.04558,60
2024.01.03,10:38:00,1.04560,1.04564,1.04557,1.04557,60
2024.01.03,10:39:00,1.04557,1.04575,1.04552,1.04571,60
2024.01.03,10:40:00,1.04568,1.04589,1.04562,1.04584,60
2024.01.03,10:41:00,1.04586,1.04601,1.04583,1.04596,60
2024.01.03,10:42:00,1.04594,1.04631,1.04594,1.04629,60
2024.01.03,10:43:00,1.04630,1.04670,1.04630,1.04668,60
2024.01.03,10:44:00,1.04667,1.04684,1.04664,1.04684,60
2024.01.03,10:45:00,1.04684,1.04709,1.04683,1.04709,60
2024.01.03,10:46:00,1.04709,1.04722,1.04709,1.04714,60
2024.01.03,10:47:00,1.04717,1.04730,1.04713,1.04730,60
2024.01.03,10:48:00,1.04731,1.04744,1.04726,1.04743,60
2024.01.03,10:49:00,1.04742,1.04762,1.04742,1.04760,60
2024.01.03,10:50:00,1.04759,1.04777,1.04758,1.04767,60
2024.01.03,10:51:00,1.04769,1.04778,1.04760,1.04776,60
2024.01.03,10:52:00,1.04778,1.04805,1.04774,1.04800,60
2024.01.03,10:53:00,1.04798,1.04812,1.04798,1.04810,60
2024.01.03,10:54:00,1.04811,1.04816,1.04801,1.04803,60
2024.01.03,10:55:00,1.04804,1.04809,1.04796,1.04805,60
2024.01.03,10:56:00,1.04804,1.04829,1.04804,1.04829,60
2024.01.03,10:57:00,1.04828,1.04845,1.04824,1.04843,60
2024.01.03,10:58:00,1.04844,1.04866,1.04843,1.04865,60
2024.01.03,10:59:00,1.04867,1.04880,1.04864,1.04875,60
2024.01.03,11:00:00,1.04875,1.04883,1.04864,1.04873,60
2024.01.03,11:01:00,1.04874,1.04900,1.04873,1.04900,60
2024.01.03,11:02:00,1.04904,1.04916,1.04901,1.04913,60
2024.01.03,11:03:00,1.04913,1.04927,1.04911,1.04926,60
2024.01.03,11:04:00,1.04926,1.04933,1.04923,1.04930,60
2024.01.03,11:05:00,1.04929,1.04936,1.04927,1.04929,60
2024.01.03,11:06:00,1.04927,1.04946,1.04927,1.04942,60
2024.01.03,11:07:00,1.04941,1.04972,1.04941,1.04963,60
2024.01.03,11:08:00,1.04964,1.04979,1.04960,1.04979,60
2024.01.03,11:09:00,1.04978,1.05005,1.04975,1.05005,60
2024.01.03,11:10:00,1.05006,1.05023,1.05003,1.05017,60
2024.01.03,11:11:00,1.05018,1.05044,1.05016,1.05043,60
2024.01.03,11:12:00,1.05044,1.05056,1.05044,1.05046,60
2024.01.03,11:13:00,1.05046,1.05074,1.05046,1.05074,60
2024.01.03,11:14:00,1.05076,1.05096,1.05073,1.05093,60
2024.01.03,11:15:00,1.05091,1.05093,1.05085,1.05092,60
2024.01.03,11:16:00,1.05092,1.05115,1.05092,1.05111,60
2024.01.03,11:17:00,1.05113,1.05115,1.05104,1.05112,60
2024.01.03,11:18:00,1.05114,1.05150,1.05112,1.05150,60
2024.01.03,11:19:00,1.05151,1.05154,1.05146,1.05153,60
2024.01.03,11:20:00,1.05154,1.05167,1.05152,1.05154,60
2024.01.03,11:21:00,1.05152,1.05164,1.05149,1.05161,60
2024.01.03,11:22:00,1.05161,1.05190,1.05161,1.05183,60
2024.01.03,11:23:00,1.05181,1.05194,1.05178,1.05183,60
2024.01.03,11:24:00,1.05183,1.05213,1.05181,1.05213,60
2024.01.03,11:25:00,1.05215,1.05222,1.05209,1.05221,60
2024.01.03,11:26:00,1.05221,1.05250,1.05217,1.05250,60
2024.01.03,11:27:00,1.05250,1.05254,1.05242,1.05243,60
2024.01.03,11:28:00,1.05239,1.05263,1.05236,1.05255,60
2024.01.03,11:29:00,1.05251,1.05275,1.05251,1.05272,60
2024.01.03,11:30:00,1.05273,1.05288,1.05269,1.05287,60
2024.01.03,11:31:00,1.05289,1.05303,1.05289,1.05301,60
2024.01.03,11:32:00,1.05298,1.05313,1.05298,1.05309,60
2024.01.03,11:33:00,1.05309,1.05330,1.05309,1.05330,60
2024.01.03,11:34:00,1.05330,1.05338,1.05318,1.05336,60
2024.01.03,11:35:00,1.05332,1.05368,1.05332,1.05368,60
2024.01.03,11:36:00,1.05370,1.05396,1.05370,1.05393,60
2024.01.03,11:37:00,1.05397,1.05420,1.05396,1.05416,60
2024.01.03,11:38:00,1.05418,1.05435,1.05418,1.05425,60
2024.01.03,11:39:00,1.05425,1.05453,1.05425,1.05453,60
2024.01.03,11:40:00,1.05454,1.05459,1.05449,1.05458,60
2024.01.03,11:41:00,1.05457,1.05495,1.05457,1.05495,60
2024.01.03,11:42:00,1.05494,1.05520,1.05493,1.05520,60
2024.01.03,11:43:00,1.05520,1.05542,1.05519,1.05538,60
2024.01.03,11:44:00,1.05537,1.05549,1.05532,1.05543,60
2024.01.03,11:45:00,1.05544,1.05558,1.05542,1.05554,60
2024.01.03,11:46:00,1.05553,1.05577,1.05553,1.05575,60
2024.01.03,11:47:00,1.05574,1.05609,1.05571,1.05609,60
2024.01.03,11:48:00,1.05609,1.05644,1.05609,1.05641,60
2024.01.03,11:49:00,1.05639,1.05666,1.05633,1.05664,60
2024.01.03,11:50:00,1.05662,1.05691,1.05662,1.05687,60
2024.01.03,11:51:00,1.05691,1.05707,1.05688,1.05706,60
2024.01.03,11:52:00,1.05705,1.05718,1.05699,1.05718,60
2024.01.03,11:53:00,1.05719,1.05751,1.05719,1.05749,60
2024.01.03,11:54:00,1.05751,1.05777,1.05751,1.05771,60
2024.01.03,11:55:00,1.05768,1.05778,1.05764,1.05772,60
2024.01.03,11:56:00,1.05771,1.05797,1.05765,1.05797,60
2024.01.03,11:57:00,1.05795,1.05797,1.05780,1.05783,60
2024.01.03,11:58:00,1.05782,1.05794,1.05778,1.05790,60
2024.01.03,11:59:00,1.05790,1.05798,1.05786,1.05794,60
2024.01.03,12:00:00,1.05795,1.05815,1.05795,1.05809,60
2024.01.03,12:01:00,1.05811,1.05833,1.05809,1.05833,60
2024.01.03,12:02:00,1.05835,1.05864,1.05833,1.05857,60
2024.01.03,12:03:00,1.05855,1.05886,1.05853,1.05886,60
2024.01.03,12:04:00,1.05885,1.05905,1.05879,1.05905,60
2024.01.03,12:05:00,1.05907,1.05922,1.05907,1.05912,60
2024.01.03,12:06:00,1.05913,1.05930,1.05907,1.05928,60
2024.01.03,12:07:00,1.05926,1.05953,1.05923,1.05949,60
2024.01.03,12:08:00,1.05950,1.05959,1.05943,1.05959,60
2024.01.03,12:09:00,1.05958,1.05988,1.05958,1.05987,60
2024.01.03,12:10:00,1.05989,1.06027,1.05989,1.06027,60
2024.01.03,12:11:00,1.06029,1.06053,1.06026,1.06051,60
2024.01.03,12:12:00,1.06053,1.06061,1.06041,1.06041,60
2024.01.03,12:13:00,1.06041,1.06069,1.06041,1.06069,60
2024.01.03,12:14:00,1.06069,1.06099,1.06069,1.06099,60
2024.01.03,12:15:00,1.06098,1.06119,1.06098,1.06118,60
2024.01.03,12:16:00,1.06115,1.06119,1.06103,1.06110,60
2024.01.03,12:17:00,1.06106,1.06121,1.06099,1.06121,60
2024.01.03,12:18:00,1.06120,1.06140,1.06119,1.06140,60
2024.01.03,12:19:00,1.06141,1.06156,1.06140,1.06148,60
2024.01.03,12:20:00,1.06146,1.06159,1.06146,1.06157,60
2024.01.03,12:21:00,1.06156,1.06156,1.06147,1.06152,60
2024.01.03,12:22:00,1.06153,1.06160,1.06142,1.06144,60
2024.01.03,12:23:00,1.06147,1.06147,1.06134,1.06137,60
2024.01.03,12:24:00,1.06140,1.06141,1.06127,1.06132,60
2024.01.03,12:25:00,1.06133,1.06133,1.06118,1.06121,60
2024.01.03,12:26:00,1.06120,1.06124,1.06087,1.06087,60
2024.01.03,12:27:00,1.06085,1.06085,1.06062,1.06066,60
2024.01.03,12:28:00,1.06065,1.06073,1.06051,1.06051,60
2024.01.03,12:29:00,1.06054,1.06061,1.06039,1.06042,60
2024.01.03,12:30:00,1.06042,1.06044,1.06010,1.06010,60
2024.01.03,12:31:00,1.06012,1.06013,1.05978,1.05978,60
2024.01.03,12:32:00,1.05976,1.05977,1.05948,1.05954,60
2024.01.03,12:33:00,1.05956,1.05956,1.05937,1.05941,60
2024.01.03,12:34:00,1.05942,1.05948,1.05925,1.05930,60
2024.01.03,12:35:00,1.05930,1.05934,1.05923,1.05927,60
2024.01.03,12:36:00,1.05929,1.05937,1.05915,1.05919,60
2024.01.03,12:37:00,1.05918,1.05919,1.05891,1.05891,60
2024.01.03,12:38:00,1.05891,1.05891,1.05865,1.05867,60
2024.01.03,12:39:00,1.05866,1.05870,1.05855,1.05856,60
2024.01.03,12:40:00,1.05857,1.05857,1.05833,1.05833,60
2024.01.03,12:41:00,1.05831,1.05840,1.05819,1.05827,60
2024.01.03,12:42:00,1.05828,1.05828,1.05805,1.05805,60
2024.01.03,12:43:00,1.05808,1.05812,1.05801,1.05801,60
2024.01.03,12:44:00,1.05799,1.05801,1.05773,1.05781,60
2024.01.03,12:45:00,1.05783,1.05784,1.05760,1.05763,60
2024.01.03,12:46:00,1.05765,1.05766,1.05744,1.05749,60
2024.01.03,12:47:00,1.05747,1.05750,1.05744,1.05746,60
2024.01.03,12:48:00,1.05744,1.05749,1.05736,1.05739,60
2024.01.03,12:49:00,1.05740,1.05754,1.05737,1.05743,60
2024.01.03,12:50:00,1.05743,1.05753,1.05737,1.05745,60
2024.01.03,12:51:00,1.05745,1.05754,1.05742,1.05750,60
2024.01.03,12:52:00,1.05751,1.05755,1.05745,1.05753,60
2024.01.03,12:53:00,1.05753,1.05757,1.05747,1.05754,60
2024.01.03,12:54:00,1.05755,1.05760,1.05750,1.05750,60
2024.01.03,12:55:00,1.05750,1.05759,1.05747,1.05750,60
2024.01.03,12:56:00,1.05749,1.05764,1.05748,1.05753,60
2024.01.03,12:57:00,1.05752,1.05759,1.05739,1.05739,60
2024.01.03,12:58:00,1.05742,1.05752,1.05739,1.05748,60
2024.01.03,12:59:00,1.05747,1.05753,1.05743,1.05752,60
2024.01.03,13:00:00,1.05752,1.05757,1.05742,1.05749,60
2024.01.03,13:01:00,1.05750,1.05761,1.05748,1.05756,60
2024.01.03,13:02:00,1.05756,1.05762,1.05751,1.05757,60
2024.01.03,13:03:00,1.05757,1.05760,1.05750,1.05752,60
2024.01.03,13:04:00,1.05751,1.05758,1.05742,1.05757,60
2024.01.03,13:05:00,1.05758,1.05765,1.05750,1.05757,60
2024.01.03,13:06:00,1.05755,1.05761,1.05747,1.05758,60
2024.01.03,13:07:00,1.05760,1.05763,1.05743,1.05751,60
2024.01.03,13:08:00,1.05748,1.05754,1.05745,1.05745,60
2024.01.03,13:09:00,1.05743,1.05752,1.05739,1.05750,60
2024.01.03,13:10:00,1.05751,1.05759,1.05744,1.05748,60
2024.01.03,13:11:00,1.05746,1.05754,1.05743,1.05748,60
2024.01.03,13:12:00,1.05747,1.05756,1.05747,1.05750,60
2024.01.03,13:13:00,1.05747,1.05752,1.05743,1.05745,60
2024.01.03,13:14:00,1.05745,1.05757,1.05744,1.05756,60
2024.01.03,13:15:00,1.05760,1.05764,1.05745,1.05745,60
2024.01.03,13:16:00,1.05748,1.05756,1.05744,1.05746,60
2024.01.03,13:17:00,1.05748,1.05754,1.05744,1.05750,60
2024.01.03,13:18:00,1.05752,1.05764,1.05750,1.05753,60
2024.01.03,13:19:00,1.05756,1.05760,1.05746,1.05759,60
2024.01.03,13:20:00,1.05756,1.05756,1.05741,1.05743,60
2024.01.03,13:21:00,1.05740,1.05757,1.05740,1.05747,60
2024.01.03,13:22:00,1.05746,1.05756,1.05743,1.05747,60
2024.01.03,13:23:00,1.05749,1.05761,1.05744,1.05755,60
2024.01.03,13:24:00,1.05755,1.05756,1.05748,1.05755,60
2024.01.03,13:25:00,1.05755,1.05761,1.05751,1.05752,60
2024.01.03,13:26:00,1.05754,1.05767,1.05754,1.05762,60
2024.01.03,13:27:00,1.05762,1.05767,1.05749,1.05755,60
2024.01.03,13:28:00,1.05751,1.05762,1.05744,1.05757,60
2024.01.03,13:29:00,1.05756,1.05766,1.05752,1.05753,60
2024.01.03,13:30:00,1.05752,1.05762,1.05747,1.05755,60
2024.01.03,13:31:00,1.05755,1.05757,1.05747,1.05752,60
2024.01.03,13:32:00,1.05750,1.05764,1.05747,1.05750,60
2024.01.03,13:33:00,1.05749,1.05767,1.05748,1.05758,60
2024.01.03,13:34:00,1.05759,1.05768,1.05756,1.05764,60
2024.01.03,13:35:00,1.05762,1.05767,1.05746,1.05757,60
2024.01.03,13:36:00,1.05756,1.05769,1.05753,1.05757,60
2024.01.03,13:37:00,1.05757,1.05764,1.05752,1.05761,60
2024.01.03,13:38:00,1.05759,1.05760,1.05745,1.05758,60
2024.01.03,13:39:00,1.05755,1.05764,1.05751,1.05757,60
2024.01.03,13:40:00,1.05756,1.05756,1.05741,1.05746,60
2024.01.03,13:41:00,1.05747,1.05761,1.05747,1.05751,60
2024.01.03,13:42:00,1.05749,1.05759,1.05746,1.05748,60
2024.01.03,13:43:00,1.05746,1.05758,1.05745,1.05758,60
2024.01.03,13:44:00,1.05755,1.05763,1.05749,1.05749,60
2024.01.03,13:45:00,1.05749,1.05764,1.05749,1.05760,60
2024.01.03,13:46:00,1.05757,1.05759,1.05749,1.05755,60
2024.01.03,13:47:00,1.05754,1.05768,1.05750,1.05755,60
2024.01.03,13:48:00,1.05755,1.05767,1.05750,1.05752,60
2024.01.03,13:49:00,1.05752,1.05763,1.05752,1.05757,60
2024.01.03,13:50:00,1.05757,1.05762,1.05750,1.05762,60
2024.01.03,13:51:00,1.05761,1.05771,1.05755,1.05761,60
2024.01.03,13:52:00,1.05761,1.05765,1.05752,1.05759,60
2024.01.03,13:53:00,1.05755,1.05760,1.05752,1.05757,60
2024.01.03,13:54:00,1.05755,1.05763,1.05749,1.05757,60
2024.01.03,13:55:00,1.05755,1.05761,1.05749,1.05754,60
2024.01.03,13:56:00,1.05754,1.05765,1.05746,1.05765,60
2024.01.03,13:57:00,1.05762,1.05765,1.05755,1.05757,60
2024.01.03,13:58:00,1.05755,1.05761,1.05748,1.05751,60
2024.01.03,13:59:00,1.05750,1.05764,1.05747,1.05760,60
2024.01.03,14:00:00,1.05762,1.05764,1.05750,1.05752,60
2024.01.03,14:01:00,1.05750,1.05756,1.05747,1.05754,60
2024.01.03,14:02:00,1.05757,1.05761,1.05749,1.05752,60
2024.01.03,14:03:00,1.05751,1.05761,1.05751,1.05754,60
2024.01.03,14:04:00,1.05754,1.05761,1.05747,1.05758,60
2024.01.03,14:05:00,1.05758,1.05764,1.05749,1.05758,60
2024.01.03,14:06:00,1.05757,1.05762,1.05743,1.05758,60
2024.01.03,14:07:00,1.05756,1.05767,1.05751,1.05760,60
2024.01.03,14:08:00,1.05759,1.05759,1.05745,1.05756,60
2024.01.03,14:09:00,1.05757,1.05764,1.05749,1.05751,60
2024.01.03,14:10:00,1.05750,1.05755,1.05745,1.05754,60
2024.01.03,14:11:00,1.05753,1.05759,1.05752,1.05757,60
2024.01.03,14:12:00,1.05755,1.05766,1.05747,1.05754,60
2024.01.03,14:13:00,1.05757,1.05759,1.05741,1.05754,60
2024.01.03,14:14:00,1.05754,1.05763,1.05742,1.05763,60
2024.01.03,14:15:00,1.05763,1.05772,1.05760,1.05762,60
2024.01.03,14:16:00,1.05763,1.05766,1.05753,1.05759,60
2024.01.03,14:17:00,1.05757,1.05762,1.05749,1.05753,60
2024.01.03,14:18:00,1.05754,1.05761,1.05744,1.05749,60
2024.01.03,14:19:00,1.05751,1.05761,1.05745,1.05760,60
2024.01.03,14:20:00,1.05760,1.05763,1.05747,1.05756,60
2024.01.03,14:21:00,1.05756,1.05765,1.05748,1.05751,60
2024.01.03,14:22:00,1.05749,1.05757,1.05748,1.05752,60
2024.01.03,14:23:00,1.05753,1.05766,1.05750,1.05763,60
2024.01.03,14:24:00,1.05761,1.05768,1.05755,1.05764,60
2024.01.03,14:25:00,1.05764,1.05764,1.05752,1.05755,60
2024.01.03,14:26:00,1.05752,1.05765,1.05750,1.05750,60
2024.01.03,14:27:00,1.05750,1.05763,1.05745,1.05762,60
2024.01.03,14:28:00,1.05761,1.05765,1.05753,1.05754,60
2024.01.03,14:29:00,1.05756,1.05758,1.05749,1.05756,60
2024.01.03,14:30:00,1.05756,1.05767,1.05755,1.05756,60
2024.01.03,14:31:00,1.05755,1.05765,1.05750,1.05750,60
2024.01.03,14:32:00,1.05750,1.05763,1.05748,1.05758,60
2024.01.03,14:33:00,1.05756,1.05768,1.05752,1.05764,60
2024.01.03,14:34:00,1.05763,1.05766,1.05752,1.05759,60
2024.01.03,14:35:00,1.05758,1.05763,1.05753,1.05760,60
2024.01.03,14:36:00,1.05761,1.05761,1.05744,1.05759,60
2024.01.03,14:37:00,1.05757,1.05757,1.05746,1.05757,60
2024.01.03,14:38:00,1.05757,1.05768,1.05756,1.05757,60
2024.01.03,14:39:00,1.05758,1.05766,1.05752,1.05764,60
2024.01.03,14:40:00,1.05764,1.05768,1.05758,1.05761,60
2024.01.03,14:41:00,1.05761,1.05764,1.05752,1.05759,60
2024.01.03,14:42:00,1.05759,1.05760,1.05751,1.05753,60
2024.01.03,14:43:00,1.05754,1.05762,1.05751,1.05757,60
2024.01.03,14:44:00,1.05756,1.05760,1.05750,1.05757,60
2024.01.03,14:45:00,1.05758,1.05758,1.05749,1.05753,60
2024.01.03,14:46:00,1.05754,1.05767,1.05753,1.05760,60
2024.01.03,14:47:00,1.05762,1.05762,1.05747,1.05751,60
2024.01.03,14:48:00,1.05750,1.05759,1.05749,1.05756,60
2024.01.03,14:49:00,1.05757,1.05759,1.05749,1.05751,60
2024.01.03,14:50:00,1.05752,1.05762,1.05747,1.05754,60
2024.01.03,14:51:00,1.05752,1.05756,1.05746,1.05751,60
2024.01.03,14:52:00,1.05753,1.05764,1.05753,1.05757,60
2024.01.03,14:53:00,1.05756,1.05765,1.05754,1.05761,60
2024.01.03,14:54:00,1.05760,1.05765,1.05745,1.05745,60
2024.01.03,14:55:00,1.05746,1.05749,1.05711,1.05714,60
2024.01.03,14:56:00,1.05713,1.05713,1.05690,1.05694,60
2024.01.03,14:57:00,1.05694,1.05694,1.05678,1.05678,60
2024.01.03,14:58:00,1.05678,1.05678,1.05658,1.05670,60
2024.01.03,14:59:00,1.05670,1.05672,1.05660,1.05664,60
2024.01.03,15:00:00,1.05664,1.05665,1.05650,1.05651,60
2024.01.03,15:01:00,1.05653,1.05653,1.05633,1.05637,60
2024.01.03,15:02:00,1.05636,1.05636,1.05614,1.05618,60
2024.01.03,15:03:00,1.05617,1.05621,1.05610,1.05616,60
2024.01.03,15:04:00,1.05615,1.05615,1.05592,1.05607,60
2024.01.03,15:05:00,1.05606,1.05606,1.05591,1.05606,60
2024.01.03,15:06:00,1.05607,1.05609,1.05589,1.05590,60
2024.01.03,15:07:00,1.05592,1.05600,1.05587,1.05590,60
2024.01.03,15:08:00,1.05590,1.05596,1.05577,1.05580,60
2024.01.03,15:09:00,1.05580,1.05586,1.05575,1.05586,60
2024.01.03,15:10:00,1.05588,1.05589,1.05573,1.05573,60
2024.01.03,15:11:00,1.05572,1.05574,1.05557,1.05558,60
2024.01.03,15:12:00,1.05556,1.05559,1.05534,1.05534,60
2024.01.03,15:13:00,1.05534,1.05536,1.05504,1.05507,60
2024.01.03,15:14:00,1.05506,1.05507,1.05499,1.05506,60
2024.01.03,15:15:00,1.05505,1.05508,1.05500,1.05508,60
2024.01.03,15:16:00,1.05506,1.05507,1.05487,1.05487,60
2024.01.03,15:17:00,1.05487,1.05487,1.05461,1.05461,60
2024.01.03,15:18:00,1.05462,1.05462,1.05442,1.05447,60
2024.01.03,15:19:00,1.05449,1.05449,1.05423,1.05426,60
2024.01.03,15:20:00,1.05426,1.05428,1.05384,1.05384,60
2024.01.03,15:21:00,1.05386,1.05386,1.05370,1.05385,60
2024.01.03,15:22:00,1.05387,1.05397,1.05381,1.05387,60
2024.01.03,15:23:00,1.05389,1.05393,1.05364,1.05364,60
2024.01.03,15:24:00,1.05363,1.05366,1.05333,1.05333,60
2024.01.03,15:25:00,1.05336,1.05338,1.05319,1.05328,60
2024.01.03,15:26:00,1.05330,1.05334,1.05319,1.05321,60
2024.01.03,15:27:00,1.05323,1.05323,1.05286,1.05292,60
2024.01.03,15:28:00,1.05290,1.05299,1.05285,1.05290,60
2024.01.03,15:29:00,1.05287,1.05287,1.05272,1.05272,60
2024.01.03,15:30:00,1.05271,1.05278,1.05269,1.05269,60
2024.01.03,15:31:00,1.05266,1.05273,1.05263,1.05266,60
2024.01.03,15:32:00,1.05267,1.05268,1.05240,1.05244,60
2024.01.03,15:33:00,1.05243,1.05245,1.05231,1.05239,60
2024.01.03,15:34:00,1.05239,1.05239,1.05206,1.05206,60
2024.01.03,15:35:00,1.05205,1.05207,1.05194,1.05207,60
2024.01.03,15:36:00,1.05206,1.05207,1.05174,1.05174,60
2024.01.03,15:37:00,1.05171,1.05171,1.05153,1.05157,60
2024.01.03,15:38:00,1.05159,1.05160,1.05143,1.05145,60
2024.01.03,15:39:00,1.05144,1.05145,1.05129,1.05130,60
2024.01.03,15:40:00,1.05127,1.05127,1.05095,1.05099,60
2024.01.03,15:41:00,1.05100,1.05100,1.05072,1.05082,60
2024.01.03,15:42:00,1.05082,1.05087,1.05075,1.05085,60
2024.01.03,15:43:00,1.05084,1.05084,1.05057,1.05060,60
2024.01.03,15:44:00,1.05060,1.05067,1.05055,1.05058,60
2024.01.03,15:45:00,1.05058,1.05059,1.05042,1.05048,60
2024.01.03,15:46:00,1.05048,1.05060,1.05044,1.05059,60
2024.01.03,15:47:00,1.05058,1.05058,1.05032,1.05034,60
2024.01.03,15:48:00,1.05033,1.05033,1.04991,1.04994,60
2024.01.03,15:49:00,1.04996,1.05001,1.04988,1.04990,60
2024.01.03,15:50:00,1.04990,1.04990,1.04971,1.04972,60
2024.01.03,15:51:00,1.04972,1.04972,1.04933,1.04934,60
2024.01.03,15:52:00,1.04935,1.04938,1.04928,1.04935,60
2024.01.03,15:53:00,1.04934,1.04934,1.04912,1.04913,60
2024.01.03,15:54:00,1.04912,1.04920,1.04905,1.04907,60
2024.01.03,15:55:00,1.04905,1.04908,1.04888,1.04890,60
2024.01.03,15:56:00,1.04892,1.04892,1.04877,1.04880,60
2024.01.03,15:57:00,1.04879,1.04880,1.04859,1.04859,60
2024.01.03,15:58:00,1.04859,1.04872,1.04850,1.04854,60
2024.01.03,15:59:00,1.04855,1.04856,1.04845,1.04849,60
2024.01.03,16:00:00,1.04847,1.04854,1.04832,1.04832,60
2024.01.03,16:01:00,1.04831,1.04832,1.04813,1.04820,60
2024.01.03,16:02:00,1.04821,1.04829,1.04810,1.04811,60
2024.01.03,16:03:00,1.04810,1.04817,1.04805,1.04814,60
2024.01.03,16:04:00,1.04813,1.04816,1.04806,1.04807,60
2024.01.03,16:05:00,1.04809,1.04815,1.04789,1.04792,60
2024.01.03,16:06:00,1.04795,1.04799,1.04784,1.04792,60
2024.01.03,16:07:00,1.04791,1.04795,1.04765,1.04767,60
2024.01.03,16:08:00,1.04767,1.04767,1.04732,1.04732,60
2024.01.03,16:09:00,1.04733,1.04733,1.04719,1.04725,60
2024.01.03,16:10:00,1.04724,1.04724,1.04696,1.04707,60
2024.01.03,16:11:00,1.04706,1.04706,1.04677,1.04679,60
2024.01.03,16:12:00,1.04678,1.04694,1.04673,1.04692,60
2024.01.03,16:13:00,1.04689,1.04691,1.04677,1.04683,60
2024.01.03,16:14:00,1.04683,1.04689,1.04676,1.04676,60
2024.01.03,16:15:00,1.04676,1.04684,1.04674,1.04678,60
2024.01.03,16:16:00,1.04678,1.04684,1.04671,1.04678,60
2024.01.03,16:17:00,1.04677,1.04690,1.04675,1.04686,60
2024.01.03,16:18:00,1.04685,1.04686,1.04670,1.04682,60
2024.01.03,16:19:00,1.04680,1.04685,1.04672,1.04684,60
2024.01.03,16:20:00,1.04683,1.04692,1.04678,1.04681,60
2024.01.03,16:21:00,1.04678,1.04688,1.04672,1.04683,60
2024.01.03,16:22:00,1.04682,1.04688,1.04678,1.04682,60
2024.01.03,16:23:00,1.04684,1.04687,1.04674,1.04686,60
2024.01.03,16:24:00,1.04685,1.04692,1.04674,1.04679,60
2024.01.03,16:25:00,1.04677,1.04691,1.04674,1.04690,60
2024.01.03,16:26:00,1.04691,1.04691,1.04676,1.04682,60
2024.01.03,16:27:00,1.04681,1.04682,1.04669,1.04671,60
2024.01.03,16:28:00,1.04671,1.04680,1.04667,1.04679,60
2024.01.03,16:29:00,1.04682,1.04686,1.04676,1.04680,60
2024.01.03,16:30:00,1.04680,1.04687,1.04673,1.04683,60
2024.01.03,16:31:00,1.04682,1.04689,1.04670,1.04673,60
2024.01.03,16:32:00,1.04675,1.04685,1.04675,1.04679,60
2024.01.03,16:33:00,1.04678,1.04687,1.04675,1.04675,60
2024.01.03,16:34:00,1.04678,1.04687,1.04674,1.04679,60
2024.01.03,16:35:00,1.04676,1.04690,1.04673,1.04687,60
2024.01.03,16:36:00,1.04686,1.04691,1.04680,1.04687,60
2024.01.03,16:37:00,1.04685,1.04689,1.04678,1.04680,60
2024.01.03,16:38:00,1.04681,1.04688,1.04673,1.04676,60
2024.01.03,16:39:00,1.04675,1.04681,1.04671,1.04681,60
2024.01.03,16:40:00,1.04681,1.04693,1.04681,1.04684,60
2024.01.03,16:41:00,1.04685,1.04687,1.04676,1.04680,60
2024.01.03,16:42:00,1.04681,1.04685,1.04672,1.04676,60
2024.01.03,16:43:00,1.04676,1.04689,1.04668,1.04688,60
2024.01.03,16:44:00,1.04687,1.04691,1.04679,1.04681,60
2024.01.03,16:45:00,1.04682,1.04688,1.04677,1.04686,60
2024.01.03,16:46:00,1.04685,1.04691,1.04676,1.04691,60
2024.01.03,16:47:00,1.04689,1.04690,1.04679,1.04680,60
2024.01.03,16:48:00,1.04680,1.04691,1.04672,1.04680,60
2024.01.03,16:49:00,1.04682,1.04689,1.04676,1.04676,60
2024.01.03,16:50:00,1.04674,1.04678,1.04669,1.04671,60
2024.01.03,16:51:00,1.04674,1.04685,1.04669,1.04685,60
2024.01.03,16:52:00,1.04683,1.04689,1.04674,1.04684,60
2024.01.03,16:53:00,1.04683,1.04683,1.04673,1.04677,60
2024.01.03,16:54:00,1.04678,1.04683,1.04669,1.04672,60
2024.01.03,16:55:00,1.04672,1.04685,1.04668,1.04677,60
2024.01.03,16:56:00,1.04679,1.04685,1.04673,1.04676,60
2024.01.03,16:57:00,1.04677,1.04677,1.04669,1.04673,60
2024.01.03,16:58:00,1.04669,1.04682,1.04666,1.04681,60
2024.01.03,16:59:00,1.04683,1.04688,1.04676,1.04682,60
2024.01.03,17:00:00,1.04679,1.04689,1.04677,1.04681,60
2024.01.03,17:01:00,1.04682,1.04693,1.04676,1.04690,60
2024.01.03,17:02:00,1.04692,1.04694,1.04677,1.04680,60
2024.01.03,17:03:00,1.04679,1.04694,1.04679,1.04691,60
2024.01.03,17:04:00,1.04689,1.04694,1.04675,1.04681,60
2024.01.03,17:05:00,1.04683,1.04684,1.04669,1.04672,60
2024.01.03,17:06:00,1.04674,1.04679,1.04672,1.04675,60
2024.01.03,17:07:00,1.04673,1.04684,1.04662,1.04665,60
2024.01.03,17:08:00,1.04663,1.04663,1.04646,1.04646,60
2024.01.03,17:09:00,1.04646,1.04649,1.04621,1.04625,60
2024.01.03,17:10:00,1.04622,1.04627,1.04603,1.04603,60
2024.01.03,17:11:00,1.04602,1.04602,1.04572,1.04572,60
2024.01.03,17:12:00,1.04572,1.04582,1.04567,1.04567,60
2024.01.03,17:13:00,1.04568,1.04574,1.04540,1.04541,60
2024.01.03,17:14:00,1.04543,1.04561,1.04542,1.04561,60
2024.01.03,17:15:00,1.04562,1.04576,1.04556,1.04567,60
2024.01.03,17:16:00,1.04567,1.04574,1.04550,1.04556,60
2024.01.03,17:17:00,1.04557,1.04561,1.04549,1.04550,60
2024.01.03,17:18:00,1.04551,1.04553,1.04525,1.04532,60
2024.01.03,17:19:00,1.04530,1.04533,1.04513,1.04516,60
2024.01.03,17:20:00,1.04517,1.04517,1.04494,1.04498,60
2024.01.03,17:21:00,1.04498,1.04504,1.04489,1.04489,60
2024.01.03,17:22:00,1.04488,1.04489,1.04472,1.04474,60
2024.01.03,17:23:00,1.04474,1.04474,1.04451,1.04459,60
2024.01.03,17:24:00,1.04457,1.04457,1.04439,1.04446,60
2024.01.03,17:25:00,1.04445,1.04446,1.04421,1.04422,60
2024.01.03,17:26:00,1.04423,1.04429,1.04403,1.04403,60
2024.01.03,17:27:00,1.04401,1.04402,1.04385,1.04388,60
2024.01.03,17:28:00,1.04389,1.04400,1.04385,1.04385,60
2024.01.03,17:29:00,1.04383,1.04387,1.04363,1.04364,60
2024.01.03,17:30:00,1.04366,1.04374,1.04354,1.04354,60
2024.01.03,17:31:00,1.04353,1.04356,1.04347,1.04348,60
2024.01.03,17:32:00,1.04349,1.04356,1.04341,1.04341,60
2024.01.03,17:33:00,1.04339,1.04349,1.04333,1.04347,60
2024.01.03,17:34:00,1.04346,1.04347,1.04321,1.04334,60
2024.01.03,17:35:00,1.04333,1.04336,1.04325,1.04333,60
2024.01.03,17:36:00,1.04333,1.04338,1.04324,1.04328,60
2024.01.03,17:37:00,1.04327,1.04332,1.04318,1.04323,60
2024.01.03,17:38:00,1.04322,1.04332,1.04322,1.04327,60
2024.01.03,17:39:00,1.04331,1.04340,1.04328,1.04328,60
2024.01.03,17:40:00,1.04330,1.04337,1.04325,1.04334,60
2024.01.03,17:41:00,1.04337,1.04339,1.04322,1.04330,60
2024.01.03,17:42:00,1.04329,1.04336,1.04321,1.04334,60
2024.01.03,17:43:00,1.04333,1.04339,1.04323,1.04333,60
2024.01.03,17:44:00,1.04335,1.04342,1.04320,1.04329,60
2024.01.03,17:45:00,1.04329,1.04336,1.04326,1.04333,60
2024.01.03,17:46:00,1.04331,1.04340,1.04319,1.04324,60
2024.01.03,17:47:00,1.04327,1.04335,1.04325,1.04333,60
2024.01.03,17:48:00,1.04333,1.04338,1.04324,1.04332,60
2024.01.03,17:49:00,1.04331,1.04338,1.04324,1.04328,60
2024.01.03,17:50:00,1.04327,1.04334,1.04320,1.04330,60
2024.01.03,17:51:00,1.04330,1.04333,1.04320,1.04326,60
2024.01.03,17:52:00,1.04329,1.04341,1.04323,1.04338,60
2024.01.03,17:53:00,1.04338,1.04340,1.04328,1.04334,60
2024.01.03,17:54:00,1.04334,1.04340,1.04325,1.04331,60
2024.01.03,17:55:00,1.04331,1.04336,1.04319,1.04319,60
2024.01.03,17:56:00,1.04318,1.04333,1.04315,1.04332,60
2024.01.03,17:57:00,1.04332,1.04336,1.04326,1.04333,60
2024.01.03,17:58:00,1.04332,1.04334,1.04317,1.04320,60
2024.01.03,17:59:00,1.04319,1.04330,1.04317,1.04328,60
2024.01.03,18:00:00,1.04328,1.04335,1.04325,1.04330,60
2024.01.03,18:01:00,1.04327,1.04337,1.04321,1.04336,60
2024.01.03,18:02:00,1.04335,1.04342,1.04327,1.04328,60
2024.01.03,18:03:00,1.04325,1.04328,1.04318,1.04324,60
2024.01.03,18:04:00,1.04324,1.04328,1.04312,1.04325,60
2024.01.03,18:05:00,1.04325,1.04335,1.04322,1.04328,60
2024.01.03,18:06:00,1.04325,1.04335,1.04321,1.04331,60
2024.01.03,18:07:00,1.04333,1.04339,1.04324,1.04327,60
2024.01.03,18:08:00,1.04325,1.04336,1.04314,1.04317,60
2024.01.03,18:09:00,1.04320,1.04335,1.04317,1.04320,60
2024.01.03,18:10:00,1.04323,1.04336,1.04318,1.04326,60
2024.01.03,18:11:00,1.04323,1.04331,1.04318,1.04328,60
2024.01.03,18:12:00,1.04328,1.04334,1.04317,1.04330,60
2024.01.03,18:13:00,1.04329,1.04333,1.04319,1.04326,60
2024.01.03,18:14:00,1.04325,1.04333,1.04319,1.04323,60
2024.01.03,18:15:00,1.04319,1.04334,1.04318,1.04327,60
2024.01.03,18:16:00,1.04327,1.04332,1.04320,1.04320,60
2024.01.03,18:17:00,1.04321,1.04327,1.04315,1.04327,60
2024.01.03,18:18:00,1.04328,1.04337,1.04318,1.04337,60
2024.01.03,18:19:00,1.04335,1.04338,1.04324,1.04329,60
2024.01.03,18:20:00,1.04328,1.04337,1.04324,1.04324,60
2024.01.03,18:21:00,1.04322,1.04341,1.04321,1.04341,60
2024.01.03,18:22:00,1.04341,1.04343,1.04330,1.04335,60
2024.01.03,18:23:00,1.04335,1.04340,1.04330,1.04335,60
2024.01.03,18:24:00,1.04336,1.04339,1.04327,1.04336,60
2024.01.03,18:25:00,1.04336,1.04341,1.04314,1.04314,60
2024.01.03,18:26:00,1.04314,1.04340,1.04314,1.04324,60
2024.01.03,18:27:00,1.04328,1.04334,1.04323,1.04324,60
2024.01.03,18:28:00,1.04324,1.04331,1.04322,1.04327,60
2024.01.03,18:29:00,1.04327,1.04339,1.04327,1.04331,60
2024.01.03,18:30:00,1.04330,1.04335,1.04324,1.04328,60
2024.01.03,18:31:00,1.04330,1.04338,1.04321,1.04335,60
2024.01.03,18:32:00,1.04334,1.04339,1.04325,1.04333,60
2024.01.03,18:33:00,1.04332,1.04332,1.04319,1.04328,60
2024.01.03,18:34:00,1.04327,1.04333,1.04321,1.04331,60
2024.01.03,18:35:00,1.04332,1.04334,1.04325,1.04329,60
2024.01.03,18:36:00,1.04332,1.04336,1.04324,1.04329,60
2024.01.03,18:37:00,1.04328,1.04334,1.04318,1.04324,60
2024.01.03,18:38:00,1.04326,1.04335,1.04320,1.04331,60
2024.01.03,18:39:00,1.04330,1.04333,1.04324,1.04332,60
2024.01.03,18:40:00,1.04334,1.04335,1.04319,1.04328,60
2024.01.03,18:41:00,1.04327,1.04335,1.04322,1.04331,60
2024.01.03,18:42:00,1.04331,1.04331,1.04313,1.04321,60
2024.01.03,18:43:00,1.04320,1.04321,1.04297,1.04304,60
2024.01.03,18:44:00,1.04304,1.04305,1.04280,1.04286,60
2024.01.03,18:45:00,1.04284,1.04294,1.04273,1.04274,60
2024.01.03,18:46:00,1.04273,1.04278,1.04241,1.04241,60
2024.01.03,18:47:00,1.04240,1.04240,1.04200,1.04202,60
2024.01.03,18:48:00,1.04202,1.04211,1.04186,1.04187,60
2024.01.03,18:49:00,1.04185,1.04185,1.04173,1.04173,60
2024.01.03,18:50:00,1.04173,1.04176,1.04148,1.04149,60
2024.01.03,18:51:00,1.04147,1.04148,1.04137,1.04142,60
2024.01.03,18:52:00,1.04142,1.04146,1.04123,1.04125,60
2024.01.03,18:53:00,1.04125,1.04126,1.04105,1.04115,60
2024.01.03,18:54:00,1.04112,1.04119,1.04102,1.04106,60
2024.01.03,18:55:00,1.04108,1.04110,1.04082,1.04083,60
2024.01.03,18:56:00,1.04082,1.04082,1.04054,1.04055,60
2024.01.03,18:57:00,1.04056,1.04056,1.04020,1.04020,60
2024.01.03,18:58:00,1.04022,1.04032,1.04014,1.04014,60
2024.01.03,18:59:00,1.04015,1.04016,1.03982,1.03982,60
2024.01.03,19:00:00,1.03983,1.03985,1.03965,1.03974,60
2024.01.03,19:01:00,1.03974,1.03975,1.03948,1.03953,60
2024.01.03,19:02:00,1.03954,1.03962,1.03947,1.03947,60
2024.01.03,19:03:00,1.03948,1.03952,1.03939,1.03942,60
2024.01.03,19:04:00,1.03942,1.03943,1.03923,1.03924,60
2024.01.03,19:05:00,1.03924,1.03929,1.03907,1.03907,60
2024.01.03,19:06:00,1.03908,1.03913,1.03887,1.03888,60
2024.01.03,19:07:00,1.03890,1.03890,1.03863,1.03872,60
2024.01.03,19:08:00,1.03872,1.03875,1.03858,1.03858,60
2024.01.03,19:09:00,1.03856,1.03858,1.03823,1.03826,60
2024.01.03,19:10:00,1.03825,1.03826,1.03803,1.03819,60
2024.01.03,19:11:00,1.03818,1.03820,1.03807,1.03808,60
2024.01.03,19:12:00,1.03807,1.03807,1.03775,1.03782,60
2024.01.03,19:13:00,1.03782,1.03786,1.03758,1.03758,60
2024.01.03,19:14:00,1.03760,1.03767,1.03739,1.03739,60
2024.01.03,19:15:00,1.03739,1.03741,1.03730,1.03737,60
2024.01.03,19:16:00,1.03739,1.03753,1.03735,1.03744,60
2024.01.03,19:17:00,1.03743,1.03752,1.03736,1.03746,60
2024.01.03,19:18:00,1.03745,1.03755,1.03735,1.03755,60
2024.01.03,19:19:00,1.03757,1.03765,1.03753,1.03763,60
2024.01.03,19:20:00,1.03764,1.03776,1.03761,1.03766,60
2024.01.03,19:21:00,1.03766,1.03770,1.03757,1.03760,60
2024.01.03,19:22:00,1.03761,1.03772,1.03761,1.03772,60
2024.01.03,19:23:00,1.03772,1.03787,1.03770,1.03787,60
2024.01.03,19:24:00,1.03787,1.03805,1.03786,1.03805,60
2024.01.03,19:25:00,1.03804,1.03817,1.03797,1.03815,60
2024.01.03,19:26:00,1.03814,1.03818,1.03806,1.03816,60
2024.01.03,19:27:00,1.03817,1.03833,1.03817,1.03828,60
2024.01.03,19:28:00,1.03828,1.03842,1.03828,1.03840,60
2024.01.03,19:29:00,1.03839,1.03845,1.03830,1.03845,60
2024.01.03,19:30:00,1.03847,1.03879,1.03847,1.03874,60
2024.01.03,19:31:00,1.03872,1.03882,1.03869,1.03880,60
2024.01.03,19:32:00,1.03881,1.03903,1.03881,1.03899,60
2024.01.03,19:33:00,1.03900,1.03921,1.03896,1.03919,60
2024.01.03,19:34:00,1.03921,1.03945,1.03921,1.03937,60
2024.01.03,19:35:00,1.03939,1.03945,1.03933,1.03940,60
2024.01.03,19:36:00,1.03940,1.03955,1.03937,1.03951,60
2024.01.03,19:37:00,1.03951,1.03952,1.03926,1.03928,60
2024.01.03,19:38:00,1.03925,1.03927,1.03918,1.03926,60
2024.01.03,19:39:00,1.03927,1.03961,1.03927,1.03961,60
2024.01.03,19:40:00,1.03960,1.03980,1.03959,1.03975,60
2024.01.03,19:41:00,1.03975,1.03995,1.03974,1.03988,60
2024.01.03,19:42:00,1.03990,1.04016,1.03990,1.04016,60
2024.01.03,19:43:00,1.04017,1.04045,1.04017,1.04028,60
2024.01.03,19:44:00,1.04025,1.04038,1.04018,1.04038,60
2024.01.03,19:45:00,1.04038,1.04049,1.04037,1.04045,60
2024.01.03,19:46:00,1.04043,1.04043,1.04025,1.04043,60
2024.01.03,19:47:00,1.04043,1.04044,1.04029,1.04040,60
2024.01.03,19:48:00,1.04039,1.04055,1.04037,1.04054,60
2024.01.03,19:49:00,1.04055,1.04074,1.04055,1.04063,60
2024.01.03,19:50:00,1.04064,1.04081,1.04063,1.04073,60
2024.01.03,19:51:00,1.04072,1.04090,1.04072,1.04082,60
2024.01.03,19:52:00,1.04080,1.04115,1.04080,1.04111,60
2024.01.03,19:53:00,1.04111,1.04115,1.04106,1.04111,60
2024.01.03,19:54:00,1.04114,1.04127,1.04108,1.04127,60
2024.01.03,19:55:00,1.04128,1.04136,1.04119,1.04125,60
2024.01.03,19:56:00,1.04122,1.04143,1.04117,1.04143,60
2024.01.03,19:57:00,1.04142,1.04173,1.04142,1.04171,60
2024.01.03,19:58:00,1.04172,1.04189,1.04172,1.04189,60
2024.01.03,19:59:00,1.04191,1.04196,1.04188,1.04194,60
2024.01.03,20:00:00,1.04195,1.04209,1.04188,1.04207,60
2024.01.03,20:01:00,1.04207,1.04219,1.04205,1.04214,60
2024.01.03,20:02:00,1.04213,1.04232,1.04212,1.04231,60
2024.01.03,20:03:00,1.04232,1.04241,1.04222,1.04228,60
2024.01.03,20:04:00,1.04226,1.04241,1.04223,1.04237,60
2024.01.03,20:05:00,1.04235,1.04242,1.04228,1.04235,60
2024.01.03,20:06:00,1.04238,1.04243,1.04228,1.04230,60
2024.01.03,20:07:00,1.04230,1.04234,1.04220,1.04230,60
2024.01.03,20:08:00,1.04230,1.04240,1.04230,1.04234,60
2024.01.03,20:09:00,1.04231,1.04242,1.04230,1.04240,60
2024.01.03,20:10:00,1.04241,1.04245,1.04224,1.04228,60
2024.01.03,20:11:00,1.04226,1.04237,1.04222,1.04235,60
2024.01.03,20:12:00,1.04233,1.04244,1.04223,1.04232,60
2024.01.03,20:13:00,1.04231,1.04239,1.04225,1.04239,60
2024.01.03,20:14:00,1.04238,1.04241,1.04224,1.04233,60
2024.01.03,20:15:00,1.04231,1.04240,1.04229,1.04240,60
2024.01.03,20:16:00,1.04239,1.04242,1.04221,1.04223,60
2024.01.03,20:17:00,1.04227,1.04241,1.04224,1.04234,60
2024.01.03,20:18:00,1.04233,1.04243,1.04226,1.04241,60
2024.01.03,20:19:00,1.04241,1.04244,1.04224,1.04228,60
2024.01.03,20:20:00,1.04229,1.04241,1.04223,1.04237,60
2024.01.03,20:21:00,1.04239,1.04241,1.04228,1.04235,60
2024.01.03,20:22:00,1.04236,1.04248,1.04236,1.04244,60
2024.01.03,20:23:00,1.04244,1.04248,1.04230,1.04232,60
2024.01.03,20:24:00,1.04229,1.04231,1.04221,1.04227,60
2024.01.03,20:25:00,1.04228,1.04238,1.04227,1.04228,60
2024.01.03,20:26:00,1.04233,1.04242,1.04232,1.04233,60
2024.01.03,20:27:00,1.04232,1.04242,1.04227,1.04238,60
2024.01.03,20:28:00,1.04239,1.04241,1.04227,1.04231,60
2024.01.03,20:29:00,1.04233,1.04242,1.04231,1.04242,60
2024.01.03,20:30:00,1.04241,1.04246,1.04235,1.04245,60
2024.01.03,20:31:00,1.04243,1.04246,1.04231,1.04235,60
2024.01.03,20:32:00,1.04234,1.04240,1.04230,1.04230,60
2024.01.03,20:33:00,1.04232,1.04247,1.04226,1.04229,60
2024.01.03,20:34:00,1.04231,1.04243,1.04228,1.04232,60
2024.01.03,20:35:00,1.04234,1.04237,1.04229,1.04233,60
2024.01.03,20:36:00,1.04232,1.04236,1.04227,1.04232,60
2024.01.03,20:37:00,1.04232,1.04243,1.04231,1.04243,60
2024.01.03,20:38:00,1.04244,1.04247,1.04232,1.04234,60
2024.01.03,20:39:00,1.04235,1.04248,1.04235,1.04246,60
2024.01.03,20:40:00,1.04246,1.04248,1.04231,1.04231,60
2024.01.03,20:41:00,1.04233,1.04242,1.04229,1.04234,60
2024.01.03,20:42:00,1.04232,1.04237,1.04229,1.04230,60
2024.01.03,20:43:00,1.04230,1.04241,1.04220,1.04241,60
2024.01.03,20:44:00,1.04244,1.04247,1.04233,1.04243,60
2024.01.03,20:45:00,1.04242,1.04243,1.04234,1.04236,60
2024.01.03,20:46:00,1.04239,1.04240,1.04229,1.04239,60
2024.01.03,20:47:00,1.04241,1.04245,1.04237,1.04240,60
2024.01.03,20:48:00,1.04238,1.04242,1.04230,1.04230,60
2024.01.03,20:49:00,1.04226,1.04245,1.04226,1.04238,60
2024.01.03,20:50:00,1.04236,1.04237,1.04224,1.04230,60
2024.01.03,20:51:00,1.04233,1.04238,1.04228,1.04236,60
2024.01.03,20:52:00,1.04238,1.04243,1.04221,1.04228,60
2024.01.03,20:53:00,1.04228,1.04238,1.04223,1.04223,60
2024.01.03,20:54:00,1.04224,1.04224,1.04205,1.04207,60
2024.01.03,20:55:00,1.04209,1.04209,1.04177,1.04186,60
2024.01.03,20:56:00,1.04185,1.04189,1.04175,1.04175,60
2024.01.03,20:57:00,1.04171,1.04173,1.04157,1.04166,60
2024.01.03,20:58:00,1.04165,1.04169,1.04152,1.04159,60
2024.01.03,20:59:00,1.04157,1.04158,1.04145,1.04151,60
2024.01.03,21:00:00,1.04149,1.04160,1.04143,1.04143,60
2024.01.03,21:01:00,1.04145,1.04145,1.04117,1.04121,60
2024.01.03,21:02:00,1.04121,1.04121,1.04085,1.04092,60
2024.01.03,21:03:00,1.04092,1.04093,1.04060,1.04063,60
2024.01.03,21:04:00,1.04064,1.04066,1.04055,1.04057,60
2024.01.03,21:05:00,1.04057,1.04057,1.04033,1.04036,60
2024.01.03,21:06:00,1.04035,1.04037,1.04014,1.04015,60
2024.01.03,21:07:00,1.04016,1.04021,1.03998,1.04000,60
2024.01.03,21:08:00,1.03999,1.04001,1.03971,1.03972,60
2024.01.03,21:09:00,1.03973,1.03985,1.03967,1.03969,60
2024.01.03,21:10:00,1.03971,1.03974,1.03950,1.03955,60
2024.01.03,21:11:00,1.03955,1.03955,1.03922,1.03923,60
2024.01.03,21:12:00,1.03924,1.03929,1.03913,1.03929,60
2024.01.03,21:13:00,1.03925,1.03927,1.03910,1.03910,60
2024.01.03,21:14:00,1.03911,1.03912,1.03886,1.03886,60
2024.01.03,21:15:00,1.03886,1.03891,1.03876,1.03885,60
2024.01.03,21:16:00,1.03884,1.03892,1.03881,1.03884,60
2024.01.03,21:17:00,1.03883,1.03883,1.03850,1.03850,60
2024.01.03,21:18:00,1.03848,1.03853,1.03814,1.03822,60
2024.01.03,21:19:00,1.03822,1.03827,1.03806,1.03806,60
2024.01.03,21:20:00,1.03808,1.03809,1.03769,1.03769,60
2024.01.03,21:21:00,1.03769,1.03772,1.03753,1.03753,60
2024.01.03,21:22:00,1.03753,1.03753,1.03726,1.03726,60
2024.01.03,21:23:00,1.03724,1.03732,1.03711,1.03711,60
2024.01.03,21:24:00,1.03714,1.03714,1.03673,1.03673,60
2024.01.03,21:25:00,1.03670,1.03671,1.03652,1.03654,60
2024.01.03,21:26:00,1.03652,1.03659,1.03645,1.03650,60
2024.01.03,21:27:00,1.03652,1.03658,1.03630,1.03630,60
2024.01.03,21:28:00,1.03630,1.03635,1.03606,1.03606,60
2024.01.03,21:29:00,1.03606,1.03619,1.03602,1.03617,60
2024.01.03,21:30:00,1.03616,1.03628,1.03610,1.03610,60
2024.01.03,21:31:00,1.03609,1.03611,1.03589,1.03599,60
2024.01.03,21:32:00,1.03600,1.03603,1.03593,1.03596,60
2024.01.03,21:33:00,1.03597,1.03597,1.03583,1.03584,60
2024.01.03,21:34:00,1.03582,1.03585,1.03557,1.03557,60
2024.01.03,21:35:00,1.03558,1.03559,1.03531,1.03531,60
2024.01.03,21:36:00,1.03530,1.03536,1.03523,1.03523,60
2024.01.03,21:37:00,1.03521,1.03521,1.03480,1.03480,60
2024.01.03,21:38:00,1.03480,1.03487,1.03467,1.03469,60
2024.01.03,21:39:00,1.03467,1.03477,1.03454,1.03458,60
2024.01.03,21:40:00,1.03458,1.03459,1.03438,1.03441,60
2024.01.03,21:41:00,1.03439,1.03443,1.03419,1.03425,60
2024.01.03,21:42:00,1.03422,1.03424,1.03409,1.03413,60
2024.01.03,21:43:00,1.03411,1.03413,1.03384,1.03398,60
2024.01.03,21:44:00,1.03396,1.03405,1.03392,1.03397,60
2024.01.03,21:45:00,1.03398,1.03400,1.03363,1.03366,60
2024.01.03,21:46:00,1.03364,1.03364,1.03332,1.03333,60
2024.01.03,21:47:00,1.03331,1.03334,1.03310,1.03314,60
2024.01.03,21:48:00,1.03314,1.03316,1.03290,1.03290,60
2024.01.03,21:49:00,1.03289,1.03294,1.03281,1.03287,60
2024.01.03,21:50:00,1.03286,1.03286,1.03248,1.03253,60
2024.01.03,21:51:00,1.03249,1.03250,1.03231,1.03234,60
2024.01.03,21:52:00,1.03233,1.03233,1.03208,1.03217,60
2024.01.03,21:53:00,1.03215,1.03217,1.03195,1.03195,60
2024.01.03,21:54:00,1.03195,1.03197,1.03178,1.03183,60
2024.01.03,21:55:00,1.03181,1.03190,1.03180,1.03182,60
2024.01.03,21:56:00,1.03186,1.03188,1.03175,1.03179,60
2024.01.03,21:57:00,1.03184,1.03185,1.03177,1.03182,60
2024.01.03,21:58:00,1.03183,1.03187,1.03176,1.03179,60
2024.01.03,21:59:00,1.03183,1.03184,1.03169,1.03180,60
2024.01.03,22:00:00,1.03181,1.03187,1.03168,1.03181,60
2024.01.03,22:01:00,1.03183,1.03190,1.03173,1.03179,60
2024.01.03,22:02:00,1.03180,1.03193,1.03178,1.03179,60
2024.01.03,22:03:00,1.03183,1.03190,1.03182,1.03186,60
2024.01.03,22:04:00,1.03188,1.03196,1.03185,1.03187,60
2024.01.03,22:05:00,1.03186,1.03189,1.03175,1.03179,60
2024.01.03,22:06:00,1.03177,1.03194,1.03174,1.03194,60
2024.01.03,22:07:00,1.03192,1.03192,1.03174,1.03180,60
2024.01.03,22:08:00,1.03179,1.03187,1.03171,1.03184,60
2024.01.03,22:09:00,1.03181,1.03193,1.03178,1.03185,60
2024.01.03,22:10:00,1.03184,1.03189,1.03170,1.03175,60
2024.01.03,22:11:00,1.03176,1.03194,1.03175,1.03178,60
2024.01.03,22:12:00,1.03178,1.03185,1.03169,1.03176,60
2024.01.03,22:13:00,1.03176,1.03188,1.03173,1.03188,60
2024.01.03,22:14:00,1.03187,1.03196,1.03180,1.03187,60
2024.01.03,22:15:00,1.03188,1.03190,1.03168,1.03182,60
2024.01.03,22:16:00,1.03183,1.03188,1.03171,1.03182,60
2024.01.03,22:17:00,1.03182,1.03187,1.03174,1.03178,60
2024.01.03,22:18:00,1.03175,1.03187,1.03172,1.03181,60
2024.01.03,22:19:00,1.03180,1.03190,1.03177,1.03190,60
2024.01.03,22:20:00,1.03191,1.03191,1.03176,1.03177,60
2024.01.03,22:21:00,1.03177,1.03192,1.03174,1.03189,60
2024.01.03,22:22:00,1.03191,1.03191,1.03177,1.03184,60
2024.01.03,22:23:00,1.03186,1.03190,1.03177,1.03180,60
2024.01.03,22:24:00,1.03180,1.03190,1.03177,1.03179,60
2024.01.03,22:25:00,1.03178,1.03189,1.03177,1.03188,60
2024.01.03,22:26:00,1.03188,1.03193,1.03180,1.03190,60
2024.01.03,22:27:00,1.03189,1.03192,1.03171,1.03182,60
2024.01.03,22:28:00,1.03182,1.03189,1.03178,1.03186,60
2024.01.03,22:29:00,1.03186,1.03193,1.03178,1.03192,60
2024.01.03,22:30:00,1.03192,1.03200,1.03185,1.03185,60
2024.01.03,22:31:00,1.03186,1.03187,1.03178,1.03185,60
2024.01.03,22:32:00,1.03186,1.03195,1.03182,1.03182,60
2024.01.03,22:33:00,1.03183,1.03195,1.03183,1.03195,60
2024.01.03,22:34:00,1.03198,1.03199,1.03189,1.03195,60
2024.01.03,22:35:00,1.03193,1.03201,1.03182,1.03186,60
2024.01.03,22:36:00,1.03185,1.03195,1.03180,1.03194,60
2024.01.03,22:37:00,1.03193,1.03195,1.03186,1.03190,60
2024.01.03,22:38:00,1.03192,1.03194,1.03174,1.03177,60
2024.01.03,22:39:00,1.03179,1.03196,1.03175,1.03195,60
2024.01.03,22:40:00,1.03192,1.03192,1.03177,1.03177,60
2024.01.03,22:41:00,1.03178,1.03189,1.03178,1.03184,60
2024.01.03,22:42:00,1.03184,1.03192,1.03179,1.03191,60
2024.01.03,22:43:00,1.03191,1.03196,1.03180,1.03185,60
2024.01.03,22:44:00,1.03187,1.03205,1.03180,1.03201,60
2024.01.03,22:45:00,1.03199,1.03199,1.03183,1.03188,60
2024.01.03,22:46:00,1.03187,1.03195,1.03180,1.03192,60
2024.01.03,22:47:00,1.03193,1.03198,1.03173,1.03173,60
2024.01.03,22:48:00,1.03175,1.03193,1.03174,1.03179,60
2024.01.03,22:49:00,1.03177,1.03191,1.03176,1.03180,60
2024.01.03,22:50:00,1.03178,1.03190,1.03176,1.03187,60
2024.01.03,22:51:00,1.03189,1.03194,1.03181,1.03194,60
2024.01.03,22:52:00,1.03195,1.03200,1.03180,1.03181,60
2024.01.03,22:53:00,1.03183,1.03189,1.03178,1.03178,60
2024.01.03,22:54:00,1.03177,1.03193,1.03177,1.03193,60
2024.01.03,22:55:00,1.03192,1.03195,1.03184,1.03191,60
2024.01.03,22:56:00,1.03192,1.03198,1.03181,1.03190,60
2024.01.03,22:57:00,1.03187,1.03196,1.03183,1.03194,60
2024.01.03,22:58:00,1.03192,1.03192,1.03180,1.03189,60
2024.01.03,22:59:00,1.03189,1.03196,1.03183,1.03188,60
2024.01.03,23:00:00,1.03188,1.03192,1.03178,1.03184,60
2024.01.03,23:01:00,1.03184,1.03190,1.03177,1.03177,60
2024.01.03,23:02:00,1.03179,1.03195,1.03179,1.03187,60
2024.01.03,23:03:00,1.03187,1.03198,1.03178,1.03190,60
2024.01.03,23:04:00,1.03191,1.03193,1.03180,1.03189,60
2024.01.03,23:05:00,1.03189,1.03195,1.03183,1.03191,60
2024.01.03,23:06:00,1.03191,1.03196,1.03179,1.03180,60
2024.01.03,23:07:00,1.03181,1.03196,1.03180,1.03195,60
2024.01.03,23:08:00,1.03197,1.03197,1.03187,1.03192,60
2024.01.03,23:09:00,1.03190,1.03195,1.03183,1.03190,60
2024.01.03,23:10:00,1.03187,1.03197,1.03185,1.03193,60
2024.01.03,23:11:00,1.03193,1.03194,1.03183,1.03192,60
2024.01.03,23:12:00,1.03193,1.03199,1.03185,1.03194,60
2024.01.03,23:13:00,1.03192,1.03196,1.03178,1.03194,60
2024.01.03,23:14:00,1.03196,1.03196,1.03185,1.03188,60
2024.01.03,23:15:00,1.03189,1.03196,1.03185,1.03186,60
2024.01.03,23:16:00,1.03186,1.03191,1.03176,1.03191,60
2024.01.03,23:17:00,1.03191,1.03192,1.03183,1.03187,60
2024.01.03,23:18:00,1.03184,1.03195,1.03184,1.03190,60
2024.01.03,23:19:00,1.03192,1.03194,1.03179,1.03192,60
2024.01.03,23:20:00,1.03195,1.03200,1.03181,1.03184,60
2024.01.03,23:21:00,1.03182,1.03188,1.03180,1.03187,60
2024.01.03,23:22:00,1.03187,1.03193,1.03179,1.03191,60
2024.01.03,23:23:00,1.03192,1.03194,1.03183,1.03188,60
2024.01.03,23:24:00,1.03191,1.03193,1.03184,1.03192,60
2024.01.03,23:25:00,1.03193,1.03193,1.03180,1.03192,60
2024.01.03,23:26:00,1.03189,1.03199,1.03182,1.03187,60
2024.01.03,23:27:00,1.03186,1.03192,1.03179,1.03184,60
2024.01.03,23:28:00,1.03184,1.03193,1.03182,1.03182,60
2024.01.03,23:29:00,1.03184,1.03196,1.03184,1.03189,60
2024.01.03,23:30:00,1.03191,1.03195,1.03182,1.03195,60
2024.01.03,23:31:00,1.03194,1.03197,1.03184,1.03197,60
2024.01.03,23:32:00,1.03197,1.03199,1.03180,1.03189,60
2024.01.03,23:33:00,1.03187,1.03190,1.03181,1.03186,60
2024.01.03,23:34:00,1.03187,1.03192,1.03180,1.03185,60
2024.01.03,23:35:00,1.03186,1.03192,1.03179,1.03180,60
2024.01.03,23:36:00,1.03177,1.03196,1.03173,1.03183,60
2024.01.03,23:37:00,1.03184,1.03196,1.03181,1.03191,60
2024.01.03,23:38:00,1.03191,1.03197,1.03186,1.03191,60
2024.01.03,23:39:00,1.03191,1.03200,1.03183,1.03186,60
2024.01.03,23:40:00,1.03186,1.03191,1.03180,1.03186,60
2024.01.03,23:41:00,1.03189,1.03194,1.03182,1.03186,60
2024.01.03,23:42:00,1.03187,1.03193,1.03182,1.03182,60
2024.01.03,23:43:00,1.03182,1.03189,1.03175,1.03189,60
2024.01.03,23:44:00,1.03188,1.03194,1.03181,1.03189,60
2024.01.03,23:45:00,1.03191,1.03192,1.03180,1.03188,60
2024.01.03,23:46:00,1.03189,1.03196,1.03187,1.03193,60
2024.01.03,23:47:00,1.03193,1.03193,1.03184,1.03189,60
2024.01.03,23:48:00,1.03188,1.03196,1.03185,1.03187,60
2024.01.03,23:49:00,1.03187,1.03195,1.03183,1.03187,60
2024.01.03,23:50:00,1.03186,1.03195,1.03172,1.03176,60
2024.01.03,23:51:00,1.03176,1.03189,1.03175,1.03185,60
2024.01.03,23:52:00,1.03185,1.03189,1.03179,1.03184,60
2024.01.03,23:53:00,1.03183,1.03196,1.03180,1.03185,60
2024.01.03,23:54:00,1.03186,1.03194,1.03180,1.03184,60
2024.01.03,23:55:00,1.03184,1.03191,1.03181,1.03186,60
2024.01.03,23:56:00,1.03187,1.03191,1.03179,1.03186,60
2024.01.03,23:57:00,1.03184,1.03188,1.03177,1.03182,60
2024.01.03,23:58:00,1.03184,1.03196,1.03184,1.03187,60
2024.01.03,23:59:00,1.03190,1.03198,1.03184,1.03188,60
2024.01.04,00:00:00,1.03184,1.03191,1.03181,1.03185,60
2024.01.04,00:01:00,1.03186,1.03193,1.03181,1.03185,60
2024.01.04,00:02:00,1.03185,1.03198,1.03183,1.03186,60
2024.01.04,00:03:00,1.03188,1.03192,1.03181,1.03192,60
2024.01.04,00:04:00,1.03193,1.03201,1.03181,1.03191,60
2024.01.04,00:05:00,1.03191,1.03198,1.03178,1.03189,60
2024.01.04,00:06:00,1.03189,1.03191,1.03180,1.03189,60
2024.01.04,00:07:00,1.03191,1.03198,1.03186,1.03195,60
2024.01.04,00:08:00,1.03195,1.03200,1.03183,1.03185,60
2024.01.04,00:09:00,1.03184,1.03189,1.03172,1.03185,60
2024.01.04,00:10:00,1.03185,1.03189,1.03179,1.03185,60
2024.01.04,00:11:00,1.03186,1.03190,1.03174,1.03174,60
2024.01.04,00:12:00,1.03175,1.03175,1.03152,1.03163,60
2024.01.04,00:13:00,1.03161,1.03161,1.03139,1.03139,60
2024.01.04,00:14:00,1.03140,1.03142,1.03122,1.03129,60
2024.01.04,00:15:00,1.03128,1.03134,1.03119,1.03120,60
2024.01.04,00:16:00,1.03118,1.03125,1.03112,1.03115,60
2024.01.04,00:17:00,1.03116,1.03116,1.03093,1.03095,60
2024.01.04,00:18:00,1.03095,1.03098,1.03068,1.03071,60
2024.01.04,00:19:00,1.03071,1.03085,1.03071,1.03072,60
2024.01.04,00:20:00,1.03074,1.03076,1.03060,1.03060,60
2024.01.04,00:21:00,1.03060,1.03060,1.03043,1.03045,60
2024.01.04,00:22:00,1.03045,1.03045,1.03016,1.03020,60
2024.01.04,00:23:00,1.03020,1.03029,1.03015,1.03024,60
2024.01.04,00:24:00,1.03023,1.03023,1.03007,1.03007,60
2024.01.04,00:25:00,1.03009,1.03014,1.02985,1.02986,60
2024.01.04,00:26:00,1.02986,1.02986,1.02956,1.02956,60
2024.01.04,00:27:00,1.02959,1.02959,1.02935,1.02936,60
2024.01.04,00:28:00,1.02937,1.02937,1.02922,1.02930,60
2024.01.04,00:29:00,1.02928,1.02928,1.02895,1.02895,60
2024.01.04,00:30:00,1.02894,1.02899,1.02876,1.02880,60
2024.01.04,00:31:00,1.02881,1.02881,1.02855,1.02857,60
2024.01.04,00:32:00,1.02855,1.02872,1.02855,1.02867,60
2024.01.04,00:33:00,1.02866,1.02872,1.02857,1.02857,60
2024.01.04,00:34:00,1.02857,1.02859,1.02849,1.02859,60
2024.01.04,00:35:00,1.02858,1.02858,1.02846,1.02847,60
2024.01.04,00:36:00,1.02846,1.02857,1.02841,1.02857,60
2024.01.04,00:37:00,1.02859,1.02859,1.02835,1.02836,60
2024.01.04,00:38:00,1.02837,1.02848,1.02835,1.02839,60
2024.01.04,00:39:00,1.02837,1.02844,1.02832,1.02842,60
2024.01.04,00:40:00,1.02844,1.02848,1.02834,1.02837,60
2024.01.04,00:41:00,1.02837,1.02843,1.02823,1.02824,60
2024.01.04,00:42:00,1.02821,1.02825,1.02805,1.02809,60
2024.01.04,00:43:00,1.02810,1.02829,1.02809,1.02825,60
2024.01.04,00:44:00,1.02825,1.02826,1.02803,1.02805,60
2024.01.04,00:45:00,1.02803,1.02805,1.02767,1.02771,60
2024.01.04,00:46:00,1.02769,1.02777,1.02764,1.02767,60
2024.01.04,00:47:00,1.02765,1.02765,1.02748,1.02754,60
2024.01.04,00:48:00,1.02753,1.02757,1.02735,1.02740,60
2024.01.04,00:49:00,1.02738,1.02746,1.02732,1.02739,60
2024.01.04,00:50:00,1.02737,1.02737,1.02712,1.02719,60
2024.01.04,00:51:00,1.02720,1.02723,1.02713,1.02717,60
2024.01.04,00:52:00,1.02717,1.02717,1.02696,1.02696,60
2024.01.04,00:53:00,1.02692,1.02692,1.02681,1.02684,60
2024.01.04,00:54:00,1.02684,1.02686,1.02645,1.02648,60
2024.01.04,00:55:00,1.02648,1.02654,1.02643,1.02646,60
2024.01.04,00:56:00,1.02646,1.02646,1.02633,1.02639,60
2024.01.04,00:57:00,1.02637,1.02637,1.02622,1.02626,60
2024.01.04,00:58:00,1.02625,1.02630,1.02616,1.02616,60
2024.01.04,00:59:00,1.02614,1.02614,1.02588,1.02595,60
2024.01.04,01:00:00,1.02597,1.02598,1.02588,1.02588,60
2024.01.04,01:01:00,1.02587,1.02587,1.02571,1.02577,60
2024.01.04,01:02:00,1.02576,1.02576,1.02550,1.02554,60
2024.01.04,01:03:00,1.02552,1.02552,1.02526,1.02529,60
2024.01.04,01:04:00,1.02530,1.02532,1.02510,1.02514,60
2024.01.04,01:05:00,1.02512,1.02516,1.02490,1.02490,60
2024.01.04,01:06:00,1.02492,1.02498,1.02491,1.02493,60
2024.01.04,01:07:00,1.02494,1.02502,1.02486,1.02493,60
2024.01.04,01:08:00,1.02493,1.02504,1.02492,1.02501,60
2024.01.04,01:09:00,1.02501,1.02509,1.02498,1.02508,60
2024.01.04,01:10:00,1.02504,1.02506,1.02492,1.02497,60
2024.01.04,01:11:00,1.02500,1.02503,1.02493,1.02502,60
2024.01.04,01:12:00,1.02501,1.02503,1.02487,1.02495,60
2024.01.04,01:13:00,1.02498,1.02501,1.02485,1.02489,60
2024.01.04,01:14:00,1.02488,1.02500,1.02480,1.02499,60
2024.01.04,01:15:00,1.02500,1.02505,1.02484,1.02491,60
2024.01.04,01:16:00,1.02490,1.02500,1.02489,1.02494,60
2024.01.04,01:17:00,1.02496,1.02505,1.02494,1.02495,60
2024.01.04,01:18:00,1.02496,1.02503,1.02485,1.02491,60
2024.01.04,01:19:00,1.02490,1.02502,1.02490,1.02502,60
2024.01.04,01:20:00,1.02498,1.02503,1.02491,1.02497,60
2024.01.04,01:21:00,1.02497,1.02501,1.02484,1.02484,60
2024.01.04,01:22:00,1.02484,1.02498,1.02481,1.02489,60
2024.01.04,01:23:00,1.02488,1.02502,1.02487,1.02494,60
2024.01.04,01:24:00,1.02495,1.02497,1.02488,1.02491,60
2024.01.04,01:25:00,1.02490,1.02502,1.02484,1.02484,60
2024.01.04,01:26:00,1.02485,1.02501,1.02485,1.02497,60
2024.01.04,01:27:00,1.02497,1.02499,1.02489,1.02498,60
2024.01.04,01:28:00,1.02496,1.02499,1.02487,1.02497,60
2024.01.04,01:29:00,1.02498,1.02503,1.02489,1.02498,60
2024.01.04,01:30:00,1.02501,1.02502,1.02484,1.02486,60
2024.01.04,01:31:00,1.02488,1.02500,1.02486,1.02488,60
2024.01.04,01:32:00,1.02489,1.02493,1.02484,1.02484,60
2024.01.04,01:33:00,1.02485,1.02499,1.02485,1.02497,60
2024.01.04,01:34:00,1.02496,1.02502,1.02488,1.02497,60
2024.01.04,01:35:00,1.02498,1.02504,1.02493,1.02503,60
2024.01.04,01:36:00,1.02501,1.02508,1.02490,1.02497,60
2024.01.04,01:37:00,1.02496,1.02503,1.02486,1.02494,60
2024.01.04,01:38:00,1.02494,1.02500,1.02488,1.02492,60
2024.01.04,01:39:00,1.02490,1.02500,1.02490,1.02494,60
2024.01.04,01:40:00,1.02493,1.02498,1.02485,1.02487,60
2024.01.04,01:41:00,1.02486,1.02501,1.02482,1.02498,60
2024.01.04,01:42:00,1.02498,1.02499,1.02488,1.02494,60
2024.01.04,01:43:00,1.02494,1.02506,1.02491,1.02498,60
2024.01.04,01:44:00,1.02498,1.02508,1.02495,1.02499,60
2024.01.04,01:45:00,1.02498,1.02502,1.02486,1.02490,60
2024.01.04,01:46:00,1.02489,1.02509,1.02488,1.02509,60
2024.01.04,01:47:00,1.02510,1.02510,1.02492,1.02501,60
2024.01.04,01:48:00,1.02499,1.02512,1.02499,1.02504,60
2024.01.04,01:49:00,1.02504,1.02504,1.02495,1.02499,60
2024.01.04,01:50:00,1.02500,1.02502,1.02491,1.02496,60
2024.01.04,01:51:00,1.02495,1.02502,1.02489,1.02499,60
2024.01.04,01:52:00,1.02500,1.02506,1.02490,1.02491,60
2024.01.04,01:53:00,1.02495,1.02511,1.02493,1.02502,60
2024.01.04,01:54:00,1.02505,1.02508,1.02493,1.02500,60
2024.01.04,01:55:00,1.02500,1.02500,1.02491,1.02494,60
2024.01.04,01:56:00,1.02496,1.02496,1.02486,1.02493,60
2024.01.04,01:57:00,1.02493,1.02498,1.02485,1.02494,60
2024.01.04,01:58:00,1.02496,1.02502,1.02486,1.02495,60
2024.01.04,01:59:00,1.02496,1.02507,1.02491,1.02505,60
2024.01.04,02:00:00,1.02505,1.02510,1.02490,1.02493,60
2024.01.04,02:01:00,1.02493,1.02507,1.02493,1.02501,60
2024.01.04,02:02:00,1.02500,1.02501,1.02486,1.02499,60
2024.01.04,02:03:00,1.02497,1.02508,1.02494,1.02503,60
2024.01.04,02:04:00,1.02506,1.02506,1.02498,1.02504,60
2024.01.04,02:05:00,1.02505,1.02506,1.02496,1.02503,60
2024.01.04,02:06:00,1.02500,1.02505,1.02496,1.02501,60
2024.01.04,02:07:00,1.02502,1.02502,1.02492,1.02496,60
2024.01.04,02:08:00,1.02497,1.02508,1.02494,1.02500,60
2024.01.04,02:09:00,1.02499,1.02504,1.02493,1.02503,60
2024.01.04,02:10:00,1.02505,1.02509,1.02499,1.02505,60
2024.01.04,02:11:00,1.02503,1.02508,1.02491,1.02496,60
2024.01.04,02:12:00,1.02495,1.02503,1.02492,1.02503,60
2024.01.04,02:13:00,1.02506,1.02516,1.02502,1.02508,60
2024.01.04,02:14:00,1.02505,1.02515,1.02501,1.02512,60
2024.01.04,02:15:00,1.02511,1.02511,1.02500,1.02508,60
2024.01.04,02:16:00,1.02508,1.02508,1.02496,1.02499,60
2024.01.04,02:17:00,1.02498,1.02503,1.02493,1.02499,60
2024.01.04,02:18:00,1.02498,1.02498,1.02490,1.02492,60
2024.01.04,02:19:00,1.02492,1.02499,1.02489,1.02496,60
2024.01.04,02:20:00,1.02496,1.02508,1.02496,1.02499,60
2024.01.04,02:21:00,1.02500,1.02507,1.02496,1.02500,60
2024.01.04,02:22:00,1.02499,1.02508,1.02495,1.02501,60
2024.01.04,02:23:00,1.02502,1.02508,1.02496,1.02507,60
2024.01.04,02:24:00,1.02507,1.02507,1.02491,1.02504,60
2024.01.04,02:25:00,1.02507,1.02509,1.02493,1.02501,60
2024.01.04,02:26:00,1.02501,1.02506,1.02488,1.02489,60
2024.01.04,02:27:00,1.02490,1.02503,1.02490,1.02498,60
2024.01.04,02:28:00,1.02497,1.02504,1.02487,1.02502,60
2024.01.04,02:29:00,1.02501,1.02506,1.02494,1.02503,60
2024.01.04,02:30:00,1.02504,1.02506,1.02496,1.02496,60
2024.01.04,02:31:00,1.02497,1.02507,1.02494,1.02498,60
2024.01.04,02:32:00,1.02498,1.02503,1.02494,1.02499,60
2024.01.04,02:33:00,1.02496,1.02503,1.02489,1.02498,60
2024.01.04,02:34:00,1.02499,1.02503,1.02489,1.02495,60
2024.01.04,02:35:00,1.02496,1.02502,1.02492,1.02492,60
2024.01.04,02:36:00,1.02493,1.02500,1.02486,1.02498,60
2024.01.04,02:37:00,1.02499,1.02506,1.02491,1.02495,60
2024.01.04,02:38:00,1.02495,1.02501,1.02483,1.02499,60
2024.01.04,02:39:00,1.02499,1.02501,1.02488,1.02497,60
2024.01.04,02:40:00,1.02499,1.02502,1.02496,1.02500,60
2024.01.04,02:41:00,1.02503,1.02507,1.02495,1.02499,60
2024.01.04,02:42:00,1.02500,1.02513,1.02497,1.02504,60
2024.01.04,02:43:00,1.02503,1.02509,1.02501,1.02506,60
2024.01.04,02:44:00,1.02506,1.02510,1.02499,1.02499,60
2024.01.04,02:45:00,1.02500,1.02510,1.02498,1.02506,60
2024.01.04,02:46:00,1.02507,1.02507,1.02491,1.02491,60
2024.01.04,02:47:00,1.02493,1.02508,1.02490,1.02500,60
2024.01.04,02:48:00,1.02500,1.02504,1.02493,1.02501,60
2024.01.04,02:49:00,1.02503,1.02508,1.02495,1.02502,60
2024.01.04,02:50:00,1.02501,1.02513,1.02485,1.02510,60
2024.01.04,02:51:00,1.02514,1.02516,1.02498,1.02498,60
2024.01.04,02:52:00,1.02499,1.02510,1.02488,1.02510,60
2024.01.04,02:53:00,1.02509,1.02509,1.02480,1.02489,60
2024.01.04,02:54:00,1.02492,1.02497,1.02487,1.02491,60
2024.01.04,02:55:00,1.02489,1.02494,1.02485,1.02490,60
2024.01.04,02:56:00,1.02490,1.02497,1.02481,1.02486,60
2024.01.04,02:57:00,1.02486,1.02494,1.02484,1.02491,60
2024.01.04,02:58:00,1.02491,1.02504,1.02486,1.02487,60
2024.01.04,02:59:00,1.02487,1.02497,1.02481,1.02496,60
2024.01.04,03:00:00,1.02496,1.02505,1.02491,1.02494,60
2024.01.04,03:01:00,1.02491,1.02491,1.02477,1.02487,60
2024.01.04,03:02:00,1.02487,1.02497,1.02483,1.02483,60
2024.01.04,03:03:00,1.02483,1.02493,1.02481,1.02492,60
2024.01.04,03:04:00,1.02494,1.02502,1.02490,1.02494,60
2024.01.04,03:05:00,1.02493,1.02497,1.02488,1.02493,60
2024.01.04,03:06:00,1.02492,1.02500,1.02487,1.02498,60
2024.01.04,03:07:00,1.02500,1.02500,1.02487,1.02493,60
2024.01.04,03:08:00,1.02492,1.02495,1.02483,1.02488,60
2024.01.04,03:09:00,1.02489,1.02503,1.02485,1.02491,60
2024.01.04,03:10:00,1.02492,1.02494,1.02481,1.02491,60
2024.01.04,03:11:00,1.02490,1.02495,1.02483,1.02495,60
2024.01.04,03:12:00,1.02494,1.02496,1.02483,1.02485,60
2024.01.04,03:13:00,1.02485,1.02494,1.02485,1.02491,60
2024.01.04,03:14:00,1.02490,1.02504,1.02484,1.02502,60
2024.01.04,03:15:00,1.02502,1.02502,1.02484,1.02487,60
2024.01.04,03:16:00,1.02488,1.02504,1.02488,1.02497,60
2024.01.04,03:17:00,1.02495,1.02495,1.02485,1.02492,60
2024.01.04,03:18:00,1.02490,1.02495,1.02481,1.02487,60
2024.01.04,03:19:00,1.02486,1.02497,1.02486,1.02490,60
2024.01.04,03:20:00,1.02492,1.02511,1.02487,1.02500,60
2024.01.04,03:21:00,1.02498,1.02502,1.02487,1.02499,60
2024.01.04,03:22:00,1.02496,1.02500,1.02484,1.02484,60
2024.01.04,03:23:00,1.02485,1.02498,1.02484,1.02495,60
2024.01.04,03:24:00,1.02492,1.02505,1.02484,1.02486,60
2024.01.04,03:25:00,1.02484,1.02492,1.02484,1.02489,60
2024.01.04,03:26:00,1.02491,1.02496,1.02487,1.02488,60
2024.01.04,03:27:00,1.02489,1.02493,1.02483,1.02488,60
2024.01.04,03:28:00,1.02489,1.02492,1.02481,1.02485,60
2024.01.04,03:29:00,1.02484,1.02493,1.02478,1.02486,60
2024.01.04,03:30:00,1.02483,1.02494,1.02479,1.02489,60
2024.01.04,03:31:00,1.02491,1.02495,1.02482,1.02488,60
2024.01.04,03:32:00,1.02488,1.02500,1.02486,1.02491,60
2024.01.04,03:33:00,1.02490,1.02495,1.02482,1.02494,60
2024.01.04,03:34:00,1.02494,1.02496,1.02483,1.02488,60
2024.01.04,03:35:00,1.02490,1.02493,1.02485,1.02489,60
2024.01.04,03:36:00,1.02490,1.02497,1.02482,1.02493,60
2024.01.04,03:37:00,1.02495,1.02498,1.02484,1.02484,60
2024.01.04,03:38:00,1.02483,1.02491,1.02481,1.02486,60
2024.01.04,03:39:00,1.02487,1.02499,1.02487,1.02497,60
2024.01.04,03:40:00,1.02499,1.02499,1.02486,1.02488,60
2024.01.04,03:41:00,1.02488,1.02498,1.02486,1.02489,60
2024.01.04,03:42:00,1.02491,1.02496,1.02482,1.02486,60
2024.01.04,03:43:00,1.02486,1.02494,1.02481,1.02484,60
2024.01.04,03:44:00,1.02487,1.02501,1.02481,1.02488,60
2024.01.04,03:45:00,1.02489,1.02498,1.02485,1.02491,60
2024.01.04,03:46:00,1.02490,1.02497,1.02482,1.02485,60
2024.01.04,03:47:00,1.02485,1.02496,1.02485,1.02488,60
2024.01.04,03:48:00,1.02489,1.02494,1.02482,1.02494,60
2024.01.04,03:49:00,1.02495,1.02509,1.02492,1.02501,60
2024.01.04,03:50:00,1.02501,1.02503,1.02483,1.02485,60
2024.01.04,03:51:00,1.02486,1.02490,1.02482,1.02486,60
2024.01.04,03:52:00,1.02486,1.02494,1.02479,1.02482,60
2024.01.04,03:53:00,1.02481,1.02502,1.02481,1.02498,60
2024.01.04,03:54:00,1.02497,1.02502,1.02488,1.02490,60
2024.01.04,03:55:00,1.02490,1.02494,1.02480,1.02482,60
2024.01.04,03:56:00,1.02484,1.02496,1.02479,1.02494,60
2024.01.04,03:57:00,1.02495,1.02499,1.02487,1.02492,60
2024.01.04,03:58:00,1.02493,1.02498,1.02487,1.02488,60
2024.01.04,03:59:00,1.02487,1.02505,1.02483,1.02505,60
2024.01.04,04:00:00,1.02503,1.02513,1.02488,1.02490,60
2024.01.04,04:01:00,1.02486,1.02488,1.02480,1.02484,60
2024.01.04,04:02:00,1.02484,1.02491,1.02478,1.02486,60
2024.01.04,04:03:00,1.02487,1.02488,1.02475,1.02481,60
2024.01.04,04:04:00,1.02481,1.02491,1.02472,1.02491,60
2024.01.04,04:05:00,1.02491,1.02496,1.02485,1.02488,60
2024.01.04,04:06:00,1.02489,1.02495,1.02478,1.02484,60
2024.01.04,04:07:00,1.02482,1.02492,1.02481,1.02490,60
2024.01.04,04:08:00,1.02491,1.02494,1.02478,1.02482,60
2024.01.04,04:09:00,1.02484,1.02489,1.02475,1.02475,60
2024.01.04,04:10:00,1.02477,1.02494,1.02474,1.02478,60
2024.01.04,04:11:00,1.02482,1.02493,1.02476,1.02476,60
2024.01.04,04:12:00,1.02477,1.02483,1.02473,1.02481,60
2024.01.04,04:13:00,1.02481,1.02499,1.02480,1.02490,60
2024.01.04,04:14:00,1.02491,1.02493,1.02477,1.02486,60
2024.01.04,04:15:00,1.02487,1.02490,1.02477,1.02478,60
2024.01.04,04:16:00,1.02479,1.02487,1.02478,1.02487,60
2024.01.04,04:17:00,1.02485,1.02489,1.02481,1.02486,60
2024.01.04,04:18:00,1.02487,1.02492,1.02482,1.02492,60
2024.01.04,04:19:00,1.02491,1.02492,1.02469,1.02481,60
2024.01.04,04:20:00,1.02482,1.02488,1.02477,1.02481,60
2024.01.04,04:21:00,1.02479,1.02481,1.02474,1.02479,60
2024.01.04,04:22:00,1.02478,1.02493,1.02474,1.02492,60
2024.01.04,04:23:00,1.02494,1.02496,1.02485,1.02492,60
2024.01.04,04:24:00,1.02492,1.02497,1.02481,1.02489,60
2024.01.04,04:25:00,1.02491,1.02492,1.02475,1.02481,60
2024.01.04,04:26:00,1.02478,1.02490,1.02474,1.02477,60
2024.01.04,04:27:00,1.02476,1.02489,1.02473,1.02487,60
2024.01.04,04:28:00,1.02486,1.02487,1.02477,1.02477,60
2024.01.04,04:29:00,1.02478,1.02483,1.02474,1.02478,60
2024.01.04,04:30:00,1.02476,1.02488,1.02475,1.02488,60
2024.01.04,04:31:00,1.02488,1.02493,1.02476,1.02476,60
2024.01.04,04:32:00,1.02474,1.02495,1.02474,1.02483,60
2024.01.04,04:33:00,1.02484,1.02487,1.02471,1.02475,60
2024.01.04,04:34:00,1.02475,1.02479,1.02467,1.02478,60
2024.01.04,04:35:00,1.02481,1.02490,1.02478,1.02479,60
2024.01.04,04:36:00,1.02478,1.02488,1.02474,1.02474,60
2024.01.04,04:37:00,1.02474,1.02487,1.02474,1.02487,60
2024.01.04,04:38:00,1.02486,1.02491,1.02475,1.02490,60
2024.01.04,04:39:00,1.02491,1.02497,1.02484,1.02484,60
2024.01.04,04:40:00,1.02484,1.02489,1.02478,1.02481,60
2024.01.04,04:41:00,1.02482,1.02493,1.02476,1.02493,60
2024.01.04,04:42:00,1.02492,1.02495,1.02486,1.02488,60
2024.01.04,04:43:00,1.02489,1.02489,1.02471,1.02480,60
2024.01.04,04:44:00,1.02478,1.02500,1.02478,1.02486,60
2024.01.04,04:45:00,1.02487,1.02495,1.02480,1.02480,60
2024.01.04,04:46:00,1.02479,1.02489,1.02474,1.02479,60
2024.01.04,04:47:00,1.02476,1.02488,1.02476,1.02478,60
2024.01.04,04:48:00,1.02480,1.02485,1.02473,1.02483,60
2024.01.04,04:49:00,1.02480,1.02492,1.02480,1.02491,60
2024.01.04,04:50:00,1.02488,1.02498,1.02483,1.02491,60
2024.01.04,04:51:00,1.02492,1.02496,1.02477,1.02481,60
2024.01.04,04:52:00,1.02479,1.02486,1.02472,1.02479,60
2024.01.04,04:53:00,1.02480,1.02488,1.02478,1.02484,60
2024.01.04,04:54:00,1.02484,1.02487,1.02476,1.02478,60
2024.01.04,04:55:00,1.02478,1.02491,1.02478,1.02485,60
2024.01.04,04:56:00,1.02484,1.02488,1.02478,1.02482,60
2024.01.04,04:57:00,1.02485,1.02486,1.02476,1.02481,60
2024.01.04,04:58:00,1.02480,1.02487,1.02473,1.02480,60
2024.01.04,04:59:00,1.02478,1.02490,1.02475,1.02485,60
2024.01.04,05:00:00,1.02485,1.02489,1.02474,1.02477,60
2024.01.04,05:01:00,1.02475,1.02486,1.02475,1.02480,60
2024.01.04,05:02:00,1.02482,1.02487,1.02476,1.02478,60
2024.01.04,05:03:00,1.02479,1.02487,1.02474,1.02479,60
2024.01.04,05:04:00,1.02482,1.02490,1.02480,1.02480,60
2024.01.04,05:05:00,1.02479,1.02486,1.02472,1.02476,60
2024.01.04,05:06:00,1.02477,1.02479,1.02463,1.02479,60
2024.01.04,05:07:00,1.02480,1.02486,1.02465,1.02476,60
2024.01.04,05:08:00,1.02479,1.02494,1.02477,1.02486,60
2024.01.04,05:09:00,1.02485,1.02485,1.02469,1.02478,60
2024.01.04,05:10:00,1.02480,1.02489,1.02475,1.02489,60
2024.01.04,05:11:00,1.02488,1.02489,1.02469,1.02480,60
2024.01.04,05:12:00,1.02479,1.02484,1.02473,1.02476,60
2024.01.04,05:13:00,1.02476,1.02483,1.02472,1.02482,60
2024.01.04,05:14:00,1.02483,1.02484,1.02474,1.02474,60
2024.01.04,05:15:00,1.02472,1.02485,1.02472,1.02484,60
2024.01.04,05:16:00,1.02486,1.02487,1.02476,1.02487,60
2024.01.04,05:17:00,1.02486,1.02488,1.02474,1.02475,60
2024.01.04,05:18:00,1.02477,1.02486,1.02473,1.02473,60
2024.01.04,05:19:00,1.02474,1.02485,1.02474,1.02479,60
2024.01.04,05:20:00,1.02479,1.02488,1.02477,1.02487,60
2024.01.04,05:21:00,1.02486,1.02492,1.02468,1.02468,60
2024.01.04,05:22:00,1.02466,1.02483,1.02466,1.02483,60
2024.01.04,05:23:00,1.02482,1.02489,1.02478,1.02483,60
2024.01.04,05:24:00,1.02481,1.02492,1.02476,1.02485,60
2024.01.04,05:25:00,1.02484,1.02488,1.02472,1.02472,60
2024.01.04,05:26:00,1.02473,1.02484,1.02473,1.02484,60
2024.01.04,05:27:00,1.02484,1.02488,1.02475,1.02481,60
2024.01.04,05:28:00,1.02481,1.02485,1.02475,1.02475,60
2024.01.04,05:29:00,1.02475,1.02482,1.02468,1.02478,60
2024.01.04,05:30:00,1.02476,1.02482,1.02472,1.02478,60
2024.01.04,05:31:00,1.02478,1.02480,1.02469,1.02476,60
2024.01.04,05:32:00,1.02477,1.02484,1.02466,1.02481,60
2024.01.04,05:33:00,1.02481,1.02490,1.02479,1.02481,60
2024.01.04,05:34:00,1.02482,1.02489,1.02470,1.02470,60
2024.01.04,05:35:00,1.02471,1.02487,1.02470,1.02485,60
2024.01.04,05:36:00,1.02485,1.02490,1.02472,1.02473,60
2024.01.04,05:37:00,1.02473,1.02489,1.02471,1.02485,60
2024.01.04,05:38:00,1.02483,1.02497,1.02483,1.02488,60
2024.01.04,05:39:00,1.02489,1.02491,1.02476,1.02483,60
2024.01.04,05:40:00,1.02483,1.02483,1.02472,1.02483,60
2024.01.04,05:41:00,1.02483,1.02488,1.02477,1.02483,60
2024.01.04,05:42:00,1.02483,1.02486,1.02472,1.02478,60
2024.01.04,05:43:00,1.02476,1.02489,1.02476,1.02476,60
2024.01.04,05:44:00,1.02478,1.02493,1.02472,1.02474,60
2024.01.04,05:45:00,1.02474,1.02487,1.02474,1.02486,60
2024.01.04,05:46:00,1.02484,1.02487,1.02476,1.02480,60
2024.01.04,05:47:00,1.02481,1.02481,1.02469,1.02470,60
2024.01.04,05:48:00,1.02471,1.02495,1.02471,1.02483,60
2024.01.04,05:49:00,1.02482,1.02492,1.02479,1.02487,60
2024.01.04,05:50:00,1.02490,1.02490,1.02466,1.02476,60
2024.01.04,05:51:00,1.02477,1.02484,1.02475,1.02482,60
2024.01.04,05:52:00,1.02484,1.02485,1.02469,1.02476,60
2024.01.04,05:53:00,1.02477,1.02485,1.02474,1.02480,60
2024.01.04,05:54:00,1.02482,1.02485,1.02471,1.02478,60
2024.01.04,05:55:00,1.02478,1.02483,1.02475,1.02480,60
2024.01.04,05:56:00,1.02481,1.02482,1.02471,1.02481,60
2024.01.04,05:57:00,1.02482,1.02485,1.02475,1.02480,60
2024.01.04,05:58:00,1.02479,1.02487,1.02474,1.02474,60
2024.01.04,05:59:00,1.02477,1.02484,1.02472,1.02484,60
2024.01.04,06:00:00,1.02483,1.02487,1.02475,1.02483,60
2024.01.04,06:01:00,1.02483,1.02485,1.02473,1.02483,60
2024.01.04,06:02:00,1.02483,1.02486,1.02474,1.02482,60
2024.01.04,06:03:00,1.02482,1.02490,1.02476,1.02476,60
2024.01.04,06:04:00,1.02475,1.02485,1.02472,1.02482,60
2024.01.04,06:05:00,1.02484,1.02486,1.02472,1.02480,60
2024.01.04,06:06:00,1.02482,1.02497,1.02481,1.02495,60
2024.01.04,06:07:00,1.02495,1.02498,1.02490,1.02496,60
2024.01.04,06:08:00,1.02494,1.02515,1.02490,1.02507,60
2024.01.04,06:09:00,1.02509,1.02535,1.02499,1.02530,60
2024.01.04,06:10:00,1.02532,1.02548,1.02528,1.02545,60
2024.01.04,06:11:00,1.02548,1.02571,1.02541,1.02570,60
2024.01.04,06:12:00,1.02572,1.02595,1.02571,1.02595,60
2024.01.04,06:13:00,1.02596,1.02616,1.02592,1.02612,60
2024.01.04,06:14:00,1.02614,1.02625,1.02610,1.02625,60
2024.01.04,06:15:00,1.02625,1.02627,1.02621,1.02625,60
2024.01.04,06:16:00,1.02624,1.02651,1.02624,1.02650,60
2024.01.04,06:17:00,1.02647,1.02668,1.02647,1.02661,60
2024.01.04,06:18:00,1.02664,1.02680,1.02658,1.02672,60
2024.01.04,06:19:00,1.02673,1.02718,1.02671,1.02718,60
2024.01.04,06:20:00,1.02719,1.02745,1.02716,1.02745,60
2024.01.04,06:21:00,1.02746,1.02765,1.02745,1.02762,60
2024.01.04,06:22:00,1.02761,1.02771,1.02757,1.02771,60
2024.01.04,06:23:00,1.02773,1.02803,1.02773,1.02802,60
2024.01.04,06:24:00,1.02800,1.02808,1.02798,1.02807,60
2024.01.04,06:25:00,1.02808,1.02821,1.02807,1.02816,60
2024.01.04,06:26:00,1.02820,1.02820,1.02789,1.02791,60
2024.01.04,06:27:00,1.02791,1.02816,1.02789,1.02816,60
2024.01.04,06:28:00,1.02818,1.02837,1.02818,1.02833,60
2024.01.04,06:29:00,1.02833,1.02860,1.02831,1.02860,60
2024.01.04,06:30:00,1.02859,1.02877,1.02853,1.02877,60
2024.01.04,06:31:00,1.02878,1.02895,1.02869,1.02893,60
2024.01.04,06:32:00,1.02892,1.02923,1.02892,1.02923,60
2024.01.04,06:33:00,1.02923,1.02953,1.02920,1.02952,60
2024.01.04,06:34:00,1.02950,1.02979,1.02948,1.02975,60
2024.01.04,06:35:00,1.02977,1.02996,1.02976,1.02996,60
2024.01.04,06:36:00,1.02999,1.03020,1.02998,1.03020,60
2024.01.04,06:37:00,1.03023,1.03039,1.03022,1.03035,60
2024.01.04,06:38:00,1.03036,1.03063,1.03034,1.03060,60
2024.01.04,06:39:00,1.03058,1.03076,1.03055,1.03074,60
2024.01.04,06:40:00,1.03074,1.03074,1.03059,1.03071,60
2024.01.04,06:41:00,1.03070,1.03075,1.03065,1.03073,60
2024.01.04,06:42:00,1.03072,1.03078,1.03063,1.03064,60
2024.01.04,06:43:00,1.03067,1.03076,1.03066,1.03073,60
2024.01.04,06:44:00,1.03075,1.03082,1.03065,1.03072,60
2024.01.04,06:45:00,1.03072,1.03074,1.03061,1.03070,60
2024.01.04,06:46:00,1.03071,1.03073,1.03061,1.03070,60
2024.01.04,06:47:00,1.03069,1.03075,1.03063,1.03067,60
2024.01.04,06:48:00,1.03065,1.03072,1.03060,1.03069,60
2024.01.04,06:49:00,1.03071,1.03077,1.03066,1.03070,60
2024.01.04,06:50:00,1.03070,1.03073,1.03064,1.03072,60
2024.01.04,06:51:00,1.03071,1.03071,1.03058,1.03062,60
2024.01.04,06:52:00,1.03063,1.03071,1.03060,1.03068,60
2024.01.04,06:53:00,1.03067,1.03072,1.03061,1.03064,60
2024.01.04,06:54:00,1.03062,1.03067,1.03054,1.03067,60
2024.01.04,06:55:00,1.03066,1.03069,1.03056,1.03062,60
2024.01.04,06:56:00,1.03061,1.03071,1.03058,1.03059,60
2024.01.04,06:57:00,1.03061,1.03074,1.03054,1.03070,60
2024.01.04,06:58:00,1.03069,1.03073,1.03062,1.03067,60
2024.01.04,06:59:00,1.03067,1.03081,1.03063,1.03074,60
2024.01.04,07:00:00,1.03071,1.03075,1.03063,1.03066,60
2024.01.04,07:01:00,1.03068,1.03076,1.03061,1.03064,60
2024.01.04,07:02:00,1.03064,1.03068,1.03056,1.03065,60
2024.01.04,07:03:00,1.03065,1.03079,1.03065,1.03071,60
2024.01.04,07:04:00,1.03067,1.03072,1.03062,1.03069,60
2024.01.04,07:05:00,1.03069,1.03074,1.03066,1.03068,60
2024.01.04,07:06:00,1.03069,1.03074,1.03063,1.03072,60
2024.01.04,07:07:00,1.03071,1.03074,1.03057,1.03064,60
2024.01.04,07:08:00,1.03064,1.03078,1.03058,1.03064,60
2024.01.04,07:09:00,1.03067,1.03074,1.03063,1.03073,60
2024.01.04,07:10:00,1.03073,1.03075,1.03059,1.03064,60
2024.01.04,07:11:00,1.03064,1.03069,1.03061,1.03061,60
2024.01.04,07:12:00,1.03061,1.03074,1.03056,1.03063,60
2024.01.04,07:13:00,1.03064,1.03082,1.03064,1.03073,60
2024.01.04,07:14:00,1.03074,1.03077,1.03068,1.03068,60
2024.01.04,07:15:00,1.03068,1.03078,1.03061,1.03068,60
2024.01.04,07:16:00,1.03071,1.03075,1.03064,1.03068,60
2024.01.04,07:17:00,1.03068,1.03102,1.03068,1.03095,60
2024.01.04,07:18:00,1.03100,1.03112,1.03099,1.03109,60
2024.01.04,07:19:00,1.03108,1.03108,1.03094,1.03101,60
2024.01.04,07:20:00,1.03100,1.03127,1.03100,1.03127,60
2024.01.04,07:21:00,1.03128,1.03134,1.03114,1.03120,60
2024.01.04,07:22:00,1.03119,1.03144,1.03119,1.03140,60
2024.01.04,07:23:00,1.03142,1.03167,1.03142,1.03154,60
2024.01.04,07:24:00,1.03155,1.03186,1.03148,1.03182,60
2024.01.04,07:25:00,1.03180,1.03196,1.03174,1.03195,60
2024.01.04,07:26:00,1.03197,1.03212,1.03194,1.03209,60
2024.01.04,07:27:00,1.03209,1.03217,1.03205,1.03212,60
2024.01.04,07:28:00,1.03214,1.03246,1.03213,1.03244,60
2024.01.04,07:29:00,1.03245,1.03255,1.03238,1.03255,60
2024.01.04,07:30:00,1.03253,1.03282,1.03252,1.03278,60
2024.01.04,07:31:00,1.03278,1.03309,1.03275,1.03308,60
2024.01.04,07:32:00,1.03308,1.03313,1.03302,1.03309,60
2024.01.04,07:33:00,1.03309,1.03330,1.03307,1.03326,60
2024.01.04,07:34:00,1.03327,1.03352,1.03321,1.03349,60
2024.01.04,07:35:00,1.03352,1.03382,1.03351,1.03377,60
2024.01.04,07:36:00,1.03378,1.03402,1.03378,1.03401,60
2024.01.04,07:37:00,1.03401,1.03436,1.03397,1.03435,60
2024.01.04,07:38:00,1.03436,1.03454,1.03433,1.03451,60
2024.01.04,07:39:00,1.03452,1.03471,1.03449,1.03470,60
2024.01.04,07:40:00,1.03470,1.03489,1.03467,1.03487,60
2024.01.04,07:41:00,1.03486,1.03522,1.03486,1.03522,60
2024.01.04,07:42:00,1.03523,1.03545,1.03523,1.03543,60
2024.01.04,07:43:00,1.03543,1.03548,1.03530,1.03536,60
2024.01.04,07:44:00,1.03537,1.03553,1.03535,1.03550,60
2024.01.04,07:45:00,1.03553,1.03571,1.03549,1.03560,60
2024.01.04,07:46:00,1.03557,1.03563,1.03542,1.03545,60
2024.01.04,07:47:00,1.03547,1.03553,1.03544,1.03550,60
2024.01.04,07:48:00,1.03552,1.03559,1.03545,1.03557,60
2024.01.04,07:49:00,1.03555,1.03565,1.03551,1.03561,60
2024.01.04,07:50:00,1.03561,1.03595,1.03561,1.03594,60
2024.01.04,07:51:00,1.03596,1.03609,1.03596,1.03606,60
2024.01.04,07:52:00,1.03612,1.03624,1.03606,1.03622,60
2024.01.04,07:53:00,1.03623,1.03627,1.03604,1.03627,60
2024.01.04,07:54:00,1.03629,1.03629,1.03608,1.03610,60
2024.01.04,07:55:00,1.03610,1.03622,1.03604,1.03618,60
2024.01.04,07:56:00,1.03617,1.03622,1.03610,1.03616,60
2024.01.04,07:57:00,1.03615,1.03624,1.03614,1.03618,60
2024.01.04,07:58:00,1.03618,1.03631,1.03608,1.03627,60
2024.01.04,07:59:00,1.03627,1.03628,1.03610,1.03612,60
2024.01.04,08:00:00,1.03614,1.03625,1.03611,1.03620,60
2024.01.04,08:01:00,1.03620,1.03631,1.03619,1.03628,60
2024.01.04,08:02:00,1.03629,1.03629,1.03618,1.03622,60
2024.01.04,08:03:00,1.03620,1.03625,1.03608,1.03622,60
2024.01.04,08:04:00,1.03618,1.03629,1.03613,1.03623,60
2024.01.04,08:05:00,1.03625,1.03633,1.03618,1.03622,60
2024.01.04,08:06:00,1.03622,1.03624,1.03611,1.03623,60
2024.01.04,08:07:00,1.03623,1.03629,1.03619,1.03629,60
2024.01.04,08:08:00,1.03627,1.03627,1.03609,1.03610,60
2024.01.04,08:09:00,1.03612,1.03621,1.03608,1.03609,60
2024.01.04,08:10:00,1.03608,1.03622,1.03608,1.03622,60
2024.01.04,08:11:00,1.03621,1.03626,1.03611,1.03623,60
2024.01.04,08:12:00,1.03622,1.03624,1.03616,1.03618,60
2024.01.04,08:13:00,1.03620,1.03627,1.03612,1.03627,60
2024.01.04,08:14:00,1.03627,1.03631,1.03618,1.03620,60
2024.01.04,08:15:00,1.03619,1.03632,1.03610,1.03628,60
2024.01.04,08:16:00,1.03628,1.03631,1.03608,1.03625,60
2024.01.04,08:17:00,1.03623,1.03625,1.03613,1.03615,60
2024.01.04,08:18:00,1.03613,1.03624,1.03607,1.03619,60
2024.01.04,08:19:00,1.03619,1.03623,1.03613,1.03615,60
2024.01.04,08:20:00,1.03616,1.03622,1.03611,1.03620,60
2024.01.04,08:21:00,1.03624,1.03625,1.03614,1.03619,60
2024.01.04,08:22:00,1.03618,1.03621,1.03613,1.03617,60
2024.01.04,08:23:00,1.03617,1.03623,1.03614,1.03621,60
2024.01.04,08:24:00,1.03618,1.03625,1.03613,1.03620,60
2024.01.04,08:25:00,1.03620,1.03638,1.03612,1.03633,60
2024.01.04,08:26:00,1.03633,1.03652,1.03633,1.03649,60
2024.01.04,08:27:00,1.03651,1.03660,1.03638,1.03660,60
2024.01.04,08:28:00,1.03660,1.03667,1.03657,1.03664,60
2024.01.04,08:29:00,1.03663,1.03696,1.03663,1.03694,60
2024.01.04,08:30:00,1.03693,1.03726,1.03693,1.03726,60
2024.01.04,08:31:00,1.03726,1.03736,1.03721,1.03735,60
2024.01.04,08:32:00,1.03737,1.03740,1.03727,1.03734,60
2024.01.04,08:33:00,1.03736,1.03755,1.03736,1.03749,60
2024.01.04,08:34:00,1.03750,1.03768,1.03745,1.03757,60
2024.01.04,08:35:00,1.03758,1.03761,1.03745,1.03748,60
2024.01.04,08:36:00,1.03747,1.03781,1.03744,1.03780,60
2024.01.04,08:37:00,1.03781,1.03791,1.03776,1.03789,60
2024.01.04,08:38:00,1.03790,1.03822,1.03790,1.03820,60
2024.01.04,08:39:00,1.03822,1.03835,1.03822,1.03835,60
2024.01.04,08:40:00,1.03834,1.03835,1.03821,1.03832,60
2024.01.04,08:41:00,1.03833,1.03853,1.03831,1.03850,60
2024.01.04,08:42:00,1.03848,1.03850,1.03843,1.03844,60
2024.01.04,08:43:00,1.03844,1.03856,1.03841,1.03848,60
2024.01.04,08:44:00,1.03854,1.03884,1.03854,1.03884,60
2024.01.04,08:45:00,1.03884,1.03906,1.03884,1.03897,60
2024.01.04,08:46:00,1.03896,1.03914,1.03892,1.03914,60
2024.01.04,08:47:00,1.03911,1.03926,1.03908,1.03926,60
2024.01.04,08:48:00,1.03923,1.03931,1.03918,1.03922,60
2024.01.04,08:49:00,1.03921,1.03931,1.03914,1.03927,60
2024.01.04,08:50:00,1.03926,1.03936,1.03919,1.03936,60
2024.01.04,08:51:00,1.03936,1.03952,1.03936,1.03944,60
2024.01.04,08:52:00,1.03945,1.03947,1.03934,1.03940,60
2024.01.04,08:53:00,1.03942,1.03971,1.03939,1.03969,60
2024.01.04,08:54:00,1.03967,1.04000,1.03967,1.03998,60
2024.01.04,08:55:00,1.03996,1.04030,1.03995,1.04030,60
2024.01.04,08:56:00,1.04030,1.04048,1.04029,1.04044,60
2024.01.04,08:57:00,1.04047,1.04072,1.04047,1.04066,60
2024.01.04,08:58:00,1.04067,1.04104,1.04067,1.04101,60
2024.01.04,08:59:00,1.04102,1.04116,1.04102,1.04108,60
2024.01.04,09:00:00,1.04111,1.04122,1.04110,1.04117,60
2024.01.04,09:01:00,1.04114,1.04123,1.04109,1.04123,60
2024.01.04,09:02:00,1.04124,1.04128,1.04115,1.04123,60
2024.01.04,09:03:00,1.04127,1.04142,1.04126,1.04142,60
2024.01.04,09:04:00,1.04142,1.04161,1.04142,1.04156,60
2024.01.04,09:05:00,1.04156,1.04187,1.04155,1.04185,60
2024.01.04,09:06:00,1.04188,1.04205,1.04186,1.04203,60
2024.01.04,09:07:00,1.04203,1.04211,1.04197,1.04204,60
2024.01.04,09:08:00,1.04204,1.04218,1.04201,1.04215,60
2024.01.04,09:09:00,1.04215,1.04239,1.04211,1.04238,60
2024.01.04,09:10:00,1.04238,1.04248,1.04228,1.04245,60
2024.01.04,09:11:00,1.04247,1.04266,1.04244,1.04257,60
2024.01.04,09:12:00,1.04259,1.04265,1.04255,1.04259,60
2024.01.04,09:13:00,1.04257,1.04259,1.04248,1.04248,60
2024.01.04,09:14:00,1.04249,1.04257,1.04231,1.04231,60
2024.01.04,09:15:00,1.04229,1.04230,1.04200,1.04200,60
2024.01.04,09:16:00,1.04200,1.04201,1.04184,1.04187,60
2024.01.04,09:17:00,1.04186,1.04192,1.04177,1.04186,60
2024.01.04,09:18:00,1.04182,1.04182,1.04148,1.04148,60
2024.01.04,09:19:00,1.04150,1.04151,1.04131,1.04131,60
2024.01.04,09:20:00,1.04134,1.04140,1.04110,1.04111,60
2024.01.04,09:21:00,1.04111,1.04112,1.04081,1.04083,60
2024.01.04,09:22:00,1.04084,1.04084,1.04071,1.04079,60
2024.01.04,09:23:00,1.04076,1.04085,1.04056,1.04056,60
2024.01.04,09:24:00,1.04057,1.04060,1.04051,1.04055,60
2024.01.04,09:25:00,1.04057,1.04057,1.04037,1.04043,60
2024.01.04,09:26:00,1.04046,1.04046,1.04021,1.04022,60
2024.01.04,09:27:00,1.04022,1.04025,1.04000,1.04003,60
2024.01.04,09:28:00,1.04004,1.04004,1.03982,1.03983,60
2024.01.04,09:29:00,1.03981,1.03985,1.03961,1.03963,60
2024.01.04,09:30:00,1.03964,1.03976,1.03960,1.03974,60
2024.01.04,09:31:00,1.03975,1.03986,1.03970,1.03984,60
2024.01.04,09:32:00,1.03984,1.03986,1.03959,1.03966,60
2024.01.04,09:33:00,1.03966,1.03967,1.03939,1.03942,60
2024.01.04,09:34:00,1.03940,1.03942,1.03930,1.03935,60
2024.01.04,09:35:00,1.03935,1.03958,1.03933,1.03954,60
2024.01.04,09:36:00,1.03950,1.03952,1.03928,1.03929,60
2024.01.04,09:37:00,1.03930,1.03931,1.03918,1.03919,60
2024.01.04,09:38:00,1.03919,1.03919,1.03899,1.03899,60
2024.01.04,09:39:00,1.03894,1.03896,1.03853,1.03853,60
2024.01.04,09:40:00,1.03855,1.03856,1.03827,1.03835,60
2024.01.04,09:41:00,1.03836,1.03837,1.03810,1.03813,60
2024.01.04,09:42:00,1.03815,1.03815,1.03781,1.03782,60
2024.01.04,09:43:00,1.03782,1.03785,1.03767,1.03769,60
2024.01.04,09:44:00,1.03768,1.03771,1.03758,1.03762,60
2024.01.04,09:45:00,1.03762,1.03764,1.03749,1.03751,60
2024.01.04,09:46:00,1.03752,1.03752,1.03723,1.03727,60
2024.01.04,09:47:00,1.03729,1.03730,1.03714,1.03718,60
2024.01.04,09:48:00,1.03719,1.03728,1.03704,1.03712,60
2024.01.04,09:49:00,1.03710,1.03711,1.03702,1.03708,60
2024.01.04,09:50:00,1.03708,1.03708,1.03693,1.03695,60
2024.01.04,09:51:00,1.03692,1.03694,1.03668,1.03672,60
2024.01.04,09:52:00,1.03672,1.03673,1.03658,1.03667,60
2024.01.04,09:53:00,1.03666,1.03670,1.03635,1.03635,60
2024.01.04,09:54:00,1.03636,1.03640,1.03618,1.03618,60
2024.01.04,09:55:00,1.03617,1.03621,1.03588,1.03591,60
2024.01.04,09:56:00,1.03592,1.03594,1.03576,1.03582,60
2024.01.04,09:57:00,1.03581,1.03588,1.03571,1.03571,60
2024.01.04,09:58:00,1.03571,1.03589,1.03571,1.03575,60
2024.01.04,09:59:00,1.03572,1.03573,1.03547,1.03547,60
2024.01.04,10:00:00,1.03547,1.03556,1.03532,1.03535,60
2024.01.04,10:01:00,1.03533,1.03533,1.03517,1.03522,60
2024.01.04,10:02:00,1.03522,1.03527,1.03505,1.03508,60
2024.01.04,10:03:00,1.03505,1.03507,1.03488,1.03488,60
2024.01.04,10:04:00,1.03489,1.03491,1.03479,1.03479,60
2024.01.04,10:05:00,1.03480,1.03480,1.03469,1.03476,60
2024.01.04,10:06:00,1.03473,1.03475,1.03464,1.03467,60
2024.01.04,10:07:00,1.03466,1.03466,1.03449,1.03454,60
2024.01.04,10:08:00,1.03452,1.03463,1.03442,1.03445,60
2024.01.04,10:09:00,1.03447,1.03447,1.03404,1.03408,60
2024.01.04,10:10:00,1.03408,1.03415,1.03388,1.03388,60
2024.01.04,10:11:00,1.03391,1.03395,1.03379,1.03385,60
2024.01.04,10:12:00,1.03384,1.03384,1.03345,1.03349,60
2024.01.04,10:13:00,1.03350,1.03351,1.03336,1.03336,60
2024.01.04,10:14:00,1.03338,1.03344,1.03322,1.03331,60
2024.01.04,10:15:00,1.03330,1.03338,1.03328,1.03333,60
2024.01.04,10:16:00,1.03329,1.03333,1.03295,1.03296,60
2024.01.04,10:17:00,1.03297,1.03304,1.03280,1.03288,60
2024.01.04,10:18:00,1.03286,1.03289,1.03268,1.03273,60
2024.01.04,10:19:00,1.03273,1.03287,1.03270,1.03286,60
2024.01.04,10:20:00,1.03287,1.03288,1.03268,1.03274,60
2024.01.04,10:21:00,1.03273,1.03273,1.03254,1.03254,60
2024.01.04,10:22:00,1.03256,1.03262,1.03247,1.03248,60
2024.01.04,10:23:00,1.03248,1.03248,1.03234,1.03243,60
2024.01.04,10:24:00,1.03245,1.03245,1.03229,1.03231,60
2024.01.04,10:25:00,1.03229,1.03229,1.03201,1.03201,60
2024.01.04,10:26:00,1.03201,1.03201,1.03185,1.03185,60
2024.01.04,10:27:00,1.03190,1.03190,1.03178,1.03187,60
2024.01.04,10:28:00,1.03186,1.03190,1.03155,1.03161,60
2024.01.04,10:29:00,1.03160,1.03160,1.03132,1.03141,60
2024.01.04,10:30:00,1.03143,1.03150,1.03131,1.03134,60
2024.01.04,10:31:00,1.03133,1.03133,1.03099,1.03099,60
2024.01.04,10:32:00,1.03101,1.03110,1.03092,1.03100,60
2024.01.04,10:33:00,1.03102,1.03103,1.03083,1.03083,60
2024.01.04,10:34:00,1.03082,1.03083,1.03055,1.03056,60
2024.01.04,10:35:00,1.03057,1.03057,1.03036,1.03045,60
2024.01.04,10:36:00,1.03045,1.03054,1.03041,1.03051,60
2024.01.04,10:37:00,1.03047,1.03047,1.03032,1.03041,60
2024.01.04,10:38:00,1.03039,1.03041,1.03031,1.03039,60
2024.01.04,10:39:00,1.03038,1.03045,1.03033,1.03038,60
2024.01.04,10:40:00,1.03042,1.03044,1.03032,1.03037,60
2024.01.04,10:41:00,1.03035,1.03039,1.03029,1.03038,60
2024.01.04,10:42:00,1.03036,1.03040,1.03031,1.03039,60
2024.01.04,10:43:00,1.03038,1.03044,1.03034,1.03037,60
2024.01.04,10:44:00,1.03035,1.03039,1.03028,1.03039,60
2024.01.04,10:45:00,1.03038,1.03039,1.03028,1.03030,60
2024.01.04,10:46:00,1.03030,1.03048,1.03030,1.03043,60
2024.01.04,10:47:00,1.03042,1.03049,1.03037,1.03041,60
2024.01.04,10:48:00,1.03042,1.03043,1.03029,1.03039,60
2024.01.04,10:49:00,1.03039,1.03043,1.03029,1.03039,60
2024.01.04,10:50:00,1.03039,1.03053,1.03036,1.03037,60
2024.01.04,10:51:00,1.03036,1.03047,1.03032,1.03034,60
2024.01.04,10:52:00,1.03036,1.03047,1.03033,1.03039,60
2024.01.04,10:53:00,1.03039,1.03051,1.03036,1.03042,60
2024.01.04,10:54:00,1.03043,1.03043,1.03027,1.03038,60
2024.01.04,10:55:00,1.03037,1.03042,1.03030,1.03039,60
2024.01.04,10:56:00,1.03039,1.03042,1.03027,1.03035,60
2024.01.04,10:57:00,1.03035,1.03043,1.03031,1.03036,60
2024.01.04,10:58:00,1.03034,1.03045,1.03030,1.03041,60
2024.01.04,10:59:00,1.03041,1.03048,1.03031,1.03041,60
2024.01.04,11:00:00,1.03038,1.03045,1.03035,1.03040,60
2024.01.04,11:01:00,1.03041,1.03044,1.03032,1.03043,60
2024.01.04,11:02:00,1.03043,1.03050,1.03031,1.03041,60
2024.01.04,11:03:00,1.03041,1.03044,1.03025,1.03025,60
2024.01.04,11:04:00,1.03026,1.03040,1.03026,1.03033,60
2024.01.04,11:05:00,1.03031,1.03040,1.03027,1.03039,60
2024.01.04,11:06:00,1.03038,1.03054,1.03035,1.03045,60
2024.01.04,11:07:00,1.03043,1.03047,1.03032,1.03032,60
2024.01.04,11:08:00,1.03034,1.03045,1.03029,1.03031,60
2024.01.04,11:09:00,1.03033,1.03038,1.03025,1.03036,60
2024.01.04,11:10:00,1.03036,1.03040,1.03030,1.03035,60
2024.01.04,11:11:00,1.03036,1.03045,1.03035,1.03041,60
2024.01.04,11:12:00,1.03043,1.03044,1.03025,1.03034,60
2024.01.04,11:13:00,1.03032,1.03046,1.03022,1.03046,60
2024.01.04,11:14:00,1.03046,1.03048,1.03039,1.03044,60
2024.01.04,11:15:00,1.03047,1.03050,1.03034,1.03035,60
2024.01.04,11:16:00,1.03034,1.03038,1.03024,1.03037,60
2024.01.04,11:17:00,1.03039,1.03043,1.03035,1.03039,60
2024.01.04,11:18:00,1.03038,1.03050,1.03032,1.03033,60
2024.01.04,11:19:00,1.03034,1.03043,1.03030,1.03040,60
2024.01.04,11:20:00,1.03042,1.03055,1.03037,1.03039,60
2024.01.04,11:21:00,1.03039,1.03042,1.03027,1.03033,60
2024.01.04,11:22:00,1.03034,1.03043,1.03029,1.03042,60
2024.01.04,11:23:00,1.03042,1.03044,1.03023,1.03026,60
2024.01.04,11:24:00,1.03030,1.03044,1.03027,1.03040,60
2024.01.04,11:25:00,1.03039,1.03052,1.03030,1.03041,60
2024.01.04,11:26:00,1.03039,1.03043,1.03027,1.03037,60
2024.01.04,11:27:00,1.03038,1.03050,1.03031,1.03045,60
2024.01.04,11:28:00,1.03044,1.03045,1.03029,1.03033,60
2024.01.04,11:29:00,1.03034,1.03048,1.03033,1.03048,60
2024.01.04,11:30:00,1.03047,1.03049,1.03036,1.03043,60
2024.01.04,11:31:00,1.03042,1.03044,1.03036,1.03042,60
2024.01.04,11:32:00,1.03044,1.03048,1.03033,1.03040,60
2024.01.04,11:33:00,1.03039,1.03047,1.03034,1.03041,60
2024.01.04,11:34:00,1.03040,1.03046,1.03037,1.03044,60
2024.01.04,11:35:00,1.03044,1.03056,1.03040,1.03046,60
2024.01.04,11:36:00,1.03046,1.03052,1.03029,1.03029,60
2024.01.04,11:37:00,1.03030,1.03050,1.03030,1.03037,60
2024.01.04,11:38:00,1.03038,1.03038,1.03030,1.03037,60
2024.01.04,11:39:00,1.03038,1.03042,1.03032,1.03035,60
2024.01.04,11:40:00,1.03035,1.03045,1.03030,1.03043,60
2024.01.04,11:41:00,1.03043,1.03048,1.03029,1.03047,60
2024.01.04,11:42:00,1.03048,1.03048,1.03033,1.03035,60
2024.01.04,11:43:00,1.03036,1.03045,1.03035,1.03039,60
2024.01.04,11:44:00,1.03038,1.03046,1.03032,1.03035,60
2024.01.04,11:45:00,1.03031,1.03039,1.03029,1.03032,60
2024.01.04,11:46:00,1.03034,1.03043,1.03030,1.03040,60
2024.01.04,11:47:00,1.03039,1.03042,1.03033,1.03038,60
2024.01.04,11:48:00,1.03036,1.03041,1.03031,1.03032,60
2024.01.04,11:49:00,1.03034,1.03043,1.03026,1.03037,60
2024.01.04,11:50:00,1.03039,1.03045,1.03030,1.03045,60
2024.01.04,11:51:00,1.03046,1.03046,1.03038,1.03044,60
2024.01.04,11:52:00,1.03042,1.03042,1.03027,1.03034,60
2024.01.04,11:53:00,1.03034,1.03049,1.03033,1.03044,60
2024.01.04,11:54:00,1.03044,1.03054,1.03038,1.03040,60
2024.01.04,11:55:00,1.03043,1.03053,1.03032,1.03042,60
2024.01.04,11:56:00,1.03041,1.03045,1.03030,1.03041,60
2024.01.04,11:57:00,1.03041,1.03046,1.03036,1.03046,60
2024.01.04,11:58:00,1.03043,1.03055,1.03035,1.03039,60
2024.01.04,11:59:00,1.03037,1.03048,1.03030,1.03048,60
2024.01.04,12:00:00,1.03048,1.03049,1.03035,1.03036,60
2024.01.04,12:01:00,1.03036,1.03043,1.03030,1.03030,60
2024.01.04,12:02:00,1.03030,1.03048,1.03028,1.03043,60
2024.01.04,12:03:00,1.03042,1.03046,1.03037,1.03040,60
2024.01.04,12:04:00,1.03039,1.03046,1.03037,1.03037,60
2024.01.04,12:05:00,1.03037,1.03037,1.03025,1.03036,60
2024.01.04,12:06:00,1.03037,1.03041,1.03033,1.03037,60
2024.01.04,12:07:00,1.03038,1.03040,1.03030,1.03035,60
2024.01.04,12:08:00,1.03036,1.03048,1.03034,1.03036,60
2024.01.04,12:09:00,1.03035,1.03046,1.03035,1.03040,60
2024.01.04,12:10:00,1.03039,1.03046,1.03016,1.03021,60
2024.01.04,12:11:00,1.03020,1.03021,1.02992,1.02992,60
2024.01.04,12:12:00,1.02991,1.03006,1.02986,1.02998,60
2024.01.04,12:13:00,1.03000,1.03003,1.02988,1.02990,60
2024.01.04,12:14:00,1.02989,1.02989,1.02970,1.02971,60
2024.01.04,12:15:00,1.02968,1.02968,1.02940,1.02941,60
2024.01.04,12:16:00,1.02942,1.02943,1.02933,1.02935,60
2024.01.04,12:17:00,1.02934,1.02938,1.02926,1.02927,60
2024.01.04,12:18:00,1.02926,1.02927,1.02898,1.02899,60
2024.01.04,12:19:00,1.02899,1.02903,1.02891,1.02894,60
2024.01.04,12:20:00,1.02894,1.02897,1.02887,1.02889,60
2024.01.04,12:21:00,1.02887,1.02898,1.02866,1.02868,60
2024.01.04,12:22:00,1.02867,1.02869,1.02855,1.02865,60
2024.01.04,12:23:00,1.02864,1.02864,1.02847,1.02858,60
2024.01.04,12:24:00,1.02858,1.02859,1.02842,1.02845,60
2024.01.04,12:25:00,1.02844,1.02848,1.02829,1.02832,60
2024.01.04,12:26:00,1.02831,1.02831,1.02812,1.02816,60
2024.01.04,12:27:00,1.02816,1.02817,1.02794,1.02800,60
2024.01.04,12:28:00,1.02801,1.02801,1.02780,1.02780,60
2024.01.04,12:29:00,1.02777,1.02781,1.02764,1.02781,60
2024.01.04,12:30:00,1.02778,1.02785,1.02769,1.02769,60
2024.01.04,12:31:00,1.02772,1.02776,1.02755,1.02758,60
2024.01.04,12:32:00,1.02758,1.02758,1.02730,1.02730,60
2024.01.04,12:33:00,1.02729,1.02729,1.02715,1.02720,60
2024.01.04,12:34:00,1.02718,1.02727,1.02713,1.02721,60
2024.01.04,12:35:00,1.02723,1.02727,1.02702,1.02702,60
2024.01.04,12:36:00,1.02701,1.02712,1.02694,1.02695,60
2024.01.04,12:37:00,1.02696,1.02700,1.02686,1.02689,60
2024.01.04,12:38:00,1.02688,1.02694,1.02679,1.02684,60
2024.01.04,12:39:00,1.02682,1.02695,1.02678,1.02678,60
2024.01.04,12:40:00,1.02678,1.02681,1.02663,1.02663,60
2024.01.04,12:41:00,1.02662,1.02665,1.02653,1.02654,60
2024.01.04,12:42:00,1.02652,1.02652,1.02632,1.02643,60
2024.01.04,12:43:00,1.02643,1.02655,1.02637,1.02644,60
2024.01.04,12:44:00,1.02643,1.02643,1.02611,1.02611,60
2024.01.04,12:45:00,1.02612,1.02620,1.02609,1.02612,60
2024.01.04,12:46:00,1.02610,1.02615,1.02596,1.02599,60
2024.01.04,12:47:00,1.02599,1.02599,1.02568,1.02571,60
2024.01.04,12:48:00,1.02569,1.02569,1.02542,1.02544,60
2024.01.04,12:49:00,1.02544,1.02551,1.02523,1.02526,60
2024.01.04,12:50:00,1.02524,1.02529,1.02519,1.02524,60
2024.01.04,12:51:00,1.02525,1.02539,1.02525,1.02533,60
2024.01.04,12:52:00,1.02532,1.02548,1.02520,1.02520,60
2024.01.04,12:53:00,1.02519,1.02525,1.02512,1.02514,60
2024.01.04,12:54:00,1.02513,1.02517,1.02493,1.02498,60
2024.01.04,12:55:00,1.02498,1.02526,1.02496,1.02524,60
2024.01.04,12:56:00,1.02523,1.02525,1.02512,1.02515,60
2024.01.04,12:57:00,1.02516,1.02522,1.02510,1.02515,60
2024.01.04,12:58:00,1.02514,1.02519,1.02505,1.02509,60
2024.01.04,12:59:00,1.02509,1.02519,1.02505,1.02510,60
2024.01.04,13:00:00,1.02509,1.02521,1.02504,1.02512,60
2024.01.04,13:01:00,1.02514,1.02519,1.02504,1.02508,60
2024.01.04,13:02:00,1.02507,1.02522,1.02505,1.02519,60
2024.01.04,13:03:00,1.02521,1.02524,1.02507,1.02510,60
2024.01.04,13:04:00,1.02508,1.02521,1.02507,1.02518,60
2024.01.04,13:05:00,1.02517,1.02517,1.02505,1.02510,60
2024.01.04,13:06:00,1.02511,1.02519,1.02505,1.02506,60
2024.01.04,13:07:00,1.02506,1.02512,1.02503,1.02508,60
2024.01.04,13:08:00,1.02510,1.02512,1.02502,1.02506,60
2024.01.04,13:09:00,1.02506,1.02519,1.02504,1.02512,60
2024.01.04,13:10:00,1.02511,1.02514,1.02508,1.02510,60
2024.01.04,13:11:00,1.02510,1.02519,1.02508,1.02510,60
2024.01.04,13:12:00,1.02508,1.02514,1.02505,1.02509,60
2024.01.04,13:13:00,1.02511,1.02520,1.02507,1.02513,60
2024.01.04,13:14:00,1.02511,1.02519,1.02506,1.02513,60
2024.01.04,13:15:00,1.02516,1.02522,1.02508,1.02512,60
2024.01.04,13:16:00,1.02510,1.02515,1.02504,1.02515,60
2024.01.04,13:17:00,1.02518,1.02518,1.02505,1.02508,60
2024.01.04,13:18:00,1.02507,1.02520,1.02507,1.02516,60
2024.01.04,13:19:00,1.02515,1.02517,1.02510,1.02517,60
2024.01.04,13:20:00,1.02518,1.02518,1.02509,1.02514,60
2024.01.04,13:21:00,1.02514,1.02519,1.02506,1.02512,60
2024.01.04,13:22:00,1.02508,1.02521,1.02506,1.02521,60
2024.01.04,13:23:00,1.02519,1.02519,1.02508,1.02515,60
2024.01.04,13:24:00,1.02516,1.02523,1.02507,1.02510,60
2024.01.04,13:25:00,1.02510,1.02515,1.02504,1.02507,60
2024.01.04,13:26:00,1.02508,1.02516,1.02501,1.02507,60
2024.01.04,13:27:00,1.02504,1.02515,1.02500,1.02512,60
2024.01.04,13:28:00,1.02513,1.02516,1.02505,1.02510,60
2024.01.04,13:29:00,1.02514,1.02524,1.02511,1.02517,60
2024.01.04,13:30:00,1.02519,1.02520,1.02508,1.02511,60
2024.01.04,13:31:00,1.02511,1.02522,1.02506,1.02513,60
2024.01.04,13:32:00,1.02513,1.02514,1.02505,1.02509,60
2024.01.04,13:33:00,1.02510,1.02515,1.02504,1.02514,60
2024.01.04,13:34:00,1.02516,1.02518,1.02508,1.02515,60
2024.01.04,13:35:00,1.02518,1.02521,1.02504,1.02507,60
2024.01.04,13:36:00,1.02510,1.02519,1.02506,1.02518,60
2024.01.04,13:37:00,1.02519,1.02519,1.02505,1.02505,60
2024.01.04,13:38:00,1.02507,1.02522,1.02507,1.02521,60
2024.01.04,13:39:00,1.02521,1.02522,1.02505,1.02508,60
2024.01.04,13:40:00,1.02508,1.02523,1.02507,1.02515,60
2024.01.04,13:41:00,1.02515,1.02516,1.02498,1.02509,60
2024.01.04,13:42:00,1.02510,1.02528,1.02508,1.02525,60
2024.01.04,13:43:00,1.02523,1.02526,1.02504,1.02512,60
2024.01.04,13:44:00,1.02512,1.02512,1.02501,1.02504,60
2024.01.04,13:45:00,1.02505,1.02514,1.02500,1.02511,60
2024.01.04,13:46:00,1.02511,1.02518,1.02509,1.02512,60
2024.01.04,13:47:00,1.02510,1.02525,1.02507,1.02511,60
2024.01.04,13:48:00,1.02513,1.02520,1.02509,1.02512,60
2024.01.04,13:49:00,1.02514,1.02527,1.02511,1.02524,60
2024.01.04,13:50:00,1.02524,1.02524,1.02502,1.02508,60
2024.01.04,13:51:00,1.02508,1.02518,1.02506,1.02510,60
2024.01.04,13:52:00,1.02505,1.02514,1.02502,1.02502,60
2024.01.04,13:53:00,1.02503,1.02521,1.02503,1.02514,60
2024.01.04,13:54:00,1.02514,1.02514,1.02503,1.02513,60
2024.01.04,13:55:00,1.02512,1.02517,1.02505,1.02505,60
2024.01.04,13:56:00,1.02505,1.02516,1.02504,1.02514,60
2024.01.04,13:57:00,1.02515,1.02517,1.02504,1.02515,60
2024.01.04,13:58:00,1.02514,1.02521,1.02507,1.02509,60
2024.01.04,13:59:00,1.02510,1.02512,1.02499,1.02510,60
2024.01.04,14:00:00,1.02511,1.02515,1.02503,1.02512,60
2024.01.04,14:01:00,1.02513,1.02519,1.02503,1.02509,60
2024.01.04,14:02:00,1.02507,1.02512,1.02496,1.02511,60
2024.01.04,14:03:00,1.02510,1.02514,1.02504,1.02512,60
2024.01.04,14:04:00,1.02513,1.02519,1.02505,1.02507,60
2024.01.04,14:05:00,1.02507,1.02520,1.02499,1.02519,60
2024.01.04,14:06:00,1.02515,1.02519,1.02508,1.02509,60
2024.01.04,14:07:00,1.02509,1.02518,1.02507,1.02508,60
2024.01.04,14:08:00,1.02509,1.02515,1.02499,1.02512,60
2024.01.04,14:09:00,1.02513,1.02522,1.02509,1.02520,60
2024.01.04,14:10:00,1.02517,1.02521,1.02508,1.02510,60
2024.01.04,14:11:00,1.02508,1.02523,1.02507,1.02508,60
2024.01.04,14:12:00,1.02507,1.02521,1.02505,1.02511,60
2024.01.04,14:13:00,1.02511,1.02524,1.02511,1.02517,60
2024.01.04,14:14:00,1.02516,1.02522,1.02510,1.02515,60
2024.01.04,14:15:00,1.02513,1.02526,1.02513,1.02524,60
2024.01.04,14:16:00,1.02523,1.02524,1.02511,1.02520,60
2024.01.04,14:17:00,1.02517,1.02524,1.02514,1.02517,60
2024.01.04,14:18:00,1.02517,1.02519,1.02512,1.02515,60
2024.01.04,14:19:00,1.02516,1.02527,1.02509,1.02515,60
2024.01.04,14:20:00,1.02514,1.02527,1.02511,1.02520,60
2024.01.04,14:21:00,1.02522,1.02522,1.02509,1.02518,60
2024.01.04,14:22:00,1.02514,1.02527,1.02514,1.02520,60
2024.01.04,14:23:00,1.02519,1.02520,1.02510,1.02517,60
2024.01.04,14:24:00,1.02519,1.02519,1.02503,1.02510,60
2024.01.04,14:25:00,1.02515,1.02522,1.02507,1.02510,60
2024.01.04,14:26:00,1.02509,1.02522,1.02501,1.02522,60
2024.01.04,14:27:00,1.02522,1.02529,1.02513,1.02518,60
2024.01.04,14:28:00,1.02519,1.02520,1.02510,1.02520,60
2024.01.04,14:29:00,1.02521,1.02524,1.02513,1.02522,60
2024.01.04,14:30:00,1.02519,1.02524,1.02512,1.02515,60
2024.01.04,14:31:00,1.02515,1.02522,1.02508,1.02515,60
2024.01.04,14:32:00,1.02515,1.02523,1.02509,1.02522,60
2024.01.04,14:33:00,1.02520,1.02525,1.02511,1.02515,60
2024.01.04,14:34:00,1.02514,1.02522,1.02508,1.02512,60
2024.01.04,14:35:00,1.02512,1.02522,1.02512,1.02516,60
2024.01.04,14:36:00,1.02519,1.02523,1.02511,1.02516,60
2024.01.04,14:37:00,1.02516,1.02526,1.02514,1.02522,60
2024.01.04,14:38:00,1.02523,1.02527,1.02517,1.02517,60
2024.01.04,14:39:00,1.02517,1.02529,1.02515,1.02518,60
2024.01.04,14:40:00,1.02518,1.02527,1.02506,1.02511,60
2024.01.04,14:41:00,1.02512,1.02519,1.02510,1.02513,60
2024.01.04,14:42:00,1.02514,1.02526,1.02514,1.02520,60
2024.01.04,14:43:00,1.02519,1.02523,1.02510,1.02517,60
2024.01.04,14:44:00,1.02517,1.02527,1.02513,1.02515,60
2024.01.04,14:45:00,1.02517,1.02524,1.02508,1.02514,60
2024.01.04,14:46:00,1.02513,1.02518,1.02505,1.02518,60
2024.01.04,14:47:00,1.02520,1.02520,1.02505,1.02509,60
2024.01.04,14:48:00,1.02510,1.02519,1.02510,1.02510,60
2024.01.04,14:49:00,1.02511,1.02520,1.02510,1.02514,60
2024.01.04,14:50:00,1.02516,1.02519,1.02507,1.02516,60
2024.01.04,14:51:00,1.02518,1.02522,1.02509,1.02509,60
2024.01.04,14:52:00,1.02509,1.02518,1.02505,1.02513,60
2024.01.04,14:53:00,1.02512,1.02524,1.02509,1.02520,60
2024.01.04,14:54:00,1.02521,1.02527,1.02511,1.02523,60
2024.01.04,14:55:00,1.02522,1.02524,1.02507,1.02519,60
2024.01.04,14:56:00,1.02517,1.02517,1.02501,1.02511,60
2024.01.04,14:57:00,1.02512,1.02523,1.02509,1.02515,60
2024.01.04,14:58:00,1.02518,1.02521,1.02509,1.02513,60
2024.01.04,14:59:00,1.02513,1.02526,1.02507,1.02516,60
2024.01.04,15:00:00,1.02515,1.02527,1.02506,1.02512,60
2024.01.04,15:01:00,1.02512,1.02518,1.02507,1.02511,60
2024.01.04,15:02:00,1.02511,1.02522,1.02509,1.02518,60
2024.01.04,15:03:00,1.02517,1.02525,1.02514,1.02525,60
2024.01.04,15:04:00,1.02526,1.02527,1.02508,1.02511,60
2024.01.04,15:05:00,1.02513,1.02520,1.02508,1.02518,60
2024.01.04,15:06:00,1.02517,1.02518,1.02502,1.02512,60
2024.01.04,15:07:00,1.02511,1.02525,1.02509,1.02521,60
2024.01.04,15:08:00,1.02521,1.02523,1.02508,1.02511,60
2024.01.04,15:09:00,1.02513,1.02525,1.02511,1.02515,60
2024.01.04,15:10:00,1.02518,1.02526,1.02512,1.02518,60
2024.01.04,15:11:00,1.02519,1.02522,1.02510,1.02511,60
2024.01.04,15:12:00,1.02510,1.02520,1.02508,1.02520,60
2024.01.04,15:13:00,1.02519,1.02524,1.02508,1.02509,60
2024.01.04,15:14:00,1.02509,1.02523,1.02501,1.02523,60
2024.01.04,15:15:00,1.02524,1.02527,1.02517,1.02522,60
2024.01.04,15:16:00,1.02522,1.02528,1.02515,1.02515,60
2024.01.04,15:17:00,1.02517,1.02524,1.02511,1.02514,60
2024.01.04,15:18:00,1.02514,1.02522,1.02510,1.02522,60
2024.01.04,15:19:00,1.02520,1.02522,1.02509,1.02515,60
2024.01.04,15:20:00,1.02515,1.02522,1.02511,1.02522,60
2024.01.04,15:21:00,1.02521,1.02525,1.02510,1.02519,60
2024.01.04,15:22:00,1.02519,1.02524,1.02509,1.02520,60
2024.01.04,15:23:00,1.02520,1.02524,1.02511,1.02517,60
2024.01.04,15:24:00,1.02517,1.02523,1.02514,1.02520,60
2024.01.04,15:25:00,1.02522,1.02522,1.02506,1.02510,60
2024.01.04,15:26:00,1.02511,1.02525,1.02511,1.02521,60
2024.01.04,15:27:00,1.02521,1.02523,1.02510,1.02521,60
2024.01.04,15:28:00,1.02521,1.02528,1.02513,1.02513,60
2024.01.04,15:29:00,1.02515,1.02523,1.02509,1.02512,60
2024.01.04,15:30:00,1.02512,1.02517,1.02507,1.02513,60
2024.01.04,15:31:00,1.02510,1.02515,1.02504,1.02506,60
2024.01.04,15:32:00,1.02508,1.02516,1.02505,1.02512,60
2024.01.04,15:33:00,1.02511,1.02524,1.02511,1.02513,60
2024.01.04,15:34:00,1.02513,1.02530,1.02511,1.02524,60
2024.01.04,15:35:00,1.02524,1.02524,1.02508,1.02515,60
2024.01.04,15:36:00,1.02515,1.02520,1.02509,1.02512,60
2024.01.04,15:37:00,1.02511,1.02520,1.02506,1.02506,60
2024.01.04,15:38:00,1.02508,1.02523,1.02506,1.02519,60
2024.01.04,15:39:00,1.02521,1.02524,1.02509,1.02509,60
2024.01.04,15:40:00,1.02510,1.02524,1.02510,1.02523,60
2024.01.04,15:41:00,1.02520,1.02520,1.02508,1.02511,60
2024.01.04,15:42:00,1.02509,1.02528,1.02508,1.02524,60
2024.01.04,15:43:00,1.02523,1.02526,1.02512,1.02526,60
2024.01.04,15:44:00,1.02528,1.02532,1.02514,1.02520,60
2024.01.04,15:45:00,1.02522,1.02531,1.02514,1.02518,60
2024.01.04,15:46:00,1.02518,1.02525,1.02507,1.02508,60
2024.01.04,15:47:00,1.02508,1.02524,1.02508,1.02522,60
2024.01.04,15:48:00,1.02522,1.02529,1.02516,1.02518,60
2024.01.04,15:49:00,1.02517,1.02524,1.02509,1.02509,60
2024.01.04,15:50:00,1.02509,1.02531,1.02509,1.02529,60
2024.01.04,15:51:00,1.02528,1.02528,1.02512,1.02516,60
2024.01.04,15:52:00,1.02518,1.02530,1.02515,1.02528,60
2024.01.04,15:53:00,1.02527,1.02532,1.02522,1.02525,60
2024.01.04,15:54:00,1.02525,1.02527,1.02514,1.02524,60
2024.01.04,15:55:00,1.02523,1.02530,1.02507,1.02517,60
2024.01.04,15:56:00,1.02518,1.02527,1.02516,1.02519,60
2024.01.04,15:57:00,1.02520,1.02520,1.02507,1.02507,60
2024.01.04,15:58:00,1.02508,1.02524,1.02508,1.02520,60
2024.01.04,15:59:00,1.02520,1.02523,1.02512,1.02521,60
2024.01.04,16:00:00,1.02522,1.02524,1.02516,1.02519,60
2024.01.04,16:01:00,1.02520,1.02520,1.02512,1.02514,60
2024.01.04,16:02:00,1.02515,1.02527,1.02509,1.02521,60
2024.01.04,16:03:00,1.02523,1.02524,1.02511,1.02521,60
2024.01.04,16:04:00,1.02521,1.02527,1.02514,1.02515,60
2024.01.04,16:05:00,1.02513,1.02516,1.02504,1.02514,60
2024.01.04,16:06:00,1.02516,1.02521,1.02505,1.02521,60
2024.01.04,16:07:00,1.02524,1.02526,1.02511,1.02516,60
2024.01.04,16:08:00,1.02516,1.02525,1.02512,1.02519,60
2024.01.04,16:09:00,1.02516,1.02523,1.02507,1.02511,60
2024.01.04,16:10:00,1.02512,1.02525,1.02510,1.02518,60
2024.01.04,16:11:00,1.02518,1.02522,1.02513,1.02522,60
2024.01.04,16:12:00,1.02521,1.02527,1.02516,1.02526,60
2024.01.04,16:13:00,1.02527,1.02527,1.02511,1.02512,60
2024.01.04,16:14:00,1.02512,1.02521,1.02506,1.02516,60
2024.01.04,16:15:00,1.02513,1.02516,1.02505,1.02508,60
2024.01.04,16:16:00,1.02508,1.02516,1.02503,1.02514,60
2024.01.04,16:17:00,1.02515,1.02528,1.02511,1.02516,60
2024.01.04,16:18:00,1.02515,1.02518,1.02506,1.02514,60
2024.01.04,16:19:00,1.02514,1.02519,1.02510,1.02518,60
2024.01.04,16:20:00,1.02517,1.02520,1.02506,1.02513,60
2024.01.04,16:21:00,1.02514,1.02533,1.02509,1.02532,60
2024.01.04,16:22:00,1.02535,1.02536,1.02517,1.02521,60
2024.01.04,16:23:00,1.02522,1.02524,1.02511,1.02518,60
2024.01.04,16:24:00,1.02518,1.02524,1.02510,1.02515,60
2024.01.04,16:25:00,1.02517,1.02529,1.02516,1.02519,60
2024.01.04,16:26:00,1.02520,1.02531,1.02515,1.02519,60
2024.01.04,16:27:00,1.02521,1.02526,1.02517,1.02518,60
2024.01.04,16:28:00,1.02514,1.02524,1.02514,1.02518,60
2024.01.04,16:29:00,1.02520,1.02526,1.02516,1.02523,60
2024.01.04,16:30:00,1.02525,1.02526,1.02513,1.02523,60
2024.01.04,16:31:00,1.02522,1.02527,1.02517,1.02522,60
2024.01.04,16:32:00,1.02525,1.02531,1.02518,1.02521,60
2024.01.04,16:33:00,1.02524,1.02529,1.02515,1.02515,60
2024.01.04,16:34:00,1.02515,1.02525,1.02512,1.02523,60
2024.01.04,16:35:00,1.02521,1.02531,1.02519,1.02523,60
2024.01.04,16:36:00,1.02523,1.02526,1.02505,1.02513,60
2024.01.04,16:37:00,1.02514,1.02525,1.02514,1.02521,60
2024.01.04,16:38:00,1.02521,1.02525,1.02504,1.02506,60
2024.01.04,16:39:00,1.02507,1.02510,1.02491,1.02501,60
2024.01.04,16:40:00,1.02501,1.02501,1.02472,1.02474,60
2024.01.04,16:41:00,1.02475,1.02478,1.02440,1.02441,60
2024.01.04,16:42:00,1.02443,1.02447,1.02422,1.02422,60
2024.01.04,16:43:00,1.02423,1.02423,1.02398,1.02401,60
2024.01.04,16:44:00,1.02402,1.02409,1.02395,1.02408,60
2024.01.04,16:45:00,1.02409,1.02409,1.02377,1.02382,60
2024.01.04,16:46:00,1.02384,1.02394,1.02383,1.02386,60
2024.01.04,16:47:00,1.02387,1.02396,1.02373,1.02373,60
2024.01.04,16:48:00,1.02372,1.02373,1.02357,1.02357,60
2024.01.04,16:49:00,1.02356,1.02357,1.02347,1.02350,60
2024.01.04,16:50:00,1.02349,1.02350,1.02327,1.02328,60
2024.01.04,16:51:00,1.02329,1.02331,1.02312,1.02316,60
2024.01.04,16:52:00,1.02315,1.02316,1.02292,1.02292,60
2024.01.04,16:53:00,1.02292,1.02300,1.02288,1.02291,60
2024.01.04,16:54:00,1.02292,1.02300,1.02278,1.02282,60
2024.01.04,16:55:00,1.02282,1.02309,1.02280,1.02309,60
2024.01.04,16:56:00,1.02308,1.02308,1.02282,1.02282,60
2024.01.04,16:57:00,1.02283,1.02283,1.02266,1.02278,60
2024.01.04,16:58:00,1.02279,1.02288,1.02268,1.02268,60
2024.01.04,16:59:00,1.02268,1.02270,1.02241,1.02242,60
2024.01.04,17:00:00,1.02239,1.02239,1.02212,1.02214,60
2024.01.04,17:01:00,1.02214,1.02222,1.02203,1.02207,60
2024.01.04,17:02:00,1.02209,1.02217,1.02198,1.02198,60
2024.01.04,17:03:00,1.02195,1.02196,1.02174,1.02192,60
2024.01.04,17:04:00,1.02191,1.02195,1.02181,1.02186,60
2024.01.04,17:05:00,1.02187,1.02212,1.02187,1.02209,60
2024.01.04,17:06:00,1.02206,1.02209,1.02186,1.02194,60
2024.01.04,17:07:00,1.02193,1.02197,1.02174,1.02176,60
2024.01.04,17:08:00,1.02173,1.02174,1.02141,1.02142,60
2024.01.04,17:09:00,1.02141,1.02142,1.02120,1.02125,60
2024.01.04,17:10:00,1.02123,1.02125,1.02111,1.02113,60
2024.01.04,17:11:00,1.02114,1.02114,1.02079,1.02081,60
2024.01.04,17:12:00,1.02082,1.02082,1.02060,1.02060,60
2024.01.04,17:13:00,1.02058,1.02063,1.02049,1.02049,60
2024.01.04,17:14:00,1.02047,1.02054,1.02038,1.02040,60
2024.01.04,17:15:00,1.02039,1.02041,1.02029,1.02033,60
2024.01.04,17:16:00,1.02031,1.02031,1.02021,1.02023,60
2024.01.04,17:17:00,1.02024,1.02043,1.02024,1.02036,60
2024.01.04,17:18:00,1.02034,1.02055,1.02030,1.02051,60
2024.01.04,17:19:00,1.02052,1.02058,1.02044,1.02054,60
2024.01.04,17:20:00,1.02056,1.02066,1.02054,1.02066,60
2024.01.04,17:21:00,1.02065,1.02073,1.02064,1.02068,60
2024.01.04,17:22:00,1.02066,1.02087,1.02065,1.02086,60
2024.01.04,17:23:00,1.02086,1.02089,1.02073,1.02084,60
2024.01.04,17:24:00,1.02083,1.02097,1.02082,1.02097,60
2024.01.04,17:25:00,1.02096,1.02121,1.02096,1.02119,60
2024.01.04,17:26:00,1.02119,1.02126,1.02116,1.02125,60
2024.01.04,17:27:00,1.02126,1.02137,1.02126,1.02129,60
2024.01.04,17:28:00,1.02128,1.02142,1.02127,1.02135,60
2024.01.04,17:29:00,1.02135,1.02153,1.02133,1.02153,60
2024.01.04,17:30:00,1.02156,1.02196,1.02154,1.02192,60
2024.01.04,17:31:00,1.02193,1.02210,1.02187,1.02210,60
2024.01.04,17:32:00,1.02212,1.02236,1.02211,1.02236,60
2024.01.04,17:33:00,1.02236,1.02257,1.02235,1.02257,60
2024.01.04,17:34:00,1.02258,1.02264,1.02249,1.02258,60
2024.01.04,17:35:00,1.02259,1.02278,1.02257,1.02278,60
2024.01.04,17:36:00,1.02280,1.02289,1.02277,1.02281,60
2024.01.04,17:37:00,1.02282,1.02302,1.02282,1.02297,60
2024.01.04,17:38:00,1.02296,1.02316,1.02286,1.02314,60
2024.01.04,17:39:00,1.02315,1.02340,1.02315,1.02340,60
2024.01.04,17:40:00,1.02342,1.02351,1.02342,1.02346,60
2024.01.04,17:41:00,1.02346,1.02346,1.02332,1.02334,60
2024.01.04,17:42:00,1.02337,1.02354,1.02325,1.02354,60
2024.01.04,17:43:00,1.02354,1.02363,1.02349,1.02353,60
2024.01.04,17:44:00,1.02352,1.02356,1.02344,1.02352,60
2024.01.04,17:45:00,1.02354,1.02371,1.02349,1.02368,60
2024.01.04,17:46:00,1.02371,1.02382,1.02366,1.02377,60
2024.01.04,17:47:00,1.02376,1.02396,1.02367,1.02396,60
2024.01.04,17:48:00,1.02394,1.02412,1.02391,1.02411,60
2024.01.04,17:49:00,1.02413,1.02421,1.02403,1.02412,60
2024.01.04,17:50:00,1.02414,1.02420,1.02410,1.02416,60
2024.01.04,17:51:00,1.02419,1.02443,1.02415,1.02434,60
2024.01.04,17:52:00,1.02433,1.02438,1.02426,1.02435,60
2024.01.04,17:53:00,1.02435,1.02453,1.02433,1.02446,60
2024.01.04,17:54:00,1.02445,1.02459,1.02444,1.02458,60
2024.01.04,17:55:00,1.02455,1.02469,1.02454,1.02457,60
2024.01.04,17:56:00,1.02456,1.02480,1.02456,1.02479,60
2024.01.04,17:57:00,1.02482,1.02506,1.02479,1.02502,60
2024.01.04,17:58:00,1.02503,1.02543,1.02502,1.02538,60
2024.01.04,17:59:00,1.02540,1.02544,1.02536,1.02544,60
2024.01.04,18:00:00,1.02544,1.02566,1.02544,1.02566,60
2024.01.04,18:01:00,1.02567,1.02578,1.02565,1.02568,60
2024.01.04,18:02:00,1.02568,1.02571,1.02557,1.02566,60
2024.01.04,18:03:00,1.02567,1.02570,1.02557,1.02566,60
2024.01.04,18:04:00,1.02568,1.02581,1.02566,1.02581,60
2024.01.04,18:05:00,1.02581,1.02594,1.02581,1.02594,60
2024.01.04,18:06:00,1.02594,1.02603,1.02590,1.02593,60
2024.01.04,18:07:00,1.02592,1.02600,1.02588,1.02599,60
2024.01.04,18:08:00,1.02598,1.02642,1.02598,1.02642,60
2024.01.04,18:09:00,1.02641,1.02653,1.02641,1.02652,60
2024.01.04,18:10:00,1.02652,1.02677,1.02647,1.02675,60
2024.01.04,18:11:00,1.02674,1.02674,1.02663,1.02673,60
2024.01.04,18:12:00,1.02673,1.02690,1.02673,1.02686,60
2024.01.04,18:13:00,1.02687,1.02708,1.02687,1.02708,60
2024.01.04,18:14:00,1.02706,1.02710,1.02681,1.02690,60
2024.01.04,18:15:00,1.02689,1.02700,1.02685,1.02698,60
2024.01.04,18:16:00,1.02697,1.02716,1.02697,1.02716,60
2024.01.04,18:17:00,1.02718,1.02737,1.02718,1.02734,60
2024.01.04,18:18:00,1.02732,1.02737,1.02726,1.02730,60
2024.01.04,18:19:00,1.02731,1.02736,1.02725,1.02733,60
2024.01.04,18:20:00,1.02732,1.02757,1.02732,1.02757,60
2024.01.04,18:21:00,1.02757,1.02777,1.02757,1.02776,60
2024.01.04,18:22:00,1.02776,1.02808,1.02775,1.02805,60
2024.01.04,18:23:00,1.02804,1.02805,1.02785,1.02789,60
2024.01.04,18:24:00,1.02789,1.02792,1.02780,1.02781,60
2024.01.04,18:25:00,1.02782,1.02795,1.02775,1.02784,60
2024.01.04,18:26:00,1.02785,1.02788,1.02774,1.02780,60
2024.01.04,18:27:00,1.02781,1.02794,1.02779,1.02790,60
2024.01.04,18:28:00,1.02792,1.02792,1.02779,1.02782,60
2024.01.04,18:29:00,1.02780,1.02788,1.02780,1.02782,60
2024.01.04,18:30:00,1.02781,1.02795,1.02780,1.02794,60
2024.01.04,18:31:00,1.02795,1.02795,1.02786,1.02791,60
2024.01.04,18:32:00,1.02789,1.02794,1.02782,1.02788,60
2024.01.04,18:33:00,1.02788,1.02789,1.02781,1.02789,60
2024.01.04,18:34:00,1.02790,1.02798,1.02785,1.02789,60
2024.01.04,18:35:00,1.02788,1.02794,1.02778,1.02793,60
2024.01.04,18:36:00,1.02793,1.02793,1.02781,1.02786,60
2024.01.04,18:37:00,1.02788,1.02792,1.02782,1.02784,60
2024.01.04,18:38:00,1.02787,1.02792,1.02779,1.02780,60
2024.01.04,18:39:00,1.02781,1.02792,1.02779,1.02787,60
2024.01.04,18:40:00,1.02785,1.02793,1.02782,1.02782,60
2024.01.04,18:41:00,1.02782,1.02795,1.02782,1.02789,60
2024.01.04,18:42:00,1.02788,1.02791,1.02780,1.02788,60
2024.01.04,18:43:00,1.02787,1.02795,1.02781,1.02781,60
2024.01.04,18:44:00,1.02781,1.02797,1.02779,1.02796,60
2024.01.04,18:45:00,1.02796,1.02798,1.02781,1.02794,60
2024.01.04,18:46:00,1.02794,1.02799,1.02781,1.02792,60
2024.01.04,18:47:00,1.02795,1.02805,1.02786,1.02794,60
2024.01.04,18:48:00,1.02792,1.02795,1.02783,1.02788,60
2024.01.04,18:49:00,1.02788,1.02795,1.02780,1.02786,60
2024.01.04,18:50:00,1.02785,1.02788,1.02774,1.02787,60
2024.01.04,18:51:00,1.02786,1.02800,1.02778,1.02794,60
2024.01.04,18:52:00,1.02795,1.02796,1.02786,1.02794,60
2024.01.04,18:53:00,1.02793,1.02797,1.02783,1.02795,60
2024.01.04,18:54:00,1.02794,1.02794,1.02782,1.02785,60
2024.01.04,18:55:00,1.02786,1.02794,1.02774,1.02778,60
2024.01.04,18:56:00,1.02777,1.02790,1.02776,1.02788,60
2024.01.04,18:57:00,1.02786,1.02790,1.02777,1.02786,60
2024.01.04,18:58:00,1.02787,1.02790,1.02775,1.02790,60
2024.01.04,18:59:00,1.02790,1.02798,1.02787,1.02797,60
2024.01.04,19:00:00,1.02795,1.02796,1.02780,1.02788,60
2024.01.04,19:01:00,1.02790,1.02791,1.02779,1.02786,60
2024.01.04,19:02:00,1.02787,1.02796,1.02786,1.02790,60
2024.01.04,19:03:00,1.02792,1.02801,1.02789,1.02791,60
2024.01.04,19:04:00,1.02791,1.02796,1.02778,1.02794,60
2024.01.04,19:05:00,1.02795,1.02802,1.02790,1.02793,60
2024.01.04,19:06:00,1.02793,1.02798,1.02782,1.02785,60
2024.01.04,19:07:00,1.02785,1.02795,1.02781,1.02788,60
2024.01.04,19:08:00,1.02788,1.02795,1.02781,1.02795,60
2024.01.04,19:09:00,1.02795,1.02795,1.02775,1.02779,60
2024.01.04,19:10:00,1.02778,1.02788,1.02773,1.02781,60
2024.01.04,19:11:00,1.02782,1.02786,1.02773,1.02786,60
2024.01.04,19:12:00,1.02788,1.02802,1.02788,1.02793,60
2024.01.04,19:13:00,1.02796,1.02801,1.02788,1.02790,60
2024.01.04,19:14:00,1.02790,1.02792,1.02772,1.02780,60
2024.01.04,19:15:00,1.02779,1.02793,1.02771,1.02793,60
2024.01.04,19:16:00,1.02792,1.02793,1.02772,1.02776,60
2024.01.04,19:17:00,1.02777,1.02802,1.02777,1.02800,60
2024.01.04,19:18:00,1.02801,1.02809,1.02795,1.02809,60
2024.01.04,19:19:00,1.02809,1.02819,1.02799,1.02808,60
2024.01.04,19:20:00,1.02807,1.02829,1.02803,1.02827,60
2024.01.04,19:21:00,1.02829,1.02847,1.02827,1.02846,60
2024.01.04,19:22:00,1.02848,1.02855,1.02846,1.02850,60
2024.01.04,19:23:00,1.02851,1.02873,1.02849,1.02871,60
2024.01.04,19:24:00,1.02871,1.02874,1.02866,1.02870,60
2024.01.04,19:25:00,1.02871,1.02888,1.02871,1.02881,60
2024.01.04,19:26:00,1.02880,1.02904,1.02877,1.02898,60
2024.01.04,19:27:00,1.02898,1.02920,1.02897,1.02908,60
2024.01.04,19:28:00,1.02909,1.02928,1.02909,1.02927,60
2024.01.04,19:29:00,1.02927,1.02928,1.02919,1.02927,60
2024.01.04,19:30:00,1.02929,1.02949,1.02927,1.02949,60
2024.01.04,19:31:00,1.02951,1.02981,1.02951,1.02981,60
2024.01.04,19:32:00,1.02981,1.02990,1.02967,1.02988,60
2024.01.04,19:33:00,1.02991,1.03010,1.02987,1.03007,60
2024.01.04,19:34:00,1.03009,1.03031,1.03007,1.03024,60
2024.01.04,19:35:00,1.03027,1.03055,1.03026,1.03055,60
2024.01.04,19:36:00,1.03055,1.03065,1.03044,1.03064,60
2024.01.04,19:37:00,1.03066,1.03069,1.03055,1.03056,60
2024.01.04,19:38:00,1.03056,1.03068,1.03053,1.03066,60
2024.01.04,19:39:00,1.03065,1.03069,1.03058,1.03064,60
2024.01.04,19:40:00,1.03064,1.03082,1.03054,1.03082,60
2024.01.04,19:41:00,1.03083,1.03090,1.03072,1.03072,60
2024.01.04,19:42:00,1.03073,1.03094,1.03061,1.03094,60
2024.01.04,19:43:00,1.03093,1.03104,1.03093,1.03098,60
2024.01.04,19:44:00,1.03098,1.03118,1.03098,1.03110,60
2024.01.04,19:45:00,1.03108,1.03119,1.03104,1.03119,60
2024.01.04,19:46:00,1.03119,1.03124,1.03110,1.03115,60
2024.01.04,19:47:00,1.03115,1.03128,1.03111,1.03119,60
2024.01.04,19:48:00,1.03122,1.03127,1.03118,1.03125,60
2024.01.04,19:49:00,1.03127,1.03149,1.03127,1.03145,60
2024.01.04,19:50:00,1.03145,1.03174,1.03143,1.03172,60
2024.01.04,19:51:00,1.03171,1.03184,1.03171,1.03182,60
2024.01.04,19:52:00,1.03185,1.03201,1.03185,1.03200,60
2024.01.04,19:53:00,1.03202,1.03204,1.03194,1.03197,60
2024.01.04,19:54:00,1.03196,1.03196,1.03186,1.03187,60
2024.01.04,19:55:00,1.03187,1.03213,1.03187,1.03210,60
2024.01.04,19:56:00,1.03210,1.03224,1.03210,1.03221,60
2024.01.04,19:57:00,1.03221,1.03231,1.03220,1.03227,60
2024.01.04,19:58:00,1.03227,1.03239,1.03225,1.03237,60
2024.01.04,19:59:00,1.03239,1.03259,1.03239,1.03256,60
2024.01.04,20:00:00,1.03254,1.03278,1.03252,1.03272,60
2024.01.04,20:01:00,1.03274,1.03304,1.03272,1.03304,60
2024.01.04,20:02:00,1.03303,1.03334,1.03303,1.03334,60
2024.01.04,20:03:00,1.03333,1.03354,1.03333,1.03349,60
2024.01.04,20:04:00,1.03347,1.03368,1.03347,1.03368,60
2024.01.04,20:05:00,1.03373,1.03389,1.03367,1.03389,60
2024.01.04,20:06:00,1.03387,1.03420,1.03386,1.03417,60
2024.01.04,20:07:00,1.03416,1.03431,1.03414,1.03431,60
2024.01.04,20:08:00,1.03432,1.03465,1.03431,1.03463,60
2024.01.04,20:09:00,1.03466,1.03475,1.03460,1.03473,60
2024.01.04,20:10:00,1.03475,1.03496,1.03475,1.03491,60
2024.01.04,20:11:00,1.03488,1.03519,1.03488,1.03518,60
2024.01.04,20:12:00,1.03517,1.03542,1.03517,1.03541,60
2024.01.04,20:13:00,1.03539,1.03560,1.03534,1.03560,60
2024.01.04,20:14:00,1.03562,1.03571,1.03557,1.03571,60
2024.01.04,20:15:00,1.03571,1.03577,1.03563,1.03566,60
2024.01.04,20:16:00,1.03565,1.03596,1.03565,1.03593,60
2024.01.04,20:17:00,1.03594,1.03621,1.03589,1.03621,60
2024.01.04,20:18:00,1.03621,1.03639,1.03612,1.03639,60
2024.01.04,20:19:00,1.03637,1.03653,1.03637,1.03653,60
2024.01.04,20:20:00,1.03651,1.03660,1.03647,1.03650,60
2024.01.04,20:21:00,1.03651,1.03669,1.03650,1.03669,60
2024.01.04,20:22:00,1.03673,1.03684,1.03666,1.03680,60
2024.01.04,20:23:00,1.03679,1.03684,1.03676,1.03683,60
2024.01.04,20:24:00,1.03684,1.03692,1.03679,1.03688,60
2024.01.04,20:25:00,1.03688,1.03699,1.03686,1.03696,60
2024.01.04,20:26:00,1.03694,1.03707,1.03692,1.03707,60
2024.01.04,20:27:00,1.03707,1.03742,1.03707,1.03742,60
2024.01.04,20:28:00,1.03741,1.03754,1.03738,1.03748,60
2024.01.04,20:29:00,1.03748,1.03773,1.03748,1.03773,60
2024.01.04,20:30:00,1.03774,1.03782,1.03773,1.03779,60
2024.01.04,20:31:00,1.03779,1.03779,1.03761,1.03766,60
2024.01.04,20:32:00,1.03768,1.03775,1.03763,1.03765,60
2024.01.04,20:33:00,1.03765,1.03771,1.03753,1.03768,60
2024.01.04,20:34:00,1.03767,1.03767,1.03758,1.03762,60
2024.01.04,20:35:00,1.03761,1.03777,1.03760,1.03772,60
2024.01.04,20:36:00,1.03771,1.03773,1.03762,1.03766,60
2024.01.04,20:37:00,1.03768,1.03772,1.03763,1.03772,60
2024.01.04,20:38:00,1.03769,1.03773,1.03764,1.03773,60
2024.01.04,20:39:00,1.03775,1.03778,1.03762,1.03762,60
2024.01.04,20:40:00,1.03764,1.03775,1.03763,1.03769,60
2024.01.04,20:41:00,1.03771,1.03774,1.03759,1.03762,60
2024.01.04,20:42:00,1.03763,1.03772,1.03759,1.03765,60
2024.01.04,20:43:00,1.03762,1.03772,1.03757,1.03769,60
2024.01.04,20:44:00,1.03767,1.03774,1.03764,1.03768,60
2024.01.04,20:45:00,1.03767,1.03776,1.03763,1.03765,60
2024.01.04,20:46:00,1.03765,1.03774,1.03761,1.03767,60
2024.01.04,20:47:00,1.03767,1.03773,1.03761,1.03767,60
2024.01.04,20:48:00,1.03764,1.03778,1.03762,1.03764,60
2024.01.04,20:49:00,1.03764,1.03775,1.03762,1.03771,60
2024.01.04,20:50:00,1.03768,1.03776,1.03762,1.03765,60
2024.01.04,20:51:00,1.03767,1.03779,1.03764,1.03779,60
2024.01.04,20:52:00,1.03778,1.03778,1.03760,1.03764,60
2024.01.04,20:53:00,1.03764,1.03774,1.03760,1.03768,60
2024.01.04,20:54:00,1.03766,1.03769,1.03762,1.03769,60
2024.01.04,20:55:00,1.03766,1.03774,1.03761,1.03767,60
2024.01.04,20:56:00,1.03766,1.03774,1.03756,1.03765,60
2024.01.04,20:57:00,1.03764,1.03783,1.03764,1.03772,60
2024.01.04,20:58:00,1.03775,1.03780,1.03760,1.03760,60
2024.01.04,20:59:00,1.03761,1.03771,1.03759,1.03763,60
2024.01.04,21:00:00,1.03763,1.03771,1.03755,1.03771,60
2024.01.04,21:01:00,1.03771,1.03782,1.03768,1.03778,60
2024.01.04,21:02:00,1.03781,1.03782,1.03771,1.03777,60
2024.01.04,21:03:00,1.03779,1.03781,1.03765,1.03778,60
2024.01.04,21:04:00,1.03777,1.03779,1.03764,1.03765,60
2024.01.04,21:05:00,1.03764,1.03773,1.03764,1.03770,60
2024.01.04,21:06:00,1.03770,1.03775,1.03765,1.03773,60
2024.01.04,21:07:00,1.03772,1.03777,1.03762,1.03774,60
2024.01.04,21:08:00,1.03774,1.03778,1.03766,1.03770,60
2024.01.04,21:09:00,1.03768,1.03775,1.03762,1.03768,60
2024.01.04,21:10:00,1.03770,1.03775,1.03760,1.03764,60
2024.01.04,21:11:00,1.03763,1.03771,1.03759,1.03771,60
2024.01.04,21:12:00,1.03769,1.03775,1.03762,1.03762,60
2024.01.04,21:13:00,1.03761,1.03769,1.03755,1.03761,60
2024.01.04,21:14:00,1.03762,1.03777,1.03759,1.03768,60
2024.01.04,21:15:00,1.03767,1.03777,1.03767,1.03771,60
2024.01.04,21:16:00,1.03768,1.03770,1.03758,1.03758,60
2024.01.04,21:17:00,1.03758,1.03769,1.03758,1.03764,60
2024.01.04,21:18:00,1.03765,1.03774,1.03760,1.03772,60
2024.01.04,21:19:00,1.03772,1.03780,1.03760,1.03768,60
2024.01.04,21:20:00,1.03770,1.03772,1.03758,1.03765,60
2024.01.04,21:21:00,1.03766,1.03773,1.03757,1.03763,60
2024.01.04,21:22:00,1.03760,1.03772,1.03758,1.03758,60
2024.01.04,21:23:00,1.03756,1.03774,1.03755,1.03768,60
2024.01.04,21:24:00,1.03768,1.03773,1.03761,1.03772,60
2024.01.04,21:25:00,1.03770,1.03772,1.03764,1.03765,60
2024.01.04,21:26:00,1.03764,1.03772,1.03757,1.03761,60
2024.01.04,21:27:00,1.03761,1.03771,1.03755,1.03769,60
2024.01.04,21:28:00,1.03771,1.03774,1.03760,1.03765,60
2024.01.04,21:29:00,1.03766,1.03769,1.03755,1.03763,60
2024.01.04,21:30:00,1.03760,1.03775,1.03757,1.03773,60
2024.01.04,21:31:00,1.03771,1.03771,1.03753,1.03766,60
2024.01.04,21:32:00,1.03769,1.03776,1.03766,1.03771,60
2024.01.04,21:33:00,1.03770,1.03776,1.03763,1.03769,60
2024.01.04,21:34:00,1.03769,1.03774,1.03756,1.03763,60
2024.01.04,21:35:00,1.03764,1.03771,1.03761,1.03771,60
2024.01.04,21:36:00,1.03770,1.03778,1.03768,1.03776,60
2024.01.04,21:37:00,1.03775,1.03779,1.03770,1.03775,60
2024.01.04,21:38:00,1.03780,1.03786,1.03767,1.03771,60
2024.01.04,21:39:00,1.03770,1.03775,1.03756,1.03769,60
2024.01.04,21:40:00,1.03769,1.03771,1.03762,1.03765,60
2024.01.04,21:41:00,1.03764,1.03774,1.03764,1.03766,60
2024.01.04,21:42:00,1.03767,1.03775,1.03765,1.03775,60
2024.01.04,21:43:00,1.03774,1.03784,1.03768,1.03780,60
2024.01.04,21:44:00,1.03778,1.03785,1.03772,1.03780,60
2024.01.04,21:45:00,1.03782,1.03782,1.03770,1.03778,60
2024.01.04,21:46:00,1.03779,1.03780,1.03770,1.03776,60
2024.01.04,21:47:00,1.03775,1.03784,1.03768,1.03778,60
2024.01.04,21:48:00,1.03778,1.03783,1.03772,1.03781,60
2024.01.04,21:49:00,1.03781,1.03786,1.03772,1.03781,60
2024.01.04,21:50:00,1.03781,1.03784,1.03770,1.03773,60
2024.01.04,21:51:00,1.03773,1.03782,1.03773,1.03775,60
2024.01.04,21:52:00,1.03777,1.03783,1.03767,1.03778,60
2024.01.04,21:53:00,1.03779,1.03779,1.03764,1.03775,60
2024.01.04,21:54:00,1.03777,1.03783,1.03773,1.03778,60
2024.01.04,21:55:00,1.03779,1.03783,1.03768,1.03775,60
2024.01.04,21:56:00,1.03773,1.03787,1.03770,1.03776,60
2024.01.04,21:57:00,1.03774,1.03776,1.03767,1.03776,60
2024.01.04,21:58:00,1.03777,1.03779,1.03766,1.03767,60
2024.01.04,21:59:00,1.03766,1.03782,1.03766,1.03771,60
2024.01.04,22:00:00,1.03773,1.03790,1.03772,1.03785,60
2024.01.04,22:01:00,1.03785,1.03785,1.03764,1.03769,60
2024.01.04,22:02:00,1.03771,1.03786,1.03764,1.03774,60
2024.01.04,22:03:00,1.03772,1.03778,1.03765,1.03778,60
2024.01.04,22:04:00,1.03778,1.03787,1.03775,1.03780,60
2024.01.04,22:05:00,1.03782,1.03785,1.03773,1.03773,60
2024.01.04,22:06:00,1.03776,1.03783,1.03774,1.03776,60
2024.01.04,22:07:00,1.03777,1.03782,1.03765,1.03776,60
2024.01.04,22:08:00,1.03774,1.03780,1.03768,1.03769,60
2024.01.04,22:09:00,1.03773,1.03781,1.03765,1.03777,60
2024.01.04,22:10:00,1.03775,1.03777,1.03765,1.03765,60
2024.01.04,22:11:00,1.03766,1.03785,1.03766,1.03781,60
2024.01.04,22:12:00,1.03780,1.03780,1.03770,1.03780,60
2024.01.04,22:13:00,1.03780,1.03784,1.03769,1.03779,60
2024.01.04,22:14:00,1.03781,1.03786,1.03769,1.03775,60
2024.01.04,22:15:00,1.03773,1.03782,1.03770,1.03771,60
2024.01.04,22:16:00,1.03771,1.03782,1.03762,1.03762,60
2024.01.04,22:17:00,1.03764,1.03772,1.03758,1.03771,60
2024.01.04,22:18:00,1.03773,1.03783,1.03771,1.03783,60
2024.01.04,22:19:00,1.03781,1.03787,1.03766,1.03768,60
2024.01.04,22:20:00,1.03767,1.03780,1.03764,1.03778,60
2024.01.04,22:21:00,1.03777,1.03785,1.03775,1.03781,60
2024.01.04,22:22:00,1.03782,1.03788,1.03770,1.03773,60
2024.01.04,22:23:00,1.03772,1.03777,1.03764,1.03766,60
2024.01.04,22:24:00,1.03765,1.03782,1.03765,1.03776,60
2024.01.04,22:25:00,1.03776,1.03782,1.03765,1.03782,60
2024.01.04,22:26:00,1.03784,1.03784,1.03763,1.03771,60
2024.01.04,22:27:00,1.03773,1.03783,1.03766,1.03776,60
2024.01.04,22:28:00,1.03774,1.03779,1.03770,1.03778,60
2024.01.04,22:29:00,1.03778,1.03786,1.03770,1.03780,60
2024.01.04,22:30:00,1.03782,1.03782,1.03763,1.03774,60
2024.01.04,22:31:00,1.03773,1.03777,1.03765,1.03770,60
2024.01.04,22:32:00,1.03772,1.03774,1.03761,1.03765,60
2024.01.04,22:33:00,1.03764,1.03788,1.03764,1.03779,60
2024.01.04,22:34:00,1.03778,1.03783,1.03769,1.03775,60
2024.01.04,22:35:00,1.03776,1.03789,1.03772,1.03782,60
2024.01.04,22:36:00,1.03783,1.03786,1.03772,1.03780,60
2024.01.04,22:37:00,1.03779,1.03779,1.03769,1.03776,60
2024.01.04,22:38:00,1.03777,1.03785,1.03772,1.03779,60
2024.01.04,22:39:00,1.03779,1.03790,1.03770,1.03784,60
2024.01.04,22:40:00,1.03782,1.03787,1.03764,1.03765,60
2024.01.04,22:41:00,1.03763,1.03780,1.03762,1.03778,60
2024.01.04,22:42:00,1.03779,1.03785,1.03770,1.03772,60
2024.01.04,22:43:00,1.03769,1.03776,1.03763,1.03765,60
2024.01.04,22:44:00,1.03766,1.03772,1.03761,1.03765,60
2024.01.04,22:45:00,1.03762,1.03765,1.03739,1.03740,60
2024.01.04,22:46:00,1.03738,1.03741,1.03717,1.03723,60
2024.01.04,22:47:00,1.03721,1.03724,1.03699,1.03699,60
2024.01.04,22:48:00,1.03700,1.03703,1.03681,1.03681,60
2024.01.04,22:49:00,1.03682,1.03689,1.03679,1.03679,60
2024.01.04,22:50:00,1.03680,1.03680,1.03654,1.03654,60
2024.01.04,22:51:00,1.03653,1.03655,1.03633,1.03636,60
2024.01.04,22:52:00,1.03637,1.03649,1.03632,1.03649,60
2024.01.04,22:53:00,1.03650,1.03650,1.03625,1.03626,60
2024.01.04,22:54:00,1.03626,1.03631,1.03590,1.03593,60
2024.01.04,22:55:00,1.03594,1.03596,1.03573,1.03573,60
2024.01.04,22:56:00,1.03569,1.03571,1.03552,1.03555,60
2024.01.04,22:57:00,1.03556,1.03556,1.03517,1.03517,60
2024.01.04,22:58:00,1.03516,1.03518,1.03505,1.03508,60
2024.01.04,22:59:00,1.03507,1.03510,1.03495,1.03495,60
2024.01.04,23:00:00,1.03495,1.03497,1.03485,1.03490,60
2024.01.04,23:01:00,1.03486,1.03489,1.03457,1.03459,60
2024.01.04,23:02:00,1.03459,1.03460,1.03436,1.03440,60
2024.01.04,23:03:00,1.03441,1.03444,1.03418,1.03418,60
2024.01.04,23:04:00,1.03419,1.03422,1.03406,1.03411,60
2024.01.04,23:05:00,1.03410,1.03410,1.03395,1.03395,60
2024.01.04,23:06:00,1.03394,1.03395,1.03369,1.03377,60
2024.01.04,23:07:00,1.03377,1.03395,1.03377,1.03377,60
2024.01.04,23:08:00,1.03377,1.03377,1.03353,1.03355,60
2024.01.04,23:09:00,1.03357,1.03360,1.03346,1.03347,60
2024.01.04,23:10:00,1.03347,1.03358,1.03343,1.03356,60
2024.01.04,23:11:00,1.03355,1.03358,1.03346,1.03349,60
2024.01.04,23:12:00,1.03352,1.03359,1.03347,1.03352,60
2024.01.04,23:13:00,1.03351,1.03358,1.03349,1.03353,60
2024.01.04,23:14:00,1.03353,1.03363,1.03349,1.03358,60
2024.01.04,23:15:00,1.03357,1.03359,1.03345,1.03349,60
2024.01.04,23:16:00,1.03347,1.03359,1.03346,1.03350,60
2024.01.04,23:17:00,1.03350,1.03361,1.03346,1.03353,60
2024.01.04,23:18:00,1.03353,1.03356,1.03347,1.03354,60
2024.01.04,23:19:00,1.03357,1.03362,1.03345,1.03350,60
2024.01.04,23:20:00,1.03352,1.03360,1.03350,1.03351,60
2024.01.04,23:21:00,1.03352,1.03364,1.03351,1.03361,60
2024.01.04,23:22:00,1.03362,1.03364,1.03349,1.03352,60
2024.01.04,23:23:00,1.03352,1.03354,1.03340,1.03343,60
2024.01.04,23:24:00,1.03341,1.03354,1.03338,1.03353,60
2024.01.04,23:25:00,1.03355,1.03363,1.03346,1.03352,60
2024.01.04,23:26:00,1.03354,1.03368,1.03351,1.03368,60
2024.01.04,23:27:00,1.03368,1.03368,1.03345,1.03354,60
2024.01.04,23:28:00,1.03354,1.03358,1.03341,1.03347,60
2024.01.04,23:29:00,1.03347,1.03349,1.03341,1.03344,60
2024.01.04,23:30:00,1.03344,1.03365,1.03340,1.03355,60
2024.01.04,23:31:00,1.03357,1.03358,1.03348,1.03351,60
2024.01.04,23:32:00,1.03353,1.03369,1.03351,1.03359,60
2024.01.04,23:33:00,1.03355,1.03359,1.03344,1.03348,60
2024.01.04,23:34:00,1.03346,1.03358,1.03343,1.03356,60
2024.01.04,23:35:00,1.03356,1.03370,1.03346,1.03357,60
2024.01.04,23:36:00,1.03358,1.03359,1.03345,1.03350,60
2024.01.04,23:37:00,1.03349,1.03362,1.03346,1.03359,60
2024.01.04,23:38:00,1.03360,1.03366,1.03345,1.03345,60
2024.01.04,23:39:00,1.03345,1.03363,1.03344,1.03363,60
2024.01.04,23:40:00,1.03360,1.03362,1.03345,1.03356,60
2024.01.04,23:41:00,1.03358,1.03358,1.03346,1.03350,60
2024.01.04,23:42:00,1.03353,1.03359,1.03347,1.03347,60
2024.01.04,23:43:00,1.03344,1.03365,1.03340,1.03356,60
2024.01.04,23:44:00,1.03357,1.03360,1.03348,1.03359,60
2024.01.04,23:45:00,1.03357,1.03361,1.03344,1.03360,60
2024.01.04,23:46:00,1.03361,1.03361,1.03347,1.03349,60
2024.01.04,23:47:00,1.03348,1.03360,1.03346,1.03359,60
2024.01.04,23:48:00,1.03358,1.03360,1.03346,1.03348,60
2024.01.04,23:49:00,1.03349,1.03356,1.03343,1.03347,60
2024.01.04,23:50:00,1.03347,1.03354,1.03345,1.03348,60
2024.01.04,23:51:00,1.03348,1.03360,1.03347,1.03347,60
2024.01.04,23:52:00,1.03347,1.03357,1.03346,1.03350,60
2024.01.04,23:53:00,1.03352,1.03355,1.03343,1.03345,60
2024.01.04,23:54:00,1.03348,1.03354,1.03345,1.03352,60
2024.01.04,23:55:00,1.03354,1.03355,1.03344,1.03351,60
2024.01.04,23:56:00,1.03352,1.03360,1.03347,1.03353,60
2024.01.04,23:57:00,1.03352,1.03366,1.03351,1.03359,60
2024.01.04,23:58:00,1.03359,1.03363,1.03341,1.03343,60
2024.01.04,23:59:00,1.03345,1.03357,1.03342,1.03356,60
