timestamp,bid,ask
2024-01-02T00:00:00.000Z,150.24523,150.24926
2024-01-02T00:00:01.165Z,150.25124,150.25517
2024-01-02T00:00:02.367Z,150.25306,150.25703
2024-01-02T00:00:02.954Z,150.24382,150.24850
2024-01-02T00:00:03.614Z,150.22246,150.22726
2024-01-02T00:00:05.021Z,150.23403,150.23725
2024-01-02T00:00:05.871Z,150.22410,150.22790
2024-01-02T00:00:07.108Z,150.21514,150.21940
2024-01-02T00:00:08.349Z,150.22399,150.22763
2024-01-02T00:00:09.227Z,150.21885,150.22274
2024-01-02T00:00:10.437Z,150.20698,150.21091
2024-01-02T00:00:11.755Z,150.19898,150.20368
2024-01-02T00:00:12.371Z,150.20571,150.20921
2024-01-02T00:00:13.423Z,150.21077,150.21544
2024-01-02T00:00:14.302Z,150.21961,150.22358
2024-01-02T00:00:15.358Z,150.21353,150.21708
2024-01-02T00:00:16.537Z,150.21504,150.21881
2024-01-02T00:00:17.645Z,150.21832,150.22183
2024-01-02T00:00:18.775Z,150.20711,150.21121
2024-01-02T00:00:20.196Z,150.19963,150.20438
2024-01-02T00:00:20.860Z,150.20448,150.20888
2024-01-02T00:00:22.080Z,150.21654,150.22101
2024-01-02T00:00:23.007Z,150.21222,150.21620
2024-01-02T00:00:23.544Z,150.20156,150.20610
2024-01-02T00:00:24.081Z,150.21737,150.22177
2024-01-02T00:00:25.396Z,150.21400,150.21778
2024-01-02T00:00:26.482Z,150.21420,150.21862
2024-01-02T00:00:27.504Z,150.21895,150.22343
2024-01-02T00:00:28.145Z,150.22077,150.22432
2024-01-02T00:00:29.036Z,150.22360,150.22779
2024-01-02T00:00:30.319Z,150.23303,150.23625
2024-01-02T00:00:31.125Z,150.22196,150.22538
2024-01-02T00:00:31.896Z,150.21840,150.22232
2024-01-02T00:00:32.664Z,150.21893,150.22345
2024-01-02T00:00:33.353Z,150.22140,150.22498
2024-01-02T00:00:34.253Z,150.21928,150.22315
2024-01-02T00:00:34.991Z,150.22502,150.22899
2024-01-02T00:00:35.787Z,150.24029,150.24415
2024-01-02T00:00:36.465Z,150.24221,150.24628
2024-01-02T00:00:37.938Z,150.24064,150.24517
2024-01-02T00:00:39.119Z,150.24184,150.24598
2024-01-02T00:00:40.589Z,150.25656,150.26036
2024-01-02T00:00:41.788Z,150.24988,150.25396
2024-01-02T00:00:43.182Z,150.24653,150.25124
2024-01-02T00:00:44.669Z,150.25458,150.25783
2024-01-02T00:00:45.209Z,150.26026,150.26466
2024-01-02T00:00:46.403Z,150.26080,150.26406
2024-01-02T00:00:47.173Z,150.25602,150.26078
2024-01-02T00:00:47.961Z,150.25140,150.25586
2024-01-02T00:00:48.892Z,150.24744,150.25150
2024-01-02T00:00:49.743Z,150.25527,150.25950
2024-01-02T00:00:50.629Z,150.25541,150.25873
2024-01-02T00:00:51.794Z,150.27332,150.27740
2024-01-02T00:00:53.172Z,150.27111,150.27510
2024-01-02T00:00:53.896Z,150.26364,150.26816
2024-01-02T00:00:55.036Z,150.27133,150.27602
2024-01-02T00:00:56.375Z,150.26687,150.27019
2024-01-02T00:00:57.562Z,150.27189,150.27553
2024-01-02T00:00:58.565Z,150.28473,150.28842
2024-01-02T00:00:59.592Z,150.28976,150.29401
2024-01-02T00:01:00.685Z,150.29024,150.29443
2024-01-02T00:01:01.363Z,150.28009,150.28446
2024-01-02T00:01:02.501Z,150.27778,150.28222
2024-01-02T00:01:03.447Z,150.27567,150.27994
2024-01-02T00:01:04.076Z,150.26732,150.27202
2024-01-02T00:01:05.488Z,150.26001,150.26448
2024-01-02T00:01:06.507Z,150.24545,150.24965
2024-01-02T00:01:07.731Z,150.24571,150.24899
2024-01-02T00:01:08.728Z,150.25185,150.25602
2024-01-02T00:01:10.054Z,150.25574,150.26019
2024-01-02T00:01:11.245Z,150.25854,150.26215
2024-01-02T00:01:12.295Z,150.25335,150.25656
2024-01-02T00:01:13.734Z,150.25045,150.25426
2024-01-02T00:01:14.879Z,150.25756,150.26163
2024-01-02T00:01:15.651Z,150.25471,150.25891
2024-01-02T00:01:16.618Z,150.25539,150.25874
2024-01-02T00:01:17.678Z,150.27465,150.27794
2024-01-02T00:01:19.135Z,150.27402,150.27868
2024-01-02T00:01:20.459Z,150.26780,150.27149
2024-01-02T00:01:21.802Z,150.25411,150.25781
2024-01-02T00:01:23.248Z,150.24315,150.24694
2024-01-02T00:01:24.275Z,150.23953,150.24346
2024-01-02T00:01:24.865Z,150.24457,150.24870
2024-01-02T00:01:25.703Z,150.24623,150.25100
2024-01-02T00:01:26.458Z,150.24375,150.24743
2024-01-02T00:01:27.190Z,150.23279,150.23606
2024-01-02T00:01:28.437Z,150.22179,150.22590
2024-01-02T00:01:29.533Z,150.22512,150.22886
2024-01-02T00:01:30.809Z,150.22095,150.22476
2024-01-02T00:01:31.616Z,150.23303,150.23717
2024-01-02T00:01:32.439Z,150.23365,150.23839
2024-01-02T00:01:33.222Z,150.23546,150.24010
2024-01-02T00:01:34.715Z,150.23401,150.23881
2024-01-02T00:01:35.933Z,150.23343,150.23689
2024-01-02T00:01:36.515Z,150.23583,150.23917
2024-01-02T00:01:37.102Z,150.23485,150.23873
2024-01-02T00:01:37.865Z,150.24782,150.25233
2024-01-02T00:01:39.276Z,150.25363,150.25818
2024-01-02T00:01:40.226Z,150.26175,150.26521
2024-01-02T00:01:40.895Z,150.26113,150.26474
2024-01-02T00:01:41.561Z,150.25830,150.26233
2024-01-02T00:01:42.878Z,150.26675,150.27031
2024-01-02T00:01:43.761Z,150.26869,150.27223
2024-01-02T00:01:44.280Z,150.28042,150.28508
2024-01-02T00:01:45.733Z,150.27190,150.27660
2024-01-02T00:01:47.074Z,150.25907,150.26382
2024-01-02T00:01:47.678Z,150.25088,150.25511
2024-01-02T00:01:48.898Z,150.24725,150.25143
2024-01-02T00:01:49.669Z,150.25686,150.26038
2024-01-02T00:01:51.046Z,150.26628,150.27067
2024-01-02T00:01:52.304Z,150.26457,150.26927
2024-01-02T00:01:53.347Z,150.26563,150.26963
2024-01-02T00:01:54.326Z,150.25716,150.26160
2024-01-02T00:01:55.455Z,150.24790,150.25250
2024-01-02T00:01:56.308Z,150.24598,150.25005
2024-01-02T00:01:57.058Z,150.24919,150.25259
2024-01-02T00:01:57.740Z,150.25607,150.26012
2024-01-02T00:01:58.260Z,150.26568,150.26991
2024-01-02T00:01:59.433Z,150.26833,150.27266
2024-01-02T00:01:59.994Z,150.25000,150.25347
2024-01-02T00:02:01.179Z,150.23760,150.24109
2024-01-02T00:02:01.760Z,150.21668,150.22067
2024-01-02T00:02:02.451Z,150.21286,150.21648
2024-01-02T00:02:03.161Z,150.22855,150.23272
2024-01-02T00:02:03.978Z,150.23496,150.23872
2024-01-02T00:02:05.157Z,150.23131,150.23529
2024-01-02T00:02:06.077Z,150.23390,150.23739
2024-01-02T00:02:07.152Z,150.23048,150.23480
2024-01-02T00:02:08.513Z,150.24255,150.24587
2024-01-02T00:02:09.033Z,150.24324,150.24793
2024-01-02T00:02:09.929Z,150.25640,150.25989
2024-01-02T00:02:10.569Z,150.25685,150.26093
2024-01-02T00:02:11.206Z,150.26378,150.26794
2024-01-02T00:02:12.481Z,150.27556,150.27901
2024-01-02T00:02:13.378Z,150.25860,150.26239
2024-01-02T00:02:14.082Z,150.25193,150.25549
2024-01-02T00:02:15.296Z,150.25538,150.25980
2024-01-02T00:02:16.174Z,150.25137,150.25587
2024-01-02T00:02:16.767Z,150.25170,150.25620
2024-01-02T00:02:17.792Z,150.23989,150.24404
2024-01-02T00:02:19.070Z,150.24962,150.25417
2024-01-02T00:02:20.052Z,150.23766,150.24224
2024-01-02T00:02:21.059Z,150.24410,150.24773
2024-01-02T00:02:21.668Z,150.24841,150.25192
2024-01-02T00:02:22.215Z,150.24460,150.24904
2024-01-02T00:02:22.967Z,150.22895,150.23281
2024-01-02T00:02:23.865Z,150.23827,150.24295
2024-01-02T00:02:25.334Z,150.25706,150.26078
2024-01-02T00:02:26.341Z,150.25780,150.26202
2024-01-02T00:02:27.717Z,150.25722,150.26137
2024-01-02T00:02:28.456Z,150.24775,150.25243
2024-01-02T00:02:29.330Z,150.23488,150.23896
2024-01-02T00:02:30.142Z,150.22934,150.23320
2024-01-02T00:02:30.851Z,150.23497,150.23850
2024-01-02T00:02:31.927Z,150.23167,150.23580
2024-01-02T00:02:33.110Z,150.23225,150.23628
2024-01-02T00:02:34.337Z,150.24269,150.24738
2024-01-02T00:02:35.226Z,150.25596,150.26000
2024-01-02T00:02:36.530Z,150.26446,150.26787
2024-01-02T00:02:37.284Z,150.27241,150.27702
2024-01-02T00:02:38.619Z,150.26387,150.26850
2024-01-02T00:02:39.833Z,150.26752,150.27076
2024-01-02T00:02:40.950Z,150.27095,150.27564
2024-01-02T00:02:41.675Z,150.27159,150.27544
2024-01-02T00:02:43.023Z,150.27023,150.27349
2024-01-02T00:02:43.707Z,150.27050,150.27478
2024-01-02T00:02:44.901Z,150.26724,150.27057
2024-01-02T00:02:45.607Z,150.25837,150.26237
2024-01-02T00:02:46.919Z,150.26152,150.26580
2024-01-02T00:02:48.112Z,150.25795,150.26242
2024-01-02T00:02:48.618Z,150.26732,150.27101
2024-01-02T00:02:49.426Z,150.27698,150.28174
2024-01-02T00:02:50.772Z,150.27915,150.28368
2024-01-02T00:02:51.471Z,150.27753,150.28108
2024-01-02T00:02:52.107Z,150.27196,150.27573
2024-01-02T00:02:52.948Z,150.27176,150.27565
2024-01-02T00:02:53.886Z,150.26651,150.27079
2024-01-02T00:02:54.453Z,150.26965,150.27387
2024-01-02T00:02:55.825Z,150.27617,150.27946
2024-01-02T00:02:56.548Z,150.28074,150.28437
2024-01-02T00:02:57.413Z,150.27601,150.28072
2024-01-02T00:02:58.336Z,150.28172,150.28627
2024-01-02T00:02:59.650Z,150.28283,150.28607
2024-01-02T00:03:00.930Z,150.28186,150.28662
2024-01-02T00:03:01.824Z,150.28147,150.28508
2024-01-02T00:03:02.366Z,150.27934,150.28381
2024-01-02T00:03:03.210Z,150.27801,150.28121
2024-01-02T00:03:04.348Z,150.28161,150.28485
2024-01-02T00:03:05.284Z,150.27900,150.28242
2024-01-02T00:03:06.363Z,150.28241,150.28692
2024-01-02T00:03:07.016Z,150.26787,150.27177
2024-01-02T00:03:08.212Z,150.26294,150.26760
2024-01-02T00:03:09.091Z,150.26179,150.26503
2024-01-02T00:03:09.958Z,150.26373,150.26702
2024-01-02T00:03:11.215Z,150.26765,150.27202
2024-01-02T00:03:11.836Z,150.26117,150.26582
2024-01-02T00:03:12.827Z,150.26759,150.27107
2024-01-02T00:03:13.342Z,150.27042,150.27433
2024-01-02T00:03:14.800Z,150.26709,150.27109
2024-01-02T00:03:15.349Z,150.25851,150.26253
2024-01-02T00:03:16.007Z,150.26787,150.27221
2024-01-02T00:03:17.328Z,150.26867,150.27231
2024-01-02T00:03:18.225Z,150.27804,150.28188
2024-01-02T00:03:19.320Z,150.27429,150.27835
2024-01-02T00:03:19.951Z,150.27643,150.28037
2024-01-02T00:03:20.684Z,150.27000,150.27476
2024-01-02T00:03:21.289Z,150.27286,150.27642
2024-01-02T00:03:22.415Z,150.27064,150.27413
2024-01-02T00:03:23.260Z,150.26833,150.27226
2024-01-02T00:03:24.077Z,150.27388,150.27806
2024-01-02T00:03:25.555Z,150.27055,150.27459
2024-01-02T00:03:26.936Z,150.26948,150.27380
2024-01-02T00:03:28.421Z,150.26647,150.27025
2024-01-02T00:03:29.004Z,150.27547,150.27880
2024-01-02T00:03:29.533Z,150.27826,150.28270
2024-01-02T00:03:30.158Z,150.27303,150.27670
2024-01-02T00:03:30.974Z,150.29077,150.29541
2024-01-02T00:03:32.150Z,150.29974,150.30361
2024-01-02T00:03:32.783Z,150.29699,150.30104
2024-01-02T00:03:33.670Z,150.29393,150.29779
2024-01-02T00:03:34.477Z,150.30204,150.30683
2024-01-02T00:03:35.005Z,150.30367,150.30721
2024-01-02T00:03:35.869Z,150.30885,150.31240
2024-01-02T00:03:36.691Z,150.29826,150.30241
2024-01-02T00:03:37.910Z,150.29220,150.29639
2024-01-02T00:03:38.414Z,150.29535,150.29928
2024-01-02T00:03:39.256Z,150.29956,150.30334
2024-01-02T00:03:40.453Z,150.29811,150.30198
2024-01-02T00:03:41.266Z,150.28479,150.28896
2024-01-02T00:03:42.098Z,150.28007,150.28454
2024-01-02T00:03:42.760Z,150.27052,150.27486
2024-01-02T00:03:44.064Z,150.27054,150.27414
2024-01-02T00:03:45.276Z,150.26661,150.27071
2024-01-02T00:03:45.974Z,150.26912,150.27360
2024-01-02T00:03:47.056Z,150.27594,150.27935
2024-01-02T00:03:47.716Z,150.27623,150.28043
2024-01-02T00:03:49.003Z,150.28467,150.28824
2024-01-02T00:03:49.938Z,150.28326,150.28690
2024-01-02T00:03:51.250Z,150.27431,150.27895
2024-01-02T00:03:51.938Z,150.26828,150.27190
2024-01-02T00:03:53.370Z,150.27087,150.27449
2024-01-02T00:03:54.849Z,150.26094,150.26491
2024-01-02T00:03:55.798Z,150.25839,150.26285
2024-01-02T00:03:56.971Z,150.25385,150.25730
2024-01-02T00:03:57.590Z,150.26086,150.26413
2024-01-02T00:03:58.642Z,150.26224,150.26572
2024-01-02T00:04:00.004Z,150.26591,150.26940
2024-01-02T00:04:00.687Z,150.27287,150.27749
2024-01-02T00:04:01.563Z,150.27055,150.27389
2024-01-02T00:04:02.468Z,150.26362,150.26839
2024-01-02T00:04:03.951Z,150.26504,150.26898
2024-01-02T00:04:04.717Z,150.24419,150.24855
2024-01-02T00:04:05.229Z,150.24268,150.24633
2024-01-02T00:04:06.411Z,150.24780,150.25258
2024-01-02T00:04:07.814Z,150.23601,150.24000
2024-01-02T00:04:08.373Z,150.23884,150.24230
2024-01-02T00:04:09.183Z,150.24510,150.24959
2024-01-02T00:04:10.495Z,150.24726,150.25086
2024-01-02T00:04:11.414Z,150.25405,150.25800
2024-01-02T00:04:12.220Z,150.26279,150.26668
2024-01-02T00:04:12.880Z,150.24967,150.25390
2024-01-02T00:04:13.400Z,150.26048,150.26422
2024-01-02T00:04:13.905Z,150.25513,150.25864
2024-01-02T00:04:14.722Z,150.24589,150.24988
2024-01-02T00:04:15.345Z,150.24531,150.24950
2024-01-02T00:04:16.010Z,150.25433,150.25813
2024-01-02T00:04:16.991Z,150.25782,150.26148
2024-01-02T00:04:18.369Z,150.24501,150.24888
2024-01-02T00:04:19.355Z,150.25816,150.26232
2024-01-02T00:04:20.552Z,150.24435,150.24884
2024-01-02T00:04:22.020Z,150.23804,150.24249
2024-01-02T00:04:22.678Z,150.24140,150.24531
2024-01-02T00:04:24.142Z,150.25983,150.26452
2024-01-02T00:04:24.916Z,150.26589,150.27050
2024-01-02T00:04:25.983Z,150.25991,150.26456
2024-01-02T00:04:27.435Z,150.27246,150.27587
2024-01-02T00:04:28.551Z,150.27918,150.28398
2024-01-02T00:04:29.846Z,150.26602,150.26986
2024-01-02T00:04:31.306Z,150.25778,150.26119
2024-01-02T00:04:31.836Z,150.24462,150.24908
2024-01-02T00:04:33.199Z,150.25038,150.25419
2024-01-02T00:04:34.103Z,150.24877,150.25300
2024-01-02T00:04:35.370Z,150.24005,150.24326
2024-01-02T00:04:36.490Z,150.24052,150.24522
2024-01-02T00:04:36.996Z,150.25840,150.26186
2024-01-02T00:04:38.471Z,150.24915,150.25380
2024-01-02T00:04:39.850Z,150.24157,150.24515
2024-01-02T00:04:40.365Z,150.22797,150.23260
2024-01-02T00:04:40.943Z,150.23333,150.23743
2024-01-02T00:04:41.918Z,150.22723,150.23186
2024-01-02T00:04:42.514Z,150.24113,150.24497
2024-01-02T00:04:43.231Z,150.25842,150.26247
2024-01-02T00:04:44.448Z,150.26273,150.26611
2024-01-02T00:04:45.527Z,150.24536,150.24996
2024-01-02T00:04:46.724Z,150.24277,150.24657
2024-01-02T00:04:48.120Z,150.23421,150.23772
2024-01-02T00:04:49.174Z,150.23809,150.24170
2024-01-02T00:04:50.393Z,150.23073,150.23433
2024-01-02T00:04:51.148Z,150.22732,150.23125
2024-01-02T00:04:52.079Z,150.22902,150.23260
2024-01-02T00:04:53.182Z,150.22516,150.22914
2024-01-02T00:04:54.249Z,150.21859,150.22190
2024-01-02T00:04:55.595Z,150.22137,150.22540
2024-01-02T00:04:56.961Z,150.21992,150.22357
2024-01-02T00:04:57.468Z,150.22418,150.22802
2024-01-02T00:04:58.492Z,150.21916,150.22293
2024-01-02T00:04:59.351Z,150.22436,150.22818
2024-01-02T00:05:00.448Z,150.21420,150.21787
2024-01-02T00:05:01.814Z,150.23626,150.23975
2024-01-02T00:05:02.784Z,150.22536,150.22948
2024-01-02T00:05:03.715Z,150.22665,150.22986
2024-01-02T00:05:04.790Z,150.21471,150.21932
2024-01-02T00:05:05.644Z,150.21627,150.21949
2024-01-02T00:05:06.245Z,150.21281,150.21696
2024-01-02T00:05:06.965Z,150.20770,150.21127
2024-01-02T00:05:07.559Z,150.20428,150.20786
2024-01-02T00:05:08.363Z,150.22134,150.22570
2024-01-02T00:05:09.530Z,150.21049,150.21482
2024-01-02T00:05:10.538Z,150.21488,150.21887
2024-01-02T00:05:11.810Z,150.21216,150.21644
2024-01-02T00:05:12.577Z,150.21962,150.22318
2024-01-02T00:05:13.443Z,150.22751,150.23220
2024-01-02T00:05:14.438Z,150.23517,150.23995
2024-01-02T00:05:15.260Z,150.24392,150.24734
2024-01-02T00:05:15.900Z,150.23599,150.24045
2024-01-02T00:05:16.919Z,150.24373,150.24835
2024-01-02T00:05:17.948Z,150.23078,150.23413
2024-01-02T00:05:18.539Z,150.22944,150.23307
2024-01-02T00:05:19.431Z,150.22872,150.23288
2024-01-02T00:05:19.974Z,150.23627,150.24069
2024-01-02T00:05:21.318Z,150.23489,150.23966
2024-01-02T00:05:22.347Z,150.24065,150.24444
2024-01-02T00:05:23.341Z,150.25300,150.25663
2024-01-02T00:05:24.159Z,150.24016,150.24362
2024-01-02T00:05:25.197Z,150.25399,150.25802
2024-01-02T00:05:26.008Z,150.26093,150.26467
2024-01-02T00:05:27.183Z,150.26308,150.26647
2024-01-02T00:05:28.598Z,150.26716,150.27042
2024-01-02T00:05:29.976Z,150.27669,150.28026
2024-01-02T00:05:31.458Z,150.27408,150.27754
2024-01-02T00:05:32.761Z,150.27008,150.27449
2024-01-02T00:05:33.581Z,150.27352,150.27708
2024-01-02T00:05:34.168Z,150.26492,150.26864
2024-01-02T00:05:35.417Z,150.26595,150.26968
2024-01-02T00:05:36.806Z,150.27388,150.27792
2024-01-02T00:05:37.630Z,150.27925,150.28281
2024-01-02T00:05:38.134Z,150.27573,150.27904
2024-01-02T00:05:38.905Z,150.27420,150.27778
2024-01-02T00:05:40.361Z,150.26651,150.27109
2024-01-02T00:05:40.878Z,150.27180,150.27543
2024-01-02T00:05:41.398Z,150.27033,150.27455
2024-01-02T00:05:42.596Z,150.25627,150.25986
2024-01-02T00:05:43.786Z,150.24515,150.24964
2024-01-02T00:05:44.998Z,150.23709,150.24131
2024-01-02T00:05:45.735Z,150.23468,150.23938
2024-01-02T00:05:46.759Z,150.23590,150.23942
2024-01-02T00:05:48.250Z,150.23596,150.23992
2024-01-02T00:05:49.284Z,150.23367,150.23738
2024-01-02T00:05:50.502Z,150.22726,150.23088
2024-01-02T00:05:51.925Z,150.22286,150.22607
2024-01-02T00:05:53.102Z,150.22322,150.22685
2024-01-02T00:05:53.715Z,150.22182,150.22627
2024-01-02T00:05:54.793Z,150.23916,150.24251
2024-01-02T00:05:55.523Z,150.24185,150.24516
2024-01-02T00:05:56.711Z,150.24909,150.25303
2024-01-02T00:05:57.267Z,150.25220,150.25615
2024-01-02T00:05:57.929Z,150.24402,150.24820
2024-01-02T00:05:58.841Z,150.24624,150.25092
2024-01-02T00:06:00.226Z,150.23507,150.23864
2024-01-02T00:06:00.899Z,150.23763,150.24162
2024-01-02T00:06:01.772Z,150.22682,150.23147
2024-01-02T00:06:03.255Z,150.23589,150.23914
2024-01-02T00:06:04.753Z,150.24085,150.24551
2024-01-02T00:06:06.176Z,150.24120,150.24575
2024-01-02T00:06:07.006Z,150.24414,150.24796
2024-01-02T00:06:08.165Z,150.24410,150.24780
2024-01-02T00:06:09.049Z,150.25262,150.25741
2024-01-02T00:06:10.481Z,150.24765,150.25174
2024-01-02T00:06:11.035Z,150.25484,150.25868
2024-01-02T00:06:12.200Z,150.23631,150.24046
2024-01-02T00:06:13.575Z,150.23919,150.24289
2024-01-02T00:06:14.795Z,150.23087,150.23466
2024-01-02T00:06:15.991Z,150.22096,150.22460
2024-01-02T00:06:16.599Z,150.20712,150.21185
2024-01-02T00:06:17.749Z,150.20870,150.21203
2024-01-02T00:06:18.602Z,150.20490,150.20846
2024-01-02T00:06:19.161Z,150.19768,150.20239
2024-01-02T00:06:20.299Z,150.20649,150.20973
2024-01-02T00:06:20.820Z,150.20048,150.20391
2024-01-02T00:06:21.703Z,150.20371,150.20693
2024-01-02T00:06:23.163Z,150.19357,150.19728
2024-01-02T00:06:23.731Z,150.20278,150.20635
2024-01-02T00:06:24.714Z,150.19136,150.19464
2024-01-02T00:06:25.565Z,150.18739,150.19077
2024-01-02T00:06:27.052Z,150.18814,150.19196
2024-01-02T00:06:28.445Z,150.19868,150.20320
2024-01-02T00:06:29.482Z,150.19182,150.19560
2024-01-02T00:06:30.429Z,150.19977,150.20330
2024-01-02T00:06:30.963Z,150.19662,150.20130
2024-01-02T00:06:31.549Z,150.19941,150.20390
2024-01-02T00:06:33.003Z,150.20984,150.21315
2024-01-02T00:06:33.884Z,150.21211,150.21587
2024-01-02T00:06:34.848Z,150.22209,150.22589
2024-01-02T00:06:36.082Z,150.23267,150.23719
2024-01-02T00:06:37.119Z,150.23848,150.24234
2024-01-02T00:06:37.698Z,150.23296,150.23769
2024-01-02T00:06:38.830Z,150.21557,150.22027
2024-01-02T00:06:39.826Z,150.20924,150.21286
2024-01-02T00:06:41.271Z,150.21245,150.21640
2024-01-02T00:06:41.991Z,150.20715,150.21166
2024-01-02T00:06:42.701Z,150.20036,150.20469
2024-01-02T00:06:43.540Z,150.20504,150.20977
2024-01-02T00:06:45.023Z,150.18339,150.18670
2024-01-02T00:06:45.851Z,150.16871,150.17301
2024-01-02T00:06:47.276Z,150.16756,150.17137
2024-01-02T00:06:47.986Z,150.17411,150.17803
2024-01-02T00:06:48.739Z,150.17827,150.18154
2024-01-02T00:06:49.946Z,150.15909,150.16329
2024-01-02T00:06:50.868Z,150.15392,150.15754
2024-01-02T00:06:51.961Z,150.15345,150.15673
2024-01-02T00:06:53.114Z,150.15770,150.16130
2024-01-02T00:06:54.268Z,150.15637,150.16000
2024-01-02T00:06:55.059Z,150.15692,150.16021
2024-01-02T00:06:56.107Z,150.15750,150.16099
2024-01-02T00:06:57.538Z,150.15524,150.15985
2024-01-02T00:06:58.328Z,150.14754,150.15150
2024-01-02T00:06:59.791Z,150.16131,150.16577
2024-01-02T00:07:00.753Z,150.17274,150.17609
2024-01-02T00:07:02.179Z,150.17878,150.18323
2024-01-02T00:07:03.664Z,150.17781,150.18156
2024-01-02T00:07:04.795Z,150.16836,150.17303
2024-01-02T00:07:05.436Z,150.16973,150.17297
2024-01-02T00:07:05.979Z,150.18107,150.18550
2024-01-02T00:07:06.733Z,150.18136,150.18485
2024-01-02T00:07:07.712Z,150.17849,150.18206
2024-01-02T00:07:08.853Z,150.16869,150.17330
2024-01-02T00:07:10.232Z,150.17446,150.17794
2024-01-02T00:07:10.942Z,150.15704,150.16104
2024-01-02T00:07:11.543Z,150.16134,150.16469
2024-01-02T00:07:12.048Z,150.15530,150.15900
2024-01-02T00:07:12.858Z,150.16804,150.17213
2024-01-02T00:07:13.623Z,150.16745,150.17164
2024-01-02T00:07:14.321Z,150.16295,150.16652
2024-01-02T00:07:14.905Z,150.15685,150.16048
2024-01-02T00:07:16.024Z,150.15859,150.16202
2024-01-02T00:07:16.676Z,150.15959,150.16379
2024-01-02T00:07:17.548Z,150.15302,150.15716
2024-01-02T00:07:18.557Z,150.15215,150.15682
2024-01-02T00:07:19.618Z,150.17079,150.17411
2024-01-02T00:07:21.038Z,150.16499,150.16842
2024-01-02T00:07:22.457Z,150.15580,150.15968
2024-01-02T00:07:23.280Z,150.15993,150.16450
2024-01-02T00:07:24.019Z,150.15624,150.16094
2024-01-02T00:07:25.306Z,150.15798,150.16177
2024-01-02T00:07:26.397Z,150.15483,150.15944
2024-01-02T00:07:27.012Z,150.17388,150.17782
2024-01-02T00:07:27.801Z,150.17387,150.17814
2024-01-02T00:07:28.878Z,150.17002,150.17353
2024-01-02T00:07:29.959Z,150.17678,150.18144
2024-01-02T00:07:31.156Z,150.17584,150.18059
2024-01-02T00:07:31.811Z,150.18580,150.19016
2024-01-02T00:07:32.450Z,150.18973,150.19299
2024-01-02T00:07:33.486Z,150.17293,150.17751
2024-01-02T00:07:34.214Z,150.18084,150.18476
2024-01-02T00:07:34.993Z,150.18716,150.19057
2024-01-02T00:07:35.831Z,150.19786,150.20110
2024-01-02T00:07:36.801Z,150.20461,150.20849
2024-01-02T00:07:37.421Z,150.19639,150.19965
2024-01-02T00:07:38.441Z,150.19231,150.19567
2024-01-02T00:07:38.952Z,150.18870,150.19288
2024-01-02T00:07:40.139Z,150.19689,150.20043
2024-01-02T00:07:40.714Z,150.19462,150.19913
2024-01-02T00:07:41.851Z,150.18350,150.18701
2024-01-02T00:07:42.721Z,150.19479,150.19856
2024-01-02T00:07:43.883Z,150.20174,150.20542
2024-01-02T00:07:45.152Z,150.19987,150.20320
2024-01-02T00:07:45.764Z,150.20304,150.20751
2024-01-02T00:07:47.023Z,150.19334,150.19761
2024-01-02T00:07:47.665Z,150.18983,150.19407
2024-01-02T00:07:48.438Z,150.19433,150.19754
2024-01-02T00:07:49.567Z,150.20202,150.20544
2024-01-02T00:07:50.384Z,150.20224,150.20573
2024-01-02T00:07:51.309Z,150.19550,150.19901
2024-01-02T00:07:52.568Z,150.18401,150.18835
2024-01-02T00:07:53.760Z,150.18619,150.19089
2024-01-02T00:07:54.520Z,150.18255,150.18581
2024-01-02T00:07:55.613Z,150.19414,150.19775
2024-01-02T00:07:56.525Z,150.19922,150.20358
2024-01-02T00:07:57.363Z,150.19965,150.20335
2024-01-02T00:07:58.301Z,150.19880,150.20343
2024-01-02T00:07:59.328Z,150.19392,150.19846
2024-01-02T00:08:00.408Z,150.20232,150.20710
2024-01-02T00:08:01.447Z,150.21906,150.22240
2024-01-02T00:08:01.949Z,150.21824,150.22287
2024-01-02T00:08:03.422Z,150.21782,150.22247
2024-01-02T00:08:04.907Z,150.22224,150.22698
2024-01-02T00:08:05.948Z,150.22501,150.22840
2024-01-02T00:08:06.560Z,150.21800,150.22121
2024-01-02T00:08:07.653Z,150.21206,150.21653
2024-01-02T00:08:08.591Z,150.21457,150.21892
2024-01-02T00:08:09.745Z,150.20430,150.20784
2024-01-02T00:08:11.025Z,150.21348,150.21815
2024-01-02T00:08:11.636Z,150.21037,150.21456
2024-01-02T00:08:12.647Z,150.20289,150.20627
2024-01-02T00:08:13.634Z,150.20660,150.21032
2024-01-02T00:08:15.048Z,150.19727,150.20139
2024-01-02T00:08:15.915Z,150.18904,150.19232
2024-01-02T00:08:16.485Z,150.18043,150.18448
2024-01-02T00:08:17.961Z,150.17966,150.18318
2024-01-02T00:08:19.367Z,150.16751,150.17137
2024-01-02T00:08:20.104Z,150.17315,150.17750
2024-01-02T00:08:20.675Z,150.16456,150.16931
2024-01-02T00:08:21.555Z,150.15932,150.16299
2024-01-02T00:08:22.275Z,150.16099,150.16480
2024-01-02T00:08:23.589Z,150.15537,150.15868
2024-01-02T00:08:25.035Z,150.15033,150.15356
2024-01-02T00:08:25.658Z,150.13339,150.13719
2024-01-02T00:08:26.767Z,150.12401,150.12866
2024-01-02T00:08:27.432Z,150.11916,150.12338
2024-01-02T00:08:28.336Z,150.13573,150.14022
2024-01-02T00:08:29.268Z,150.13237,150.13649
2024-01-02T00:08:29.876Z,150.13038,150.13471
2024-01-02T00:08:31.357Z,150.12844,150.13288
2024-01-02T00:08:32.491Z,150.12380,150.12724
2024-01-02T00:08:33.167Z,150.11057,150.11425
2024-01-02T00:08:34.565Z,150.11430,150.11888
2024-01-02T00:08:35.518Z,150.11424,150.11868
2024-01-02T00:08:36.667Z,150.11090,150.11473
2024-01-02T00:08:37.656Z,150.11008,150.11351
2024-01-02T00:08:38.260Z,150.10673,150.11000
2024-01-02T00:08:39.683Z,150.10922,150.11316
2024-01-02T00:08:40.845Z,150.11537,150.11926
2024-01-02T00:08:42.169Z,150.10353,150.10812
2024-01-02T00:08:43.584Z,150.10485,150.10838
2024-01-02T00:08:44.792Z,150.10099,150.10506
2024-01-02T00:08:45.668Z,150.10674,150.11028
2024-01-02T00:08:46.401Z,150.09818,150.10257
2024-01-02T00:08:47.462Z,150.10507,150.10915
2024-01-02T00:08:48.263Z,150.09851,150.10268
2024-01-02T00:08:49.360Z,150.09123,150.09546
2024-01-02T00:08:50.444Z,150.09310,150.09720
2024-01-02T00:08:51.928Z,150.10070,150.10477
2024-01-02T00:08:53.390Z,150.12033,150.12381
2024-01-02T00:08:54.039Z,150.11172,150.11578
2024-01-02T00:08:54.608Z,150.10509,150.10884
2024-01-02T00:08:55.618Z,150.10090,150.10543
2024-01-02T00:08:56.528Z,150.10623,150.10976
2024-01-02T00:08:57.975Z,150.10139,150.10547
2024-01-02T00:08:58.536Z,150.09758,150.10229
2024-01-02T00:08:59.375Z,150.08777,150.09115
2024-01-02T00:09:00.747Z,150.08862,150.09209
2024-01-02T00:09:02.236Z,150.08533,150.08865
2024-01-02T00:09:03.511Z,150.08065,150.08391
2024-01-02T00:09:04.382Z,150.07375,150.07717
2024-01-02T00:09:05.775Z,150.07626,150.07949
2024-01-02T00:09:06.868Z,150.08423,150.08816
2024-01-02T00:09:08.359Z,150.08354,150.08722
2024-01-02T00:09:09.039Z,150.07165,150.07595
2024-01-02T00:09:09.824Z,150.06008,150.06402
2024-01-02T00:09:11.024Z,150.06595,150.07034
2024-01-02T00:09:11.972Z,150.06720,150.07145
2024-01-02T00:09:13.224Z,150.06917,150.07372
2024-01-02T00:09:14.350Z,150.06074,150.06530
2024-01-02T00:09:15.376Z,150.05771,150.06205
2024-01-02T00:09:16.268Z,150.05936,150.06324
2024-01-02T00:09:17.438Z,150.06610,150.07003
2024-01-02T00:09:18.226Z,150.06953,150.07344
2024-01-02T00:09:19.089Z,150.06587,150.07015
2024-01-02T00:09:20.212Z,150.06143,150.06596
2024-01-02T00:09:21.586Z,150.06055,150.06376
2024-01-02T00:09:22.959Z,150.07146,150.07530
2024-01-02T00:09:24.324Z,150.05965,150.06387
2024-01-02T00:09:25.584Z,150.06208,150.06608
2024-01-02T00:09:27.073Z,150.04849,150.05261
2024-01-02T00:09:28.208Z,150.04002,150.04325
2024-01-02T00:09:29.637Z,150.05218,150.05542
2024-01-02T00:09:31.127Z,150.04312,150.04767
2024-01-02T00:09:31.878Z,150.05277,150.05640
2024-01-02T00:09:32.642Z,150.06262,150.06718
2024-01-02T00:09:33.563Z,150.05990,150.06439
2024-01-02T00:09:34.361Z,150.05845,150.06208
2024-01-02T00:09:35.159Z,150.04812,150.05212
2024-01-02T00:09:36.586Z,150.04671,150.05108
2024-01-02T00:09:37.432Z,150.04451,150.04859
2024-01-02T00:09:38.647Z,150.04439,150.04846
2024-01-02T00:09:40.048Z,150.04333,150.04669
2024-01-02T00:09:41.014Z,150.04866,150.05246
2024-01-02T00:09:42.304Z,150.04617,150.05061
2024-01-02T00:09:43.571Z,150.03856,150.04285
2024-01-02T00:09:45.069Z,150.02740,150.03120
2024-01-02T00:09:45.872Z,150.03315,150.03758
2024-01-02T00:09:47.316Z,150.02865,150.03235
2024-01-02T00:09:48.655Z,150.01958,150.02332
2024-01-02T00:09:49.205Z,150.01721,150.02144
2024-01-02T00:09:49.929Z,150.02120,150.02586
2024-01-02T00:09:50.670Z,150.02043,150.02414
2024-01-02T00:09:52.041Z,150.02806,150.03285
2024-01-02T00:09:52.697Z,150.02167,150.02528
2024-01-02T00:09:53.255Z,150.01739,150.02125
2024-01-02T00:09:53.918Z,150.01176,150.01507
2024-01-02T00:09:54.539Z,150.00530,150.00981
2024-01-02T00:09:55.195Z,150.00943,150.01343
2024-01-02T00:09:56.232Z,150.01755,150.02092
2024-01-02T00:09:56.905Z,150.00681,150.01103
2024-01-02T00:09:57.913Z,150.00538,150.00889
2024-01-02T00:09:59.131Z,150.00200,150.00632
2024-01-02T00:10:00.345Z,149.99987,150.00387
2024-01-02T00:10:01.680Z,149.99623,149.99988
2024-01-02T00:10:02.226Z,150.00303,150.00774
2024-01-02T00:10:02.871Z,150.00011,150.00474
2024-01-02T00:10:03.517Z,149.99779,150.00207
2024-01-02T00:10:04.388Z,149.99460,149.99889
2024-01-02T00:10:05.186Z,149.98962,149.99379
2024-01-02T00:10:05.920Z,149.99687,150.00020
2024-01-02T00:10:07.329Z,150.00062,150.00515
2024-01-02T00:10:08.740Z,149.99657,150.00103
2024-01-02T00:10:09.952Z,149.99898,150.00323
2024-01-02T00:10:11.391Z,150.00454,150.00787
2024-01-02T00:10:12.237Z,150.00659,150.01137
2024-01-02T00:10:12.939Z,150.00131,150.00501
2024-01-02T00:10:14.087Z,150.00000,150.00426
2024-01-02T00:10:14.720Z,150.00048,150.00483
2024-01-02T00:10:16.085Z,149.99449,149.99897
2024-01-02T00:10:16.623Z,149.98834,149.99207
2024-01-02T00:10:17.529Z,149.98035,149.98504
2024-01-02T00:10:18.720Z,149.98188,149.98642
2024-01-02T00:10:19.643Z,149.97105,149.97528
2024-01-02T00:10:20.791Z,149.96414,149.96783
2024-01-02T00:10:21.579Z,149.96520,149.96890
2024-01-02T00:10:22.328Z,149.97065,149.97392
2024-01-02T00:10:23.608Z,149.97125,149.97464
2024-01-02T00:10:24.575Z,149.96019,149.96359
2024-01-02T00:10:25.740Z,149.95397,149.95741
2024-01-02T00:10:26.649Z,149.94160,149.94494
2024-01-02T00:10:27.645Z,149.94343,149.94815
2024-01-02T00:10:28.897Z,149.94863,149.95327
2024-01-02T00:10:29.837Z,149.94711,149.95161
2024-01-02T00:10:31.244Z,149.95755,149.96123
2024-01-02T00:10:32.541Z,149.94080,149.94478
2024-01-02T00:10:33.765Z,149.94210,149.94586
2024-01-02T00:10:35.261Z,149.94281,149.94731
2024-01-02T00:10:36.129Z,149.94004,149.94360
2024-01-02T00:10:37.295Z,149.93664,149.94110
2024-01-02T00:10:38.070Z,149.91826,149.92254
2024-01-02T00:10:39.437Z,149.92838,149.93262
2024-01-02T00:10:39.949Z,149.93146,149.93519
2024-01-02T00:10:41.302Z,149.92830,149.93225
2024-01-02T00:10:41.817Z,149.93353,149.93712
2024-01-02T00:10:42.862Z,149.93478,149.93829
2024-01-02T00:10:44.198Z,149.92455,149.92806
2024-01-02T00:10:45.479Z,149.93069,149.93460
2024-01-02T00:10:46.766Z,149.92732,149.93171
2024-01-02T00:10:47.604Z,149.92935,149.93406
2024-01-02T00:10:48.552Z,149.93422,149.93786
2024-01-02T00:10:49.478Z,149.93998,149.94400
2024-01-02T00:10:50.867Z,149.94109,149.94441
2024-01-02T00:10:52.015Z,149.93429,149.93886
2024-01-02T00:10:52.555Z,149.92045,149.92375
2024-01-02T00:10:53.334Z,149.92243,149.92696
2024-01-02T00:10:54.258Z,149.92019,149.92423
2024-01-02T00:10:55.317Z,149.92736,149.93195
2024-01-02T00:10:56.399Z,149.92214,149.92636
2024-01-02T00:10:57.538Z,149.92746,149.93137
2024-01-02T00:10:58.652Z,149.91763,149.92145
2024-01-02T00:10:59.506Z,149.90537,149.90945
2024-01-02T00:11:00.011Z,149.89638,149.90033
2024-01-02T00:11:00.967Z,149.89127,149.89586
2024-01-02T00:11:02.223Z,149.90094,149.90539
2024-01-02T00:11:03.596Z,149.90367,149.90826
2024-01-02T00:11:05.043Z,149.89041,149.89384
2024-01-02T00:11:05.552Z,149.87748,149.88155
2024-01-02T00:11:06.851Z,149.87661,149.88052
2024-01-02T00:11:08.216Z,149.87741,149.88191
2024-01-02T00:11:09.109Z,149.88789,149.89238
2024-01-02T00:11:09.989Z,149.90137,149.90588
2024-01-02T00:11:11.033Z,149.90129,149.90594
2024-01-02T00:11:11.786Z,149.90458,149.90787
2024-01-02T00:11:12.606Z,149.89035,149.89513
2024-01-02T00:11:13.990Z,149.88702,149.89126
2024-01-02T00:11:15.470Z,149.87258,149.87617
2024-01-02T00:11:16.499Z,149.86060,149.86520
2024-01-02T00:11:17.824Z,149.86093,149.86537
2024-01-02T00:11:19.008Z,149.85120,149.85486
2024-01-02T00:11:19.653Z,149.84571,149.85036
2024-01-02T00:11:20.628Z,149.84011,149.84392
2024-01-02T00:11:21.835Z,149.83441,149.83849
2024-01-02T00:11:22.429Z,149.81782,149.82195
2024-01-02T00:11:23.186Z,149.81323,149.81692
2024-01-02T00:11:24.613Z,149.81203,149.81623
2024-01-02T00:11:25.617Z,149.81073,149.81515
2024-01-02T00:11:26.634Z,149.81664,149.82026
2024-01-02T00:11:27.579Z,149.81467,149.81941
2024-01-02T00:11:28.714Z,149.81620,149.81981
2024-01-02T00:11:29.274Z,149.82521,149.82860
2024-01-02T00:11:30.396Z,149.82482,149.82950
2024-01-02T00:11:31.609Z,149.82654,149.83005
2024-01-02T00:11:32.571Z,149.82391,149.82803
2024-01-02T00:11:33.878Z,149.82146,149.82514
2024-01-02T00:11:34.502Z,149.81623,149.82084
2024-01-02T00:11:35.152Z,149.81169,149.81629
2024-01-02T00:11:35.832Z,149.81263,149.81643
2024-01-02T00:11:36.495Z,149.81668,149.82051
2024-01-02T00:11:37.113Z,149.82896,149.83233
2024-01-02T00:11:38.348Z,149.83195,149.83524
2024-01-02T00:11:39.428Z,149.81989,149.82458
2024-01-02T00:11:40.365Z,149.81255,149.81606
2024-01-02T00:11:41.200Z,149.81129,149.81521
2024-01-02T00:11:41.864Z,149.80807,149.81253
2024-01-02T00:11:43.350Z,149.80404,149.80840
2024-01-02T00:11:44.053Z,149.78830,149.79237
2024-01-02T00:11:45.125Z,149.78818,149.79212
2024-01-02T00:11:46.528Z,149.78961,149.79421
2024-01-02T00:11:47.802Z,149.78141,149.78519
2024-01-02T00:11:49.054Z,149.78024,149.78483
2024-01-02T00:11:49.563Z,149.78028,149.78464
2024-01-02T00:11:50.854Z,149.77932,149.78306
2024-01-02T00:11:51.882Z,149.77759,149.78128
2024-01-02T00:11:52.865Z,149.77389,149.77845
2024-01-02T00:11:54.047Z,149.76971,149.77391
2024-01-02T00:11:54.798Z,149.77317,149.77724
2024-01-02T00:11:55.534Z,149.76705,149.77087
2024-01-02T00:11:56.096Z,149.75796,149.76255
2024-01-02T00:11:57.006Z,149.76413,149.76818
2024-01-02T00:11:58.089Z,149.75699,149.76054
2024-01-02T00:11:58.706Z,149.74642,149.75040
2024-01-02T00:11:59.566Z,149.74093,149.74439
2024-01-02T00:12:00.387Z,149.74708,149.75095
2024-01-02T00:12:01.705Z,149.75463,149.75827
2024-01-02T00:12:02.360Z,149.77871,149.78258
2024-01-02T00:12:03.061Z,149.77044,149.77381
2024-01-02T00:12:04.285Z,149.76132,149.76519
2024-01-02T00:12:04.889Z,149.76557,149.76988
2024-01-02T00:12:05.690Z,149.75908,149.76258
2024-01-02T00:12:06.820Z,149.75924,149.76332
2024-01-02T00:12:07.927Z,149.77150,149.77509
2024-01-02T00:12:09.260Z,149.75136,149.75496
2024-01-02T00:12:10.587Z,149.75264,149.75652
2024-01-02T00:12:11.247Z,149.75194,149.75535
2024-01-02T00:12:11.997Z,149.74474,149.74860
2024-01-02T00:12:12.672Z,149.74288,149.74730
2024-01-02T00:12:13.174Z,149.74045,149.74433
2024-01-02T00:12:14.521Z,149.74141,149.74531
2024-01-02T00:12:15.855Z,149.74199,149.74610
2024-01-02T00:12:16.433Z,149.73479,149.73902
2024-01-02T00:12:17.308Z,149.73707,149.74174
2024-01-02T00:12:18.289Z,149.74042,149.74417
2024-01-02T00:12:19.356Z,149.75171,149.75623
2024-01-02T00:12:20.048Z,149.74375,149.74771
2024-01-02T00:12:21.283Z,149.74279,149.74604
2024-01-02T00:12:22.705Z,149.73680,149.74042
2024-01-02T00:12:23.864Z,149.73505,149.73879
2024-01-02T00:12:25.054Z,149.73111,149.73478
2024-01-02T00:12:26.333Z,149.73988,149.74383
2024-01-02T00:12:26.895Z,149.75314,149.75738
2024-01-02T00:12:28.339Z,149.76081,149.76453
2024-01-02T00:12:29.224Z,149.76365,149.76820
2024-01-02T00:12:29.888Z,149.74580,149.74994
2024-01-02T00:12:30.403Z,149.74815,149.75167
2024-01-02T00:12:31.678Z,149.73780,149.74193
2024-01-02T00:12:32.829Z,149.73975,149.74370
2024-01-02T00:12:34.036Z,149.73817,149.74188
2024-01-02T00:12:34.956Z,149.72646,149.73054
2024-01-02T00:12:35.576Z,149.73187,149.73663
2024-01-02T00:12:36.408Z,149.73218,149.73668
2024-01-02T00:12:37.887Z,149.73099,149.73568
2024-01-02T00:12:38.608Z,149.73356,149.73720
2024-01-02T00:12:39.705Z,149.73441,149.73807
2024-01-02T00:12:40.961Z,149.72916,149.73363
2024-01-02T00:12:41.870Z,149.72099,149.72466
2024-01-02T00:12:42.401Z,149.71121,149.71536
2024-01-02T00:12:43.102Z,149.71144,149.71533
2024-01-02T00:12:44.593Z,149.71636,149.72080
2024-01-02T00:12:45.927Z,149.72394,149.72727
2024-01-02T00:12:46.824Z,149.72100,149.72464
2024-01-02T00:12:47.534Z,149.71823,149.72241
2024-01-02T00:12:48.386Z,149.72697,149.73072
2024-01-02T00:12:49.376Z,149.71384,149.71834
2024-01-02T00:12:50.099Z,149.71127,149.71575
2024-01-02T00:12:51.330Z,149.71996,149.72322
2024-01-02T00:12:52.337Z,149.71444,149.71840
2024-01-02T00:12:53.313Z,149.69988,149.70311
2024-01-02T00:12:53.843Z,149.69079,149.69534
2024-01-02T00:12:54.400Z,149.69128,149.69505
2024-01-02T00:12:55.339Z,149.69140,149.69486
2024-01-02T00:12:56.661Z,149.70284,149.70635
2024-01-02T00:12:57.893Z,149.70450,149.70905
2024-01-02T00:12:58.435Z,149.69594,149.69963
2024-01-02T00:12:59.014Z,149.69454,149.69878
2024-01-02T00:12:59.923Z,149.70560,149.70945
2024-01-02T00:13:00.757Z,149.70320,149.70763
2024-01-02T00:13:01.946Z,149.70451,149.70914
2024-01-02T00:13:03.268Z,149.70025,149.70450
2024-01-02T00:13:04.754Z,149.70868,149.71206
2024-01-02T00:13:05.401Z,149.71132,149.71552
2024-01-02T00:13:06.777Z,149.72217,149.72631
2024-01-02T00:13:07.392Z,149.71816,149.72219
2024-01-02T00:13:08.660Z,149.72996,149.73422
2024-01-02T00:13:09.633Z,149.73348,149.73821
2024-01-02T00:13:10.427Z,149.73760,149.74150
2024-01-02T00:13:11.173Z,149.74325,149.74694
2024-01-02T00:13:12.109Z,149.74029,149.74362
2024-01-02T00:13:12.638Z,149.74881,149.75331
2024-01-02T00:13:14.094Z,149.76946,149.77277
2024-01-02T00:13:15.401Z,149.77737,149.78118
2024-01-02T00:13:16.777Z,149.78186,149.78548
2024-01-02T00:13:18.090Z,149.77592,149.77965
2024-01-02T00:13:18.693Z,149.78306,149.78642
2024-01-02T00:13:19.398Z,149.77730,149.78098
2024-01-02T00:13:20.288Z,149.76331,149.76723
2024-01-02T00:13:21.285Z,149.76096,149.76522
2024-01-02T00:13:22.696Z,149.75962,149.76352
2024-01-02T00:13:23.835Z,149.75583,149.75940
2024-01-02T00:13:24.944Z,149.75980,149.76423
2024-01-02T00:13:26.225Z,149.76779,149.77138
2024-01-02T00:13:27.240Z,149.78072,149.78529
2024-01-02T00:13:28.107Z,149.78029,149.78471
2024-01-02T00:13:29.377Z,149.78321,149.78788
2024-01-02T00:13:30.765Z,149.78067,149.78542
2024-01-02T00:13:31.402Z,149.79445,149.79870
2024-01-02T00:13:32.211Z,149.79698,149.80117
2024-01-02T00:13:33.027Z,149.80242,149.80705
2024-01-02T00:13:34.458Z,149.80965,149.81285
2024-01-02T00:13:35.221Z,149.80866,149.81189
2024-01-02T00:13:35.955Z,149.81454,149.81835
2024-01-02T00:13:36.872Z,149.81029,149.81396
2024-01-02T00:13:37.698Z,149.81307,149.81667
2024-01-02T00:13:38.610Z,149.79675,149.80021
2024-01-02T00:13:40.023Z,149.79925,149.80295
2024-01-02T00:13:40.757Z,149.79181,149.79576
2024-01-02T00:13:41.470Z,149.78733,149.79063
2024-01-02T00:13:42.752Z,149.79398,149.79861
2024-01-02T00:13:43.825Z,149.78673,149.79107
2024-01-02T00:13:45.316Z,149.78405,149.78854
2024-01-02T00:13:45.972Z,149.77985,149.78437
2024-01-02T00:13:46.478Z,149.78255,149.78716
2024-01-02T00:13:47.751Z,149.78318,149.78734
2024-01-02T00:13:49.111Z,149.78036,149.78391
2024-01-02T00:13:50.154Z,149.77612,149.78023
2024-01-02T00:13:51.234Z,149.77268,149.77606
2024-01-02T00:13:52.559Z,149.75692,149.76029
2024-01-02T00:13:53.303Z,149.77086,149.77436
2024-01-02T00:13:54.445Z,149.77575,149.77968
2024-01-02T00:13:55.719Z,149.77275,149.77605
2024-01-02T00:13:56.894Z,149.77461,149.77916
2024-01-02T00:13:58.348Z,149.76294,149.76722
2024-01-02T00:13:58.854Z,149.76624,149.77077
2024-01-02T00:13:59.994Z,149.75733,149.76086
2024-01-02T00:14:00.613Z,149.75789,149.76128
2024-01-02T00:14:01.318Z,149.76701,149.77053
2024-01-02T00:14:01.955Z,149.77586,149.78038
2024-01-02T00:14:02.623Z,149.77322,149.77651
2024-01-02T00:14:03.592Z,149.77633,149.78033
2024-01-02T00:14:04.129Z,149.77138,149.77557
2024-01-02T00:14:05.471Z,149.76860,149.77188
2024-01-02T00:14:06.389Z,149.77070,149.77483
2024-01-02T00:14:07.520Z,149.76324,149.76649
2024-01-02T00:14:08.731Z,149.75759,149.76097
2024-01-02T00:14:09.749Z,149.75548,149.75912
2024-01-02T00:14:10.293Z,149.75670,149.76146
2024-01-02T00:14:11.131Z,149.74930,149.75266
2024-01-02T00:14:11.987Z,149.74926,149.75403
2024-01-02T00:14:13.207Z,149.75898,149.76272
2024-01-02T00:14:14.201Z,149.76303,149.76707
2024-01-02T00:14:15.636Z,149.76958,149.77293
2024-01-02T00:14:16.469Z,149.76772,149.77214
2024-01-02T00:14:17.029Z,149.76815,149.77190
2024-01-02T00:14:17.669Z,149.76692,149.77168
2024-01-02T00:14:19.163Z,149.77170,149.77547
2024-01-02T00:14:20.213Z,149.75739,149.76146
2024-01-02T00:14:20.766Z,149.76251,149.76610
2024-01-02T00:14:22.169Z,149.76722,149.77102
2024-01-02T00:14:23.210Z,149.75806,149.76169
2024-01-02T00:14:24.420Z,149.75838,149.76314
2024-01-02T00:14:25.433Z,149.76942,149.77360
2024-01-02T00:14:26.403Z,149.77337,149.77737
2024-01-02T00:14:26.923Z,149.77967,149.78375
2024-01-02T00:14:27.896Z,149.77312,149.77721
2024-01-02T00:14:28.890Z,149.78673,149.79042
2024-01-02T00:14:30.181Z,149.78207,149.78558
2024-01-02T00:14:31.114Z,149.78534,149.78883
2024-01-02T00:14:32.327Z,149.78596,149.78975
2024-01-02T00:14:33.267Z,149.78394,149.78824
2024-01-02T00:14:34.425Z,149.77795,149.78119
2024-01-02T00:14:35.370Z,149.78585,149.78909
2024-01-02T00:14:36.725Z,149.79040,149.79410
2024-01-02T00:14:37.314Z,149.78168,149.78624
2024-01-02T00:14:38.357Z,149.78097,149.78444
2024-01-02T00:14:39.028Z,149.78009,149.78342
2024-01-02T00:14:39.638Z,149.77158,149.77582
2024-01-02T00:14:40.183Z,149.76873,149.77193
2024-01-02T00:14:40.986Z,149.77085,149.77562
2024-01-02T00:14:42.176Z,149.77490,149.77905
2024-01-02T00:14:43.473Z,149.78343,149.78699
2024-01-02T00:14:44.616Z,149.77176,149.77537
2024-01-02T00:14:45.427Z,149.79271,149.79607
2024-01-02T00:14:46.821Z,149.79461,149.79886
2024-01-02T00:14:47.876Z,149.79851,149.80318
2024-01-02T00:14:49.039Z,149.79816,149.80256
2024-01-02T00:14:50.042Z,149.80885,149.81352
2024-01-02T00:14:50.758Z,149.81530,149.81931
2024-01-02T00:14:51.855Z,149.81293,149.81692
2024-01-02T00:14:53.194Z,149.79660,149.79988
2024-01-02T00:14:54.074Z,149.80560,149.80971
2024-01-02T00:14:54.844Z,149.80710,149.81165
2024-01-02T00:14:55.672Z,149.80219,149.80639
2024-01-02T00:14:56.570Z,149.81946,149.82300
2024-01-02T00:14:57.242Z,149.82716,149.83095
2024-01-02T00:14:58.185Z,149.82257,149.82703
2024-01-02T00:14:59.670Z,149.81667,149.82089
2024-01-02T00:15:00.815Z,149.81607,149.81987
2024-01-02T00:15:02.074Z,149.80894,149.81225
2024-01-02T00:15:03.235Z,149.79382,149.79839
2024-01-02T00:15:03.870Z,149.80041,149.80470
2024-01-02T00:15:04.927Z,149.80702,149.81144
2024-01-02T00:15:05.445Z,149.80548,149.80944
2024-01-02T00:15:06.147Z,149.80433,149.80900
2024-01-02T00:15:06.764Z,149.81171,149.81502
2024-01-02T00:15:07.461Z,149.81494,149.81939
2024-01-02T00:15:08.543Z,149.80206,149.80588
2024-01-02T00:15:09.538Z,149.80823,149.81215
2024-01-02T00:15:10.738Z,149.79535,149.80002
2024-01-02T00:15:12.127Z,149.79778,149.80165
2024-01-02T00:15:12.796Z,149.80142,149.80621
2024-01-02T00:15:14.292Z,149.79473,149.79945
2024-01-02T00:15:14.934Z,149.78617,149.78995
2024-01-02T00:15:15.880Z,149.79342,149.79787
2024-01-02T00:15:17.028Z,149.79634,149.80106
2024-01-02T00:15:17.624Z,149.79710,149.80185
2024-01-02T00:15:19.087Z,149.80664,149.81084
2024-01-02T00:15:19.963Z,149.80309,149.80698
2024-01-02T00:15:21.413Z,149.79866,149.80324
2024-01-02T00:15:22.845Z,149.79056,149.79500
2024-01-02T00:15:23.406Z,149.78904,149.79253
2024-01-02T00:15:24.440Z,149.77534,149.77942
2024-01-02T00:15:24.993Z,149.77066,149.77489
2024-01-02T00:15:26.345Z,149.77556,149.77983
2024-01-02T00:15:27.360Z,149.77976,149.78430
2024-01-02T00:15:28.633Z,149.78225,149.78585
2024-01-02T00:15:29.198Z,149.76849,149.77179
2024-01-02T00:15:30.589Z,149.77436,149.77872
2024-01-02T00:15:31.227Z,149.77356,149.77764
2024-01-02T00:15:32.078Z,149.77950,149.78322
2024-01-02T00:15:32.741Z,149.77621,149.77991
2024-01-02T00:15:33.962Z,149.76814,149.77148
2024-01-02T00:15:35.097Z,149.77299,149.77708
2024-01-02T00:15:35.679Z,149.77506,149.77842
2024-01-02T00:15:37.019Z,149.77544,149.77943
2024-01-02T00:15:37.706Z,149.77558,149.77921
2024-01-02T00:15:38.742Z,149.77890,149.78283
2024-01-02T00:15:39.518Z,149.76741,149.77120
2024-01-02T00:15:40.856Z,149.76510,149.76885
2024-01-02T00:15:42.190Z,149.76461,149.76893
2024-01-02T00:15:42.753Z,149.75521,149.75865
2024-01-02T00:15:43.274Z,149.76356,149.76686
2024-01-02T00:15:44.589Z,149.76832,149.77226
2024-01-02T00:15:45.838Z,149.78255,149.78589
2024-01-02T00:15:47.294Z,149.77386,149.77851
2024-01-02T00:15:47.901Z,149.77003,149.77469
2024-01-02T00:15:49.088Z,149.76430,149.76843
2024-01-02T00:15:50.211Z,149.76083,149.76406
2024-01-02T00:15:51.661Z,149.76484,149.76805
2024-01-02T00:15:53.108Z,149.76376,149.76827
2024-01-02T00:15:54.353Z,149.76685,149.77105
2024-01-02T00:15:55.290Z,149.75897,149.76363
2024-01-02T00:15:55.984Z,149.76828,149.77193
2024-01-02T00:15:56.981Z,149.75383,149.75803
2024-01-02T00:15:58.179Z,149.74649,149.74989
2024-01-02T00:15:58.822Z,149.73063,149.73492
2024-01-02T00:15:59.555Z,149.73130,149.73555
2024-01-02T00:16:00.117Z,149.73037,149.73492
2024-01-02T00:16:01.444Z,149.73942,149.74358
2024-01-02T00:16:01.951Z,149.73518,149.73854
2024-01-02T00:16:02.880Z,149.72013,149.72483
2024-01-02T00:16:04.120Z,149.70890,149.71260
2024-01-02T00:16:04.835Z,149.70520,149.70866
2024-01-02T00:16:05.539Z,149.72665,149.73021
2024-01-02T00:16:06.700Z,149.73939,149.74264
2024-01-02T00:16:07.871Z,149.74741,149.75063
2024-01-02T00:16:08.489Z,149.74996,149.75410
2024-01-02T00:16:09.245Z,149.75818,149.76276
2024-01-02T00:16:10.031Z,149.76986,149.77360
2024-01-02T00:16:10.838Z,149.77553,149.77951
2024-01-02T00:16:11.716Z,149.78025,149.78446
2024-01-02T00:16:12.307Z,149.78368,149.78823
2024-01-02T00:16:12.973Z,149.78954,149.79316
2024-01-02T00:16:14.159Z,149.79054,149.79381
2024-01-02T00:16:14.693Z,149.80251,149.80613
2024-01-02T00:16:15.246Z,149.79812,149.80236
2024-01-02T00:16:16.645Z,149.79141,149.79477
2024-01-02T00:16:18.066Z,149.79015,149.79349
2024-01-02T00:16:18.923Z,149.78932,149.79329
2024-01-02T00:16:19.524Z,149.78461,149.78872
2024-01-02T00:16:20.964Z,149.78431,149.78837
2024-01-02T00:16:22.380Z,149.79405,149.79798
2024-01-02T00:16:23.370Z,149.81150,149.81503
2024-01-02T00:16:24.478Z,149.81347,149.81815
2024-01-02T00:16:25.204Z,149.81317,149.81779
2024-01-02T00:16:25.955Z,149.80155,149.80607
2024-01-02T00:16:27.335Z,149.79596,149.80011
2024-01-02T00:16:28.031Z,149.80364,149.80755
2024-01-02T00:16:29.342Z,149.80230,149.80679
2024-01-02T00:16:30.512Z,149.78903,149.79249
2024-01-02T00:16:31.148Z,149.79107,149.79428
2024-01-02T00:16:31.790Z,149.79232,149.79616
2024-01-02T00:16:32.463Z,149.78778,149.79234
2024-01-02T00:16:33.201Z,149.78755,149.79182
2024-01-02T00:16:34.549Z,149.78829,149.79164
2024-01-02T00:16:35.534Z,149.78209,149.78677
2024-01-02T00:16:36.159Z,149.78447,149.78859
2024-01-02T00:16:37.589Z,149.78822,149.79174
2024-01-02T00:16:38.712Z,149.78006,149.78389
2024-01-02T00:16:39.244Z,149.78017,149.78421
2024-01-02T00:16:39.854Z,149.77762,149.78194
2024-01-02T00:16:40.374Z,149.76083,149.76529
2024-01-02T00:16:41.386Z,149.76732,149.77144
2024-01-02T00:16:42.375Z,149.76474,149.76893
2024-01-02T00:16:42.899Z,149.77333,149.77811
2024-01-02T00:16:44.039Z,149.77828,149.78270
2024-01-02T00:16:44.976Z,149.77427,149.77904
2024-01-02T00:16:46.300Z,149.77394,149.77817
2024-01-02T00:16:47.500Z,149.77250,149.77645
2024-01-02T00:16:48.018Z,149.76938,149.77390
2024-01-02T00:16:49.498Z,149.75540,149.75967
2024-01-02T00:16:50.794Z,149.75932,149.76336
2024-01-02T00:16:52.171Z,149.76904,149.77383
2024-01-02T00:16:52.852Z,149.76705,149.77029
2024-01-02T00:16:53.580Z,149.77489,149.77879
2024-01-02T00:16:54.634Z,149.77629,149.78043
2024-01-02T00:16:55.230Z,149.77278,149.77658
2024-01-02T00:16:56.479Z,149.77313,149.77650
2024-01-02T00:16:57.022Z,149.77530,149.77923
2024-01-02T00:16:58.224Z,149.78688,149.79020
2024-01-02T00:16:59.528Z,149.78763,149.79153
2024-01-02T00:17:00.209Z,149.80256,149.80615
2024-01-02T00:17:00.855Z,149.80705,149.81061
2024-01-02T00:17:01.418Z,149.79235,149.79621
2024-01-02T00:17:01.951Z,149.80129,149.80488
2024-01-02T00:17:02.996Z,149.79299,149.79692
2024-01-02T00:17:04.348Z,149.79550,149.79992
2024-01-02T00:17:05.473Z,149.79284,149.79604
2024-01-02T00:17:06.146Z,149.79486,149.79947
2024-01-02T00:17:07.538Z,149.79786,149.80108
2024-01-02T00:17:08.272Z,149.78642,149.79004
2024-01-02T00:17:08.934Z,149.79677,149.80073
2024-01-02T00:17:10.137Z,149.79774,149.80118
2024-01-02T00:17:11.467Z,149.80702,149.81109
2024-01-02T00:17:12.867Z,149.79456,149.79818
2024-01-02T00:17:14.206Z,149.79767,149.80229
2024-01-02T00:17:15.553Z,149.78572,149.78990
2024-01-02T00:17:16.377Z,149.78772,149.79186
2024-01-02T00:17:17.485Z,149.78634,149.79017
2024-01-02T00:17:18.146Z,149.79381,149.79845
2024-01-02T00:17:19.301Z,149.78999,149.79421
2024-01-02T00:17:20.492Z,149.78195,149.78550
2024-01-02T00:17:21.617Z,149.77257,149.77688
2024-01-02T00:17:22.296Z,149.77785,149.78232
2024-01-02T00:17:23.266Z,149.77228,149.77555
2024-01-02T00:17:23.819Z,149.77299,149.77675
2024-01-02T00:17:25.005Z,149.77606,149.78064
2024-01-02T00:17:26.468Z,149.77738,149.78142
2024-01-02T00:17:27.743Z,149.76772,149.77196
2024-01-02T00:17:28.971Z,149.77894,149.78230
2024-01-02T00:17:29.561Z,149.77111,149.77460
2024-01-02T00:17:30.192Z,149.76931,149.77291
2024-01-02T00:17:30.999Z,149.75947,149.76294
2024-01-02T00:17:31.812Z,149.76362,149.76808
2024-01-02T00:17:33.108Z,149.77149,149.77570
2024-01-02T00:17:33.623Z,149.78106,149.78451
2024-01-02T00:17:34.261Z,149.77830,149.78247
2024-01-02T00:17:35.639Z,149.77787,149.78243
2024-01-02T00:17:36.180Z,149.77583,149.77992
2024-01-02T00:17:37.539Z,149.77100,149.77458
2024-01-02T00:17:38.895Z,149.76539,149.76994
2024-01-02T00:17:39.467Z,149.76477,149.76848
2024-01-02T00:17:40.948Z,149.75921,149.76391
2024-01-02T00:17:42.141Z,149.76691,149.77158
2024-01-02T00:17:43.150Z,149.77527,149.77905
2024-01-02T00:17:44.565Z,149.78765,149.79100
2024-01-02T00:17:45.724Z,149.78675,149.79049
2024-01-02T00:17:46.313Z,149.79521,149.79990
2024-01-02T00:17:47.748Z,149.79739,149.80185
2024-01-02T00:17:48.616Z,149.80337,149.80697
2024-01-02T00:17:49.223Z,149.81298,149.81679
2024-01-02T00:17:50.505Z,149.81787,149.82191
2024-01-02T00:17:51.861Z,149.81204,149.81623
2024-01-02T00:17:52.620Z,149.80858,149.81216
2024-01-02T00:17:53.848Z,149.81108,149.81503
2024-01-02T00:17:54.824Z,149.81968,149.82418
2024-01-02T00:17:56.295Z,149.81690,149.82078
2024-01-02T00:17:57.529Z,149.81712,149.82065
2024-01-02T00:17:58.720Z,149.82798,149.83220
2024-01-02T00:17:59.931Z,149.82938,149.83276
2024-01-02T00:18:01.047Z,149.82821,149.83261
2024-01-02T00:18:02.425Z,149.84175,149.84597
2024-01-02T00:18:03.592Z,149.83777,149.84256
2024-01-02T00:18:04.929Z,149.84700,149.85171
2024-01-02T00:18:05.775Z,149.84250,149.84708
2024-01-02T00:18:06.320Z,149.84934,149.85352
2024-01-02T00:18:07.665Z,149.84488,149.84864
2024-01-02T00:18:08.407Z,149.84776,149.85144
2024-01-02T00:18:08.949Z,149.83902,149.84238
2024-01-02T00:18:09.659Z,149.84722,149.85180
2024-01-02T00:18:10.782Z,149.84124,149.84503
2024-01-02T00:18:12.004Z,149.85568,149.85986
2024-01-02T00:18:13.062Z,149.87373,149.87772
2024-01-02T00:18:14.556Z,149.87533,149.87989
2024-01-02T00:18:16.014Z,149.86228,149.86689
2024-01-02T00:18:17.418Z,149.87401,149.87821
2024-01-02T00:18:18.146Z,149.88610,149.88981
2024-01-02T00:18:18.897Z,149.90122,149.90578
2024-01-02T00:18:19.864Z,149.90235,149.90608
2024-01-02T00:18:21.305Z,149.90457,149.90817
2024-01-02T00:18:21.932Z,149.92530,149.92925
2024-01-02T00:18:22.974Z,149.92889,149.93314
2024-01-02T00:18:23.655Z,149.92276,149.92622
2024-01-02T00:18:24.715Z,149.93229,149.93706
2024-01-02T00:18:25.946Z,149.94228,149.94647
2024-01-02T00:18:27.275Z,149.94379,149.94837
2024-01-02T00:18:28.222Z,149.94639,149.95043
2024-01-02T00:18:29.406Z,149.96008,149.96444
2024-01-02T00:18:30.018Z,149.96733,149.97058
2024-01-02T00:18:31.330Z,149.97066,149.97466
2024-01-02T00:18:31.900Z,149.96900,149.97242
2024-01-02T00:18:32.515Z,149.97541,149.97918
2024-01-02T00:18:33.446Z,149.97111,149.97526
2024-01-02T00:18:34.840Z,149.96500,149.96962
2024-01-02T00:18:36.028Z,149.96276,149.96640
2024-01-02T00:18:36.698Z,149.95842,149.96205
2024-01-02T00:18:37.574Z,149.96417,149.96738
2024-01-02T00:18:38.246Z,149.95160,149.95590
2024-01-02T00:18:38.948Z,149.95267,149.95609
2024-01-02T00:18:40.134Z,149.95433,149.95767
2024-01-02T00:18:40.746Z,149.95679,149.96154
2024-01-02T00:18:41.486Z,149.96261,149.96651
2024-01-02T00:18:42.287Z,149.97761,149.98098
2024-01-02T00:18:43.459Z,149.97967,149.98343
2024-01-02T00:18:44.728Z,149.97309,149.97636
2024-01-02T00:18:45.883Z,149.98074,149.98423
2024-01-02T00:18:46.816Z,149.99193,149.99573
2024-01-02T00:18:48.159Z,150.00182,150.00549
2024-01-02T00:18:49.268Z,150.00376,150.00842
2024-01-02T00:18:50.501Z,150.00831,150.01273
2024-01-02T00:18:51.057Z,150.00514,150.00993
2024-01-02T00:18:51.560Z,149.99838,150.00246
2024-01-02T00:18:52.161Z,150.01060,150.01495
2024-01-02T00:18:52.908Z,150.01956,150.02301
2024-01-02T00:18:53.758Z,150.01331,150.01704
2024-01-02T00:18:54.587Z,150.01885,150.02274
2024-01-02T00:18:56.066Z,150.00315,150.00644
2024-01-02T00:18:57.477Z,149.99942,150.00280
2024-01-02T00:18:58.902Z,149.99454,149.99892
2024-01-02T00:18:59.565Z,149.98496,149.98906
2024-01-02T00:19:00.075Z,149.99942,150.00280
2024-01-02T00:19:01.112Z,149.99377,149.99755
2024-01-02T00:19:02.571Z,149.98896,149.99323
2024-01-02T00:19:03.822Z,149.99292,149.99720
2024-01-02T00:19:04.481Z,150.00546,150.00910
2024-01-02T00:19:05.275Z,150.00904,150.01300
2024-01-02T00:19:06.349Z,150.02123,150.02576
2024-01-02T00:19:07.502Z,150.03032,150.03428
2024-01-02T00:19:08.062Z,150.01982,150.02330
2024-01-02T00:19:09.453Z,150.02080,150.02544
2024-01-02T00:19:10.334Z,150.02555,150.02915
2024-01-02T00:19:11.657Z,150.02074,150.02447
2024-01-02T00:19:12.601Z,150.02198,150.02609
2024-01-02T00:19:13.797Z,150.02470,150.02915
2024-01-02T00:19:15.036Z,150.03267,150.03653
2024-01-02T00:19:16.264Z,150.05550,150.05952
2024-01-02T00:19:17.189Z,150.05088,150.05450
2024-01-02T00:19:17.920Z,150.06666,150.07024
2024-01-02T00:19:18.497Z,150.05864,150.06335
2024-01-02T00:19:19.277Z,150.05554,150.05923
2024-01-02T00:19:19.860Z,150.05323,150.05747
2024-01-02T00:19:20.615Z,150.05801,150.06133
2024-01-02T00:19:21.445Z,150.05604,150.06038
2024-01-02T00:19:22.469Z,150.06457,150.06819
2024-01-02T00:19:23.596Z,150.05826,150.06190
2024-01-02T00:19:24.580Z,150.05798,150.06180
2024-01-02T00:19:25.162Z,150.05206,150.05626
2024-01-02T00:19:26.577Z,150.06092,150.06542
2024-01-02T00:19:28.020Z,150.06284,150.06711
2024-01-02T00:19:29.346Z,150.06068,150.06430
2024-01-02T00:19:30.399Z,150.05372,150.05836
2024-01-02T00:19:31.109Z,150.05646,150.06080
2024-01-02T00:19:32.229Z,150.06282,150.06634
2024-01-02T00:19:33.326Z,150.07719,150.08060
2024-01-02T00:19:34.692Z,150.08575,150.08963
2024-01-02T00:19:35.862Z,150.07988,150.08316
2024-01-02T00:19:36.699Z,150.07826,150.08201
2024-01-02T00:19:37.753Z,150.07522,150.07988
2024-01-02T00:19:38.301Z,150.06805,150.07128
2024-01-02T00:19:39.367Z,150.07861,150.08285
2024-01-02T00:19:40.641Z,150.08129,150.08546
2024-01-02T00:19:41.363Z,150.08475,150.08948
2024-01-02T00:19:42.512Z,150.09398,150.09776
2024-01-02T00:19:43.297Z,150.08585,150.09044
2024-01-02T00:19:44.745Z,150.07915,150.08348
2024-01-02T00:19:45.509Z,150.08704,150.09031
2024-01-02T00:19:46.293Z,150.09033,150.09374
2024-01-02T00:19:47.025Z,150.08348,150.08806
2024-01-02T00:19:48.064Z,150.09132,150.09605
2024-01-02T00:19:48.891Z,150.09428,150.09763
2024-01-02T00:19:49.549Z,150.10332,150.10680
2024-01-02T00:19:50.080Z,150.11085,150.11529
2024-01-02T00:19:50.602Z,150.11835,150.12156
2024-01-02T00:19:51.971Z,150.11698,150.12162
2024-01-02T00:19:53.319Z,150.11133,150.11499
2024-01-02T00:19:54.721Z,150.11626,150.12101
2024-01-02T00:19:56.017Z,150.11856,150.12185
2024-01-02T00:19:57.083Z,150.12362,150.12726
2024-01-02T00:19:57.607Z,150.14157,150.14512
2024-01-02T00:19:58.904Z,150.13106,150.13465
2024-01-02T00:20:00.125Z,150.13512,150.13847
2024-01-02T00:20:01.178Z,150.13108,150.13475
2024-01-02T00:20:02.205Z,150.13756,150.14111
2024-01-02T00:20:02.981Z,150.14141,150.14610
2024-01-02T00:20:03.531Z,150.13925,150.14374
2024-01-02T00:20:04.325Z,150.12812,150.13155
2024-01-02T00:20:05.200Z,150.12688,150.13081
2024-01-02T00:20:06.381Z,150.13503,150.13978
2024-01-02T00:20:07.099Z,150.13547,150.13936
2024-01-02T00:20:08.224Z,150.13922,150.14259
2024-01-02T00:20:09.526Z,150.13189,150.13631
2024-01-02T00:20:10.540Z,150.12472,150.12896
2024-01-02T00:20:11.889Z,150.13560,150.13951
2024-01-02T00:20:12.503Z,150.13499,150.13966
2024-01-02T00:20:13.340Z,150.14118,150.14552
2024-01-02T00:20:14.446Z,150.14184,150.14522
2024-01-02T00:20:15.559Z,150.14481,150.14884
2024-01-02T00:20:16.504Z,150.15052,150.15395
2024-01-02T00:20:17.636Z,150.14569,150.14988
2024-01-02T00:20:18.824Z,150.15776,150.16246
2024-01-02T00:20:19.942Z,150.15509,150.15982
2024-01-02T00:20:20.509Z,150.15843,150.16192
2024-01-02T00:20:21.434Z,150.15507,150.15949
2024-01-02T00:20:22.342Z,150.16023,150.16357
2024-01-02T00:20:23.735Z,150.16195,150.16603
2024-01-02T00:20:24.938Z,150.15974,150.16429
2024-01-02T00:20:26.020Z,150.16052,150.16478
2024-01-02T00:20:27.340Z,150.16989,150.17343
2024-01-02T00:20:28.091Z,150.17867,150.18249
2024-01-02T00:20:29.377Z,150.17691,150.18100
2024-01-02T00:20:30.070Z,150.17610,150.18000
2024-01-02T00:20:31.348Z,150.19055,150.19528
2024-01-02T00:20:32.509Z,150.19778,150.20257
2024-01-02T00:20:33.360Z,150.19893,150.20261
2024-01-02T00:20:34.115Z,150.20808,150.21129
2024-01-02T00:20:34.803Z,150.20226,150.20630
2024-01-02T00:20:35.872Z,150.20151,150.20559
2024-01-02T00:20:36.883Z,150.19529,150.19869
2024-01-02T00:20:38.336Z,150.20319,150.20773
2024-01-02T00:20:39.383Z,150.18719,150.19188
2024-01-02T00:20:40.145Z,150.18812,150.19257
2024-01-02T00:20:41.330Z,150.18829,150.19187
2024-01-02T00:20:42.622Z,150.18143,150.18590
2024-01-02T00:20:43.990Z,150.19476,150.19937
2024-01-02T00:20:44.498Z,150.19883,150.20238
2024-01-02T00:20:45.122Z,150.19531,150.19995
2024-01-02T00:20:46.287Z,150.18082,150.18527
2024-01-02T00:20:47.164Z,150.17687,150.18146
2024-01-02T00:20:47.906Z,150.19047,150.19442
2024-01-02T00:20:48.468Z,150.17624,150.18004
2024-01-02T00:20:49.693Z,150.17348,150.17802
2024-01-02T00:20:50.998Z,150.18520,150.18965
2024-01-02T00:20:51.752Z,150.18429,150.18831
2024-01-02T00:20:53.161Z,150.18275,150.18729
2024-01-02T00:20:54.468Z,150.17238,150.17661
2024-01-02T00:20:55.001Z,150.17832,150.18214
2024-01-02T00:20:55.629Z,150.18259,150.18608
2024-01-02T00:20:56.794Z,150.18304,150.18707
2024-01-02T00:20:57.347Z,150.19210,150.19665
2024-01-02T00:20:58.498Z,150.20109,150.20572
2024-01-02T00:20:59.712Z,150.19609,150.19994
2024-01-02T00:21:00.554Z,150.19973,150.20417
2024-01-02T00:21:01.296Z,150.20284,150.20695
2024-01-02T00:21:01.901Z,150.18454,150.18882
2024-01-02T00:21:03.025Z,150.17976,150.18369
2024-01-02T00:21:04.339Z,150.18242,150.18674
2024-01-02T00:21:05.624Z,150.18700,150.19055
2024-01-02T00:21:06.588Z,150.18268,150.18723
2024-01-02T00:21:07.959Z,150.18721,150.19098
2024-01-02T00:21:08.546Z,150.18945,150.19357
2024-01-02T00:21:09.584Z,150.18522,150.18846
2024-01-02T00:21:10.824Z,150.17498,150.17851
2024-01-02T00:21:11.622Z,150.18017,150.18366
2024-01-02T00:21:13.089Z,150.17051,150.17408
2024-01-02T00:21:13.733Z,150.16282,150.16677
2024-01-02T00:21:15.104Z,150.17038,150.17371
2024-01-02T00:21:16.547Z,150.17427,150.17878
2024-01-02T00:21:17.546Z,150.16990,150.17343
2024-01-02T00:21:18.070Z,150.16784,150.17205
2024-01-02T00:21:19.462Z,150.16270,150.16635
2024-01-02T00:21:20.279Z,150.16636,150.16963
2024-01-02T00:21:21.490Z,150.17546,150.17899
2024-01-02T00:21:22.734Z,150.17518,150.17859
2024-01-02T00:21:23.386Z,150.17934,150.18282
2024-01-02T00:21:24.448Z,150.16349,150.16698
2024-01-02T00:21:25.094Z,150.16464,150.16915
2024-01-02T00:21:25.996Z,150.16966,150.17370
2024-01-02T00:21:26.550Z,150.16557,150.16920
2024-01-02T00:21:27.327Z,150.17087,150.17520
2024-01-02T00:21:28.295Z,150.17071,150.17464
2024-01-02T00:21:29.732Z,150.16942,150.17389
2024-01-02T00:21:30.549Z,150.16688,150.17104
2024-01-02T00:21:31.998Z,150.16981,150.17392
2024-01-02T00:21:33.418Z,150.17040,150.17394
2024-01-02T00:21:34.322Z,150.16761,150.17147
2024-01-02T00:21:35.100Z,150.15878,150.16332
2024-01-02T00:21:35.926Z,150.15308,150.15748
2024-01-02T00:21:36.479Z,150.15997,150.16357
2024-01-02T00:21:37.547Z,150.16029,150.16351
2024-01-02T00:21:38.739Z,150.16007,150.16405
2024-01-02T00:21:40.022Z,150.16302,150.16639
2024-01-02T00:21:41.499Z,150.16426,150.16811
2024-01-02T00:21:42.998Z,150.16545,150.16948
2024-01-02T00:21:44.300Z,150.15607,150.15967
2024-01-02T00:21:45.214Z,150.15991,150.16329
2024-01-02T00:21:45.718Z,150.16596,150.17004
2024-01-02T00:21:46.447Z,150.15920,150.16265
2024-01-02T00:21:47.178Z,150.16622,150.16976
2024-01-02T00:21:48.428Z,150.16361,150.16824
2024-01-02T00:21:49.823Z,150.15920,150.16325
2024-01-02T00:21:50.324Z,150.14218,150.14631
2024-01-02T00:21:51.590Z,150.14749,150.15219
2024-01-02T00:21:52.495Z,150.14304,150.14703
2024-01-02T00:21:53.371Z,150.15098,150.15507
2024-01-02T00:21:54.356Z,150.16420,150.16755
2024-01-02T00:21:54.966Z,150.17220,150.17613
2024-01-02T00:21:55.802Z,150.16714,150.17112
2024-01-02T00:21:56.961Z,150.16359,150.16829
2024-01-02T00:21:57.738Z,150.15987,150.16348
2024-01-02T00:21:59.018Z,150.14719,150.15120
2024-01-02T00:22:00.294Z,150.13975,150.14454
2024-01-02T00:22:00.847Z,150.14556,150.14908
2024-01-02T00:22:01.469Z,150.14368,150.14765
2024-01-02T00:22:02.705Z,150.15526,150.15909
2024-01-02T00:22:04.106Z,150.15987,150.16413
2024-01-02T00:22:05.073Z,150.16125,150.16574
2024-01-02T00:22:06.329Z,150.16699,150.17144
2024-01-02T00:22:07.421Z,150.16982,150.17410
2024-01-02T00:22:08.858Z,150.16400,150.16783
2024-01-02T00:22:09.555Z,150.16699,150.17171
2024-01-02T00:22:10.480Z,150.17535,150.17982
2024-01-02T00:22:11.025Z,150.18583,150.18963
2024-01-02T00:22:11.824Z,150.19331,150.19739
2024-01-02T00:22:13.305Z,150.18955,150.19414
2024-01-02T00:22:14.625Z,150.18870,150.19213
2024-01-02T00:22:15.716Z,150.18932,150.19334
2024-01-02T00:22:16.848Z,150.18030,150.18444
2024-01-02T00:22:17.585Z,150.18302,150.18697
2024-01-02T00:22:18.095Z,150.17259,150.17633
2024-01-02T00:22:18.828Z,150.18448,150.18898
2024-01-02T00:22:20.085Z,150.16893,150.17290
2024-01-02T00:22:21.074Z,150.17481,150.17878
2024-01-02T00:22:21.839Z,150.18131,150.18601
2024-01-02T00:22:22.630Z,150.17438,150.17799
2024-01-02T00:22:23.892Z,150.15908,150.16366
2024-01-02T00:22:25.211Z,150.16985,150.17320
2024-01-02T00:22:26.087Z,150.16268,150.16692
2024-01-02T00:22:26.755Z,150.16648,150.17027
2024-01-02T00:22:27.926Z,150.16761,150.17199
2024-01-02T00:22:28.851Z,150.16952,150.17303
2024-01-02T00:22:29.512Z,150.16449,150.16887
2024-01-02T00:22:30.059Z,150.16319,150.16670
2024-01-02T00:22:30.561Z,150.16827,150.17219
2024-01-02T00:22:31.386Z,150.17489,150.17852
2024-01-02T00:22:32.742Z,150.18554,150.18892
2024-01-02T00:22:34.039Z,150.18116,150.18495
2024-01-02T00:22:35.533Z,150.18380,150.18852
2024-01-02T00:22:36.622Z,150.17964,150.18327
2024-01-02T00:22:38.003Z,150.18283,150.18612
2024-01-02T00:22:39.444Z,150.17702,150.18112
2024-01-02T00:22:40.943Z,150.17979,150.18376
2024-01-02T00:22:42.375Z,150.17905,150.18266
2024-01-02T00:22:43.429Z,150.17422,150.17889
2024-01-02T00:22:43.999Z,150.17087,150.17540
2024-01-02T00:22:45.033Z,150.17329,150.17657
2024-01-02T00:22:45.836Z,150.16830,150.17213
2024-01-02T00:22:46.778Z,150.16783,150.17246
2024-01-02T00:22:48.049Z,150.16335,150.16749
2024-01-02T00:22:49.460Z,150.17394,150.17819
2024-01-02T00:22:50.445Z,150.16897,150.17235
2024-01-02T00:22:51.400Z,150.17264,150.17660
2024-01-02T00:22:52.194Z,150.18063,150.18514
2024-01-02T00:22:53.234Z,150.17982,150.18323
2024-01-02T00:22:54.281Z,150.17692,150.18058
2024-01-02T00:22:55.564Z,150.18171,150.18606
2024-01-02T00:22:56.846Z,150.16932,150.17265
2024-01-02T00:22:58.324Z,150.15796,150.16227
2024-01-02T00:22:59.576Z,150.15552,150.15979
2024-01-02T00:23:00.669Z,150.15089,150.15427
2024-01-02T00:23:01.576Z,150.14622,150.14974
2024-01-02T00:23:02.396Z,150.15102,150.15571
2024-01-02T00:23:02.998Z,150.13891,150.14305
2024-01-02T00:23:04.229Z,150.14431,150.14799
2024-01-02T00:23:05.350Z,150.14164,150.14622
2024-01-02T00:23:06.315Z,150.13669,150.14080
2024-01-02T00:23:06.960Z,150.13113,150.13567
2024-01-02T00:23:07.782Z,150.13028,150.13408
2024-01-02T00:23:08.355Z,150.12790,150.13219
2024-01-02T00:23:09.362Z,150.12073,150.12510
2024-01-02T00:23:10.588Z,150.11715,150.12107
2024-01-02T00:23:11.452Z,150.10489,150.10864
2024-01-02T00:23:12.779Z,150.10569,150.10935
2024-01-02T00:23:14.254Z,150.09884,150.10285
2024-01-02T00:23:15.106Z,150.10308,150.10672
2024-01-02T00:23:15.704Z,150.10236,150.10558
2024-01-02T00:23:16.921Z,150.11313,150.11767
2024-01-02T00:23:17.434Z,150.10082,150.10489
2024-01-02T00:23:18.524Z,150.09811,150.10265
2024-01-02T00:23:19.183Z,150.10410,150.10873
2024-01-02T00:23:20.291Z,150.09147,150.09545
2024-01-02T00:23:20.914Z,150.08940,150.09346
2024-01-02T00:23:21.758Z,150.07562,150.07905
2024-01-02T00:23:23.163Z,150.07514,150.07840
2024-01-02T00:23:23.769Z,150.08862,150.09321
2024-01-02T00:23:24.385Z,150.08979,150.09377
2024-01-02T00:23:25.033Z,150.09888,150.10244
2024-01-02T00:23:25.877Z,150.09992,150.10378
2024-01-02T00:23:27.284Z,150.10589,150.11056
2024-01-02T00:23:27.793Z,150.10284,150.10725
2024-01-02T00:23:29.058Z,150.09713,150.10149
2024-01-02T00:23:30.099Z,150.10106,150.10534
2024-01-02T00:23:31.405Z,150.09924,150.10353
2024-01-02T00:23:32.077Z,150.10683,150.11136
2024-01-02T00:23:32.868Z,150.10732,150.11102
2024-01-02T00:23:34.096Z,150.10417,150.10815
2024-01-02T00:23:34.756Z,150.11356,150.11824
2024-01-02T00:23:35.329Z,150.11213,150.11626
2024-01-02T00:23:36.749Z,150.10663,150.11041
2024-01-02T00:23:37.980Z,150.10151,150.10588
2024-01-02T00:23:39.017Z,150.10308,150.10707
2024-01-02T00:23:39.750Z,150.10303,150.10716
2024-01-02T00:23:40.943Z,150.09587,150.10015
2024-01-02T00:23:42.261Z,150.09445,150.09790
2024-01-02T00:23:43.405Z,150.09619,150.09996
2024-01-02T00:23:44.554Z,150.09141,150.09479
2024-01-02T00:23:45.953Z,150.09394,150.09723
2024-01-02T00:23:46.552Z,150.09330,150.09681
2024-01-02T00:23:47.204Z,150.07944,150.08286
2024-01-02T00:23:48.194Z,150.07451,150.07930
2024-01-02T00:23:48.846Z,150.08289,150.08637
2024-01-02T00:23:49.677Z,150.07511,150.07946
2024-01-02T00:23:50.913Z,150.06993,150.07368
2024-01-02T00:23:51.634Z,150.06864,150.07335
2024-01-02T00:23:52.413Z,150.06914,150.07260
2024-01-02T00:23:53.516Z,150.07633,150.08095
2024-01-02T00:23:54.398Z,150.08435,150.08882
2024-01-02T00:23:55.693Z,150.08214,150.08609
2024-01-02T00:23:56.283Z,150.08367,150.08815
2024-01-02T00:23:56.949Z,150.08439,150.08763
2024-01-02T00:23:58.288Z,150.08358,150.08811
2024-01-02T00:23:59.481Z,150.08101,150.08547
2024-01-02T00:24:00.458Z,150.07665,150.08049
2024-01-02T00:24:01.170Z,150.06970,150.07392
2024-01-02T00:24:02.464Z,150.06695,150.07059
2024-01-02T00:24:03.098Z,150.06309,150.06731
2024-01-02T00:24:04.586Z,150.06539,150.06998
2024-01-02T00:24:05.842Z,150.05015,150.05404
2024-01-02T00:24:06.401Z,150.04305,150.04710
2024-01-02T00:24:07.331Z,150.05245,150.05653
2024-01-02T00:24:08.613Z,150.04813,150.05137
2024-01-02T00:24:09.224Z,150.04862,150.05250
2024-01-02T00:24:10.211Z,150.04305,150.04721
2024-01-02T00:24:11.359Z,150.05274,150.05692
2024-01-02T00:24:11.878Z,150.05021,150.05379
2024-01-02T00:24:13.232Z,150.04600,150.05002
2024-01-02T00:24:14.036Z,150.05370,150.05696
2024-01-02T00:24:15.453Z,150.05004,150.05352
2024-01-02T00:24:16.441Z,150.04019,150.04490
2024-01-02T00:24:17.295Z,150.05220,150.05564
2024-01-02T00:24:18.336Z,150.06186,150.06544
2024-01-02T00:24:18.864Z,150.07482,150.07953
2024-01-02T00:24:19.486Z,150.08026,150.08497
2024-01-02T00:24:20.567Z,150.07806,150.08135
2024-01-02T00:24:21.535Z,150.06160,150.06604
2024-01-02T00:24:22.842Z,150.05536,150.05953
2024-01-02T00:24:23.786Z,150.06294,150.06625
2024-01-02T00:24:25.089Z,150.05493,150.05952
2024-01-02T00:24:25.919Z,150.05210,150.05680
2024-01-02T00:24:26.671Z,150.04644,150.05058
2024-01-02T00:24:27.613Z,150.04981,150.05325
2024-01-02T00:24:29.034Z,150.04959,150.05327
2024-01-02T00:24:30.133Z,150.04559,150.04906
2024-01-02T00:24:31.495Z,150.05722,150.06119
2024-01-02T00:24:32.936Z,150.05735,150.06067
2024-01-02T00:24:33.459Z,150.06987,150.07420
2024-01-02T00:24:34.269Z,150.07401,150.07726
2024-01-02T00:24:35.232Z,150.07745,150.08125
2024-01-02T00:24:35.778Z,150.08182,150.08606
2024-01-02T00:24:36.336Z,150.07464,150.07926
2024-01-02T00:24:37.682Z,150.08780,150.09241
2024-01-02T00:24:38.966Z,150.08400,150.08809
2024-01-02T00:24:40.219Z,150.10113,150.10437
2024-01-02T00:24:41.468Z,150.10251,150.10603
2024-01-02T00:24:42.299Z,150.09943,150.10296
2024-01-02T00:24:42.919Z,150.10487,150.10931
2024-01-02T00:24:43.839Z,150.10144,150.10618
2024-01-02T00:24:44.574Z,150.09959,150.10336
2024-01-02T00:24:45.344Z,150.09739,150.10065
2024-01-02T00:24:45.933Z,150.09040,150.09500
2024-01-02T00:24:46.741Z,150.08393,150.08804
2024-01-02T00:24:48.032Z,150.08075,150.08436
2024-01-02T00:24:49.262Z,150.07904,150.08314
2024-01-02T00:24:50.747Z,150.07631,150.08021
2024-01-02T00:24:51.345Z,150.07785,150.08137
2024-01-02T00:24:52.441Z,150.07113,150.07546
2024-01-02T00:24:53.931Z,150.06911,150.07308
2024-01-02T00:24:54.980Z,150.06108,150.06447
2024-01-02T00:24:56.284Z,150.06297,150.06745
2024-01-02T00:24:57.024Z,150.05514,150.05955
2024-01-02T00:24:57.549Z,150.05640,150.06022
2024-01-02T00:24:58.306Z,150.06073,150.06477
2024-01-02T00:24:59.366Z,150.06812,150.07195
2024-01-02T00:25:00.797Z,150.07060,150.07468
2024-01-02T00:25:02.049Z,150.07043,150.07432
2024-01-02T00:25:02.860Z,150.06333,150.06696
2024-01-02T00:25:03.546Z,150.06186,150.06618
2024-01-02T00:25:04.227Z,150.05949,150.06426
2024-01-02T00:25:04.986Z,150.05237,150.05636
2024-01-02T00:25:06.388Z,150.04995,150.05322
2024-01-02T00:25:07.460Z,150.04410,150.04839
2024-01-02T00:25:08.865Z,150.04021,150.04379
2024-01-02T00:25:09.460Z,150.03925,150.04258
2024-01-02T00:25:09.981Z,150.03867,150.04201
2024-01-02T00:25:11.091Z,150.04619,150.04955
2024-01-02T00:25:11.922Z,150.02393,150.02803
2024-01-02T00:25:12.703Z,150.02198,150.02526
2024-01-02T00:25:13.332Z,150.02187,150.02525
2024-01-02T00:25:14.827Z,150.01812,150.02200
2024-01-02T00:25:15.605Z,150.00882,150.01259
2024-01-02T00:25:16.640Z,149.99987,150.00392
2024-01-02T00:25:17.651Z,150.00114,150.00466
2024-01-02T00:25:18.267Z,149.99527,149.99945
2024-01-02T00:25:19.441Z,150.02000,150.02438
2024-01-02T00:25:20.233Z,150.01575,150.01954
2024-01-02T00:25:21.574Z,150.01651,150.02029
2024-01-02T00:25:22.267Z,150.00713,150.01168
2024-01-02T00:25:23.719Z,150.00113,150.00585
2024-01-02T00:25:24.822Z,150.01014,150.01484
2024-01-02T00:25:25.343Z,150.00096,150.00492
2024-01-02T00:25:26.381Z,149.99077,149.99407
2024-01-02T00:25:27.326Z,149.99303,149.99630
2024-01-02T00:25:28.135Z,149.99343,149.99709
2024-01-02T00:25:29.334Z,149.99610,150.00015
2024-01-02T00:25:29.995Z,149.99408,149.99849
2024-01-02T00:25:31.300Z,149.98448,149.98834
2024-01-02T00:25:32.682Z,149.98878,149.99258
2024-01-02T00:25:33.924Z,149.98570,149.98932
2024-01-02T00:25:35.095Z,149.98410,149.98787
2024-01-02T00:25:36.393Z,149.96948,149.97332
2024-01-02T00:25:36.918Z,149.95733,149.96073
2024-01-02T00:25:37.959Z,149.94774,149.95197
2024-01-02T00:25:38.965Z,149.94267,149.94661
2024-01-02T00:25:40.366Z,149.94324,149.94774
2024-01-02T00:25:41.859Z,149.93932,149.94302
2024-01-02T00:25:42.840Z,149.93319,149.93679
2024-01-02T00:25:43.777Z,149.93466,149.93907
2024-01-02T00:25:45.163Z,149.93947,149.94391
2024-01-02T00:25:46.041Z,149.92917,149.93352
2024-01-02T00:25:46.647Z,149.92105,149.92557
2024-01-02T00:25:47.155Z,149.91172,149.91568
2024-01-02T00:25:47.724Z,149.90372,149.90772
2024-01-02T00:25:48.616Z,149.90666,149.91094
2024-01-02T00:25:49.208Z,149.91209,149.91612
2024-01-02T00:25:50.044Z,149.90288,149.90623
2024-01-02T00:25:51.265Z,149.90221,149.90677
2024-01-02T00:25:52.426Z,149.89749,149.90120
2024-01-02T00:25:53.337Z,149.88800,149.89241
2024-01-02T00:25:54.132Z,149.89461,149.89803
2024-01-02T00:25:55.413Z,149.89408,149.89888
2024-01-02T00:25:56.805Z,149.88860,149.89301
2024-01-02T00:25:58.151Z,149.88882,149.89260
2024-01-02T00:25:58.889Z,149.87072,149.87518
2024-01-02T00:25:59.611Z,149.86529,149.86907
2024-01-02T00:26:01.021Z,149.87860,149.88227
2024-01-02T00:26:01.693Z,149.87422,149.87836
2024-01-02T00:26:02.428Z,149.87018,149.87419
2024-01-02T00:26:03.810Z,149.85557,149.85982
2024-01-02T00:26:05.088Z,149.87026,149.87464
2024-01-02T00:26:06.263Z,149.87428,149.87813
2024-01-02T00:26:06.785Z,149.86613,149.86933
2024-01-02T00:26:07.672Z,149.86822,149.87174
2024-01-02T00:26:08.876Z,149.86996,149.87410
2024-01-02T00:26:09.586Z,149.86204,149.86681
2024-01-02T00:26:10.279Z,149.85814,149.86222
2024-01-02T00:26:11.620Z,149.85901,149.86361
2024-01-02T00:26:12.894Z,149.85185,149.85574
2024-01-02T00:26:14.037Z,149.83956,149.84415
2024-01-02T00:26:15.377Z,149.84147,149.84569
2024-01-02T00:26:16.487Z,149.84408,149.84753
2024-01-02T00:26:17.088Z,149.84075,149.84401
2024-01-02T00:26:17.893Z,149.84019,149.84469
2024-01-02T00:26:18.405Z,149.84514,149.84922
2024-01-02T00:26:19.091Z,149.84976,149.85325
2024-01-02T00:26:20.543Z,149.82502,149.82845
2024-01-02T00:26:21.657Z,149.82297,149.82665
2024-01-02T00:26:22.518Z,149.82069,149.82399
2024-01-02T00:26:23.911Z,149.81304,149.81677
2024-01-02T00:26:25.376Z,149.80910,149.81272
2024-01-02T00:26:26.427Z,149.80283,149.80759
2024-01-02T00:26:26.958Z,149.79420,149.79870
2024-01-02T00:26:28.234Z,149.78602,149.79029
2024-01-02T00:26:29.259Z,149.79505,149.79857
2024-01-02T00:26:29.950Z,149.79358,149.79811
2024-01-02T00:26:31.391Z,149.79302,149.79632
2024-01-02T00:26:32.279Z,149.78943,149.79344
2024-01-02T00:26:33.566Z,149.78964,149.79375
2024-01-02T00:26:34.803Z,149.78677,149.79029
2024-01-02T00:26:35.744Z,149.78278,149.78751
2024-01-02T00:26:36.469Z,149.78492,149.78837
2024-01-02T00:26:37.341Z,149.78699,149.79045
2024-01-02T00:26:38.776Z,149.79060,149.79402
2024-01-02T00:26:40.249Z,149.79051,149.79513
2024-01-02T00:26:41.059Z,149.79045,149.79437
2024-01-02T00:26:42.492Z,149.78880,149.79292
2024-01-02T00:26:43.830Z,149.78716,149.79193
2024-01-02T00:26:45.011Z,149.77863,149.78242
2024-01-02T00:26:45.925Z,149.78119,149.78493
2024-01-02T00:26:46.725Z,149.77262,149.77724
2024-01-02T00:26:48.097Z,149.78152,149.78563
2024-01-02T00:26:48.693Z,149.78491,149.78939
2024-01-02T00:26:49.416Z,149.79433,149.79912
2024-01-02T00:26:49.965Z,149.78653,149.79101
2024-01-02T00:26:51.042Z,149.79050,149.79463
2024-01-02T00:26:51.643Z,149.78835,149.79308
2024-01-02T00:26:52.868Z,149.78602,149.79035
2024-01-02T00:26:53.886Z,149.77661,149.78014
2024-01-02T00:26:54.697Z,149.76913,149.77284
2024-01-02T00:26:55.711Z,149.77537,149.77893
2024-01-02T00:26:57.201Z,149.78544,149.78898
2024-01-02T00:26:58.442Z,149.78833,149.79223
2024-01-02T00:26:59.578Z,149.78262,149.78641
2024-01-02T00:27:00.515Z,149.78571,149.78965
2024-01-02T00:27:01.860Z,149.78164,149.78610
2024-01-02T00:27:02.663Z,149.77756,149.78170
2024-01-02T00:27:03.989Z,149.77203,149.77658
2024-01-02T00:27:05.263Z,149.76781,149.77160
2024-01-02T00:27:06.276Z,149.76462,149.76890
2024-01-02T00:27:07.562Z,149.76395,149.76771
2024-01-02T00:27:08.100Z,149.76384,149.76765
2024-01-02T00:27:09.103Z,149.76035,149.76373
2024-01-02T00:27:09.892Z,149.75977,149.76457
2024-01-02T00:27:10.652Z,149.76368,149.76752
2024-01-02T00:27:12.120Z,149.75025,149.75499
2024-01-02T00:27:13.311Z,149.75946,149.76379
2024-01-02T00:27:14.686Z,149.76724,149.77093
2024-01-02T00:27:15.533Z,149.75912,149.76300
2024-01-02T00:27:16.177Z,149.75554,149.76017
2024-01-02T00:27:17.253Z,149.74867,149.75244
2024-01-02T00:27:18.655Z,149.74264,149.74653
2024-01-02T00:27:19.223Z,149.73785,149.74210
2024-01-02T00:27:19.950Z,149.73784,149.74205
2024-01-02T00:27:20.807Z,149.73077,149.73487
2024-01-02T00:27:22.267Z,149.71818,149.72237
2024-01-02T00:27:23.421Z,149.72904,149.73288
2024-01-02T00:27:24.202Z,149.72332,149.72707
2024-01-02T00:27:25.589Z,149.70288,149.70621
2024-01-02T00:27:26.693Z,149.70052,149.70381
2024-01-02T00:27:27.446Z,149.70444,149.70784
2024-01-02T00:27:27.980Z,149.69608,149.70029
2024-01-02T00:27:29.205Z,149.68594,149.69026
2024-01-02T00:27:30.164Z,149.69403,149.69804
2024-01-02T00:27:31.419Z,149.68687,149.69062
2024-01-02T00:27:32.407Z,149.68410,149.68863
2024-01-02T00:27:33.899Z,149.68458,149.68909
2024-01-02T00:27:35.055Z,149.66762,149.67163
2024-01-02T00:27:36.272Z,149.67398,149.67770
2024-01-02T00:27:37.617Z,149.67008,149.67350
2024-01-02T00:27:38.370Z,149.67402,149.67740
2024-01-02T00:27:39.637Z,149.67668,149.68051
2024-01-02T00:27:40.585Z,149.66194,149.66615
2024-01-02T00:27:41.095Z,149.65110,149.65564
2024-01-02T00:27:42.115Z,149.65643,149.66094
2024-01-02T00:27:42.932Z,149.65786,149.66130
2024-01-02T00:27:44.215Z,149.65566,149.65940
2024-01-02T00:27:45.188Z,149.65513,149.65939
2024-01-02T00:27:45.871Z,149.65645,149.66037
2024-01-02T00:27:47.065Z,149.65700,149.66070
2024-01-02T00:27:47.905Z,149.66361,149.66725
2024-01-02T00:27:48.837Z,149.66229,149.66699
2024-01-02T00:27:49.679Z,149.65757,149.66218
2024-01-02T00:27:51.114Z,149.65811,149.66184
2024-01-02T00:27:51.798Z,149.65573,149.65895
2024-01-02T00:27:53.155Z,149.65825,149.66159
2024-01-02T00:27:54.104Z,149.65463,149.65926
2024-01-02T00:27:54.798Z,149.64803,149.65243
2024-01-02T00:27:55.988Z,149.65397,149.65860
2024-01-02T00:27:56.864Z,149.65678,149.66036
2024-01-02T00:27:57.659Z,149.65590,149.65968
2024-01-02T00:27:58.592Z,149.65822,149.66198
2024-01-02T00:28:00.021Z,149.66778,149.67169
2024-01-02T00:28:01.240Z,149.66405,149.66865
2024-01-02T00:28:01.908Z,149.66085,149.66526
2024-01-02T00:28:02.573Z,149.66670,149.67093
2024-01-02T00:28:03.685Z,149.65951,149.66378
2024-01-02T00:28:04.386Z,149.65521,149.65977
2024-01-02T00:28:05.863Z,149.66270,149.66696
2024-01-02T00:28:06.729Z,149.67177,149.67648
2024-01-02T00:28:08.085Z,149.68974,149.69436
2024-01-02T00:28:09.406Z,149.70109,149.70540
2024-01-02T00:28:10.364Z,149.69371,149.69773
2024-01-02T00:28:11.385Z,149.70070,149.70428
2024-01-02T00:28:12.874Z,149.70610,149.71066
2024-01-02T00:28:13.478Z,149.71835,149.72172
2024-01-02T00:28:14.559Z,149.71187,149.71541
2024-01-02T00:28:15.627Z,149.70897,149.71260
2024-01-02T00:28:17.116Z,149.71574,149.72039
2024-01-02T00:28:18.174Z,149.71717,149.72078
2024-01-02T00:28:19.099Z,149.70124,149.70563
2024-01-02T00:28:19.868Z,149.69150,149.69487
2024-01-02T00:28:20.401Z,149.69965,149.70437
2024-01-02T00:28:21.440Z,149.69751,149.70205
2024-01-02T00:28:22.473Z,149.70005,149.70364
2024-01-02T00:28:23.873Z,149.68389,149.68815
2024-01-02T00:28:25.228Z,149.69467,149.69857
2024-01-02T00:28:26.072Z,149.69363,149.69698
2024-01-02T00:28:27.552Z,149.69719,149.70191
2024-01-02T00:28:28.291Z,149.69163,149.69572
2024-01-02T00:28:29.220Z,149.69100,149.69504
2024-01-02T00:28:30.200Z,149.68583,149.69047
2024-01-02T00:28:31.444Z,149.68729,149.69103
2024-01-02T00:28:32.474Z,149.68679,149.69053
2024-01-02T00:28:33.743Z,149.69118,149.69539
2024-01-02T00:28:35.175Z,149.68627,149.68972
2024-01-02T00:28:36.078Z,149.68367,149.68833
2024-01-02T00:28:37.318Z,149.68220,149.68638
2024-01-02T00:28:38.651Z,149.66652,149.67008
2024-01-02T00:28:39.407Z,149.65914,149.66252
2024-01-02T00:28:40.041Z,149.65539,149.65875
2024-01-02T00:28:40.992Z,149.64614,149.65024
2024-01-02T00:28:42.187Z,149.64629,149.65104
2024-01-02T00:28:43.144Z,149.63826,149.64287
2024-01-02T00:28:44.166Z,149.63407,149.63813
2024-01-02T00:28:45.020Z,149.62417,149.62775
2024-01-02T00:28:45.957Z,149.61982,149.62345
2024-01-02T00:28:46.705Z,149.61668,149.62029
2024-01-02T00:28:47.801Z,149.62159,149.62484
2024-01-02T00:28:49.190Z,149.61326,149.61802
2024-01-02T00:28:50.350Z,149.61420,149.61789
2024-01-02T00:28:51.502Z,149.61093,149.61456
2024-01-02T00:28:52.904Z,149.59575,149.59961
2024-01-02T00:28:53.524Z,149.59602,149.60073
2024-01-02T00:28:55.001Z,149.59126,149.59526
2024-01-02T00:28:56.351Z,149.59978,149.60410
2024-01-02T00:28:57.795Z,149.59796,149.60123
2024-01-02T00:28:58.660Z,149.60033,149.60473
2024-01-02T00:28:59.872Z,149.59528,149.59966
2024-01-02T00:29:01.031Z,149.58144,149.58489
2024-01-02T00:29:02.276Z,149.56755,149.57103
2024-01-02T00:29:03.598Z,149.56687,149.57143
2024-01-02T00:29:04.440Z,149.53962,149.54428
2024-01-02T00:29:05.109Z,149.54058,149.54378
2024-01-02T00:29:06.599Z,149.53580,149.53914
2024-01-02T00:29:08.085Z,149.53544,149.53883
2024-01-02T00:29:08.749Z,149.53532,149.53895
2024-01-02T00:29:09.739Z,149.55486,149.55854
2024-01-02T00:29:10.823Z,149.55168,149.55490
2024-01-02T00:29:12.283Z,149.54702,149.55045
2024-01-02T00:29:13.071Z,149.55254,149.55627
2024-01-02T00:29:14.359Z,149.55296,149.55700
2024-01-02T00:29:15.122Z,149.56184,149.56535
2024-01-02T00:29:16.003Z,149.55791,149.56266
2024-01-02T00:29:17.230Z,149.56518,149.56850
2024-01-02T00:29:18.171Z,149.56948,149.57375
2024-01-02T00:29:19.523Z,149.58970,149.59310
2024-01-02T00:29:20.743Z,149.58759,149.59135
2024-01-02T00:29:22.095Z,149.58655,149.59013
2024-01-02T00:29:23.082Z,149.58047,149.58457
2024-01-02T00:29:23.949Z,149.57765,149.58232
2024-01-02T00:29:25.413Z,149.59018,149.59353
2024-01-02T00:29:26.072Z,149.58236,149.58562
2024-01-02T00:29:27.124Z,149.58976,149.59378
2024-01-02T00:29:27.842Z,149.59275,149.59687
2024-01-02T00:29:28.535Z,149.60321,149.60773
2024-01-02T00:29:29.076Z,149.61907,149.62289
2024-01-02T00:29:30.278Z,149.62247,149.62589
2024-01-02T00:29:31.263Z,149.62894,149.63288
2024-01-02T00:29:31.958Z,149.62687,149.63107
2024-01-02T00:29:32.902Z,149.62421,149.62782
2024-01-02T00:29:34.180Z,149.61273,149.61648
2024-01-02T00:29:35.582Z,149.61083,149.61467
2024-01-02T00:29:36.527Z,149.60947,149.61297
2024-01-02T00:29:37.131Z,149.60228,149.60688
2024-01-02T00:29:37.651Z,149.59339,149.59672
2024-01-02T00:29:38.943Z,149.60507,149.60947
2024-01-02T00:29:40.024Z,149.59837,149.60221
2024-01-02T00:29:41.114Z,149.59796,149.60235
2024-01-02T00:29:42.587Z,149.59650,149.60062
2024-01-02T00:29:43.806Z,149.59579,149.59939
2024-01-02T00:29:44.431Z,149.59440,149.59851
2024-01-02T00:29:45.285Z,149.60130,149.60578
2024-01-02T00:29:46.279Z,149.60287,149.60653
2024-01-02T00:29:46.918Z,149.58947,149.59358
2024-01-02T00:29:48.035Z,149.59522,149.59967
2024-01-02T00:29:48.661Z,149.58376,149.58705
2024-01-02T00:29:49.714Z,149.58853,149.59259
2024-01-02T00:29:50.436Z,149.58810,149.59193
2024-01-02T00:29:51.725Z,149.57989,149.58371
2024-01-02T00:29:52.244Z,149.58128,149.58535
2024-01-02T00:29:53.642Z,149.56319,149.56784
2024-01-02T00:29:54.474Z,149.55547,149.55917
2024-01-02T00:29:55.024Z,149.54714,149.55134
2024-01-02T00:29:55.760Z,149.53456,149.53854
2024-01-02T00:29:57.219Z,149.52913,149.53351
2024-01-02T00:29:58.238Z,149.52569,149.53031
2024-01-02T00:29:58.824Z,149.53427,149.53897
2024-01-02T00:29:59.444Z,149.53297,149.53735
2024-01-02T00:30:00.892Z,149.52170,149.52537
2024-01-02T00:30:01.690Z,149.50860,149.51187
2024-01-02T00:30:02.651Z,149.50570,149.50996
2024-01-02T00:30:03.166Z,149.50940,149.51344
2024-01-02T00:30:04.202Z,149.50284,149.50619
2024-01-02T00:30:05.133Z,149.51193,149.51646
2024-01-02T00:30:06.521Z,149.50405,149.50765
2024-01-02T00:30:07.797Z,149.50032,149.50492
2024-01-02T00:30:08.397Z,149.49955,149.50277
2024-01-02T00:30:09.484Z,149.49987,149.50341
2024-01-02T00:30:10.471Z,149.49517,149.49987
2024-01-02T00:30:11.816Z,149.50371,149.50776
2024-01-02T00:30:12.380Z,149.50616,149.50983
2024-01-02T00:30:13.165Z,149.50289,149.50761
2024-01-02T00:30:13.741Z,149.49665,149.50056
2024-01-02T00:30:15.001Z,149.48673,149.49113
2024-01-02T00:30:16.246Z,149.47649,149.48039
2024-01-02T00:30:17.704Z,149.47234,149.47605
2024-01-02T00:30:18.461Z,149.46495,149.46953
2024-01-02T00:30:19.418Z,149.46077,149.46408
2024-01-02T00:30:19.993Z,149.46008,149.46427
2024-01-02T00:30:20.964Z,149.45524,149.45989
2024-01-02T00:30:21.533Z,149.44524,149.44876
2024-01-02T00:30:22.809Z,149.43769,149.44240
2024-01-02T00:30:23.814Z,149.43683,149.44118
2024-01-02T00:30:24.595Z,149.43352,149.43817
2024-01-02T00:30:25.737Z,149.43759,149.44085
2024-01-02T00:30:26.998Z,149.42279,149.42713
2024-01-02T00:30:28.201Z,149.41644,149.42087
2024-01-02T00:30:29.499Z,149.42916,149.43310
2024-01-02T00:30:30.245Z,149.44288,149.44764
2024-01-02T00:30:31.281Z,149.45611,149.45944
2024-01-02T00:30:32.134Z,149.45615,149.46003
2024-01-02T00:30:33.607Z,149.44871,149.45239
2024-01-02T00:30:34.455Z,149.43122,149.43590
2024-01-02T00:30:35.173Z,149.42777,149.43116
2024-01-02T00:30:36.464Z,149.41960,149.42297
2024-01-02T00:30:37.593Z,149.41618,149.41997
2024-01-02T00:30:38.362Z,149.41935,149.42393
2024-01-02T00:30:39.298Z,149.43009,149.43376
2024-01-02T00:30:40.262Z,149.44065,149.44457
2024-01-02T00:30:41.730Z,149.44705,149.45178
2024-01-02T00:30:42.270Z,149.45763,149.46180
2024-01-02T00:30:43.354Z,149.47010,149.47336
2024-01-02T00:30:44.312Z,149.46510,149.46845
2024-01-02T00:30:44.847Z,149.47309,149.47761
2024-01-02T00:30:45.863Z,149.46473,149.46820
2024-01-02T00:30:46.821Z,149.46049,149.46391
2024-01-02T00:30:48.253Z,149.46193,149.46576
2024-01-02T00:30:49.513Z,149.46321,149.46721
2024-01-02T00:30:50.481Z,149.46323,149.46705
2024-01-02T00:30:51.896Z,149.46610,149.46964
2024-01-02T00:30:52.449Z,149.47069,149.47450
2024-01-02T00:30:53.011Z,149.46826,149.47203
2024-01-02T00:30:53.749Z,149.46265,149.46651
2024-01-02T00:30:54.581Z,149.46062,149.46414
2024-01-02T00:30:55.421Z,149.46109,149.46495
2024-01-02T00:30:55.950Z,149.47534,149.47992
2024-01-02T00:30:57.439Z,149.47924,149.48403
2024-01-02T00:30:58.866Z,149.48324,149.48794
2024-01-02T00:30:59.529Z,149.48177,149.48537
2024-01-02T00:31:00.572Z,149.47392,149.47857
2024-01-02T00:31:01.427Z,149.45792,149.46259
2024-01-02T00:31:02.493Z,149.45746,149.46082
2024-01-02T00:31:03.980Z,149.45000,149.45474
2024-01-02T00:31:04.650Z,149.45569,149.45999
2024-01-02T00:31:05.176Z,149.45759,149.46085
2024-01-02T00:31:06.582Z,149.45470,149.45916
2024-01-02T00:31:07.670Z,149.45990,149.46448
2024-01-02T00:31:08.313Z,149.45492,149.45886
2024-01-02T00:31:08.930Z,149.45377,149.45701
2024-01-02T00:31:10.291Z,149.44650,149.45075
2024-01-02T00:31:11.675Z,149.44048,149.44463
2024-01-02T00:31:12.221Z,149.43744,149.44216
2024-01-02T00:31:13.645Z,149.44092,149.44461
2024-01-02T00:31:14.640Z,149.43696,149.44087
2024-01-02T00:31:15.659Z,149.44105,149.44514
2024-01-02T00:31:16.929Z,149.45000,149.45361
2024-01-02T00:31:17.585Z,149.44560,149.44910
2024-01-02T00:31:18.469Z,149.45057,149.45463
2024-01-02T00:31:19.601Z,149.45428,149.45854
2024-01-02T00:31:20.635Z,149.44627,149.45089
2024-01-02T00:31:21.517Z,149.45348,149.45688
2024-01-02T00:31:22.113Z,149.43964,149.44430
2024-01-02T00:31:22.663Z,149.44146,149.44477
2024-01-02T00:31:23.689Z,149.44176,149.44577
2024-01-02T00:31:24.800Z,149.45047,149.45440
2024-01-02T00:31:25.898Z,149.45555,149.45972
2024-01-02T00:31:27.132Z,149.46683,149.47103
2024-01-02T00:31:28.458Z,149.46811,149.47146
2024-01-02T00:31:29.576Z,149.47015,149.47461
2024-01-02T00:31:30.638Z,149.47785,149.48252
2024-01-02T00:31:31.407Z,149.48283,149.48705
2024-01-02T00:31:32.881Z,149.47403,149.47739
2024-01-02T00:31:33.384Z,149.47062,149.47470
2024-01-02T00:31:34.725Z,149.47295,149.47715
2024-01-02T00:31:35.373Z,149.48261,149.48644
2024-01-02T00:31:36.732Z,149.47945,149.48289
2024-01-02T00:31:37.712Z,149.48258,149.48656
2024-01-02T00:31:38.636Z,149.49306,149.49630
2024-01-02T00:31:40.127Z,149.48903,149.49277
2024-01-02T00:31:40.754Z,149.48212,149.48552
2024-01-02T00:31:41.509Z,149.49208,149.49528
2024-01-02T00:31:42.651Z,149.48764,149.49220
2024-01-02T00:31:44.002Z,149.48803,149.49166
2024-01-02T00:31:44.565Z,149.48654,149.49096
2024-01-02T00:31:45.218Z,149.47179,149.47606
2024-01-02T00:31:46.414Z,149.47468,149.47876
2024-01-02T00:31:47.170Z,149.48032,149.48470
2024-01-02T00:31:48.628Z,149.48236,149.48601
2024-01-02T00:31:49.430Z,149.48794,149.49268
2024-01-02T00:31:50.306Z,149.48829,149.49273
2024-01-02T00:31:51.050Z,149.48854,149.49293
2024-01-02T00:31:52.421Z,149.48204,149.48528
2024-01-02T00:31:53.558Z,149.47836,149.48233
2024-01-02T00:31:54.093Z,149.47251,149.47628
2024-01-02T00:31:55.583Z,149.46798,149.47226
2024-01-02T00:31:56.428Z,149.46172,149.46538
2024-01-02T00:31:57.292Z,149.47047,149.47446
2024-01-02T00:31:58.417Z,149.46051,149.46470
2024-01-02T00:31:59.389Z,149.45275,149.45603
2024-01-02T00:32:00.368Z,149.44616,149.44954
2024-01-02T00:32:01.733Z,149.43559,149.43908
2024-01-02T00:32:02.748Z,149.43837,149.44312
2024-01-02T00:32:04.167Z,149.43932,149.44324
2024-01-02T00:32:05.649Z,149.43875,149.44223
2024-01-02T00:32:07.026Z,149.43871,149.44227
2024-01-02T00:32:08.236Z,149.44592,149.45063
2024-01-02T00:32:08.809Z,149.45856,149.46317
2024-01-02T00:32:09.373Z,149.45784,149.46172
2024-01-02T00:32:09.937Z,149.44826,149.45257
2024-01-02T00:32:10.766Z,149.44443,149.44870
2024-01-02T00:32:11.968Z,149.45230,149.45644
2024-01-02T00:32:13.100Z,149.45884,149.46305
2024-01-02T00:32:13.606Z,149.44625,149.44963
2024-01-02T00:32:14.633Z,149.44940,149.45289
2024-01-02T00:32:15.178Z,149.45036,149.45469
2024-01-02T00:32:16.033Z,149.45630,149.45977
2024-01-02T00:32:17.022Z,149.45659,149.46032
2024-01-02T00:32:17.997Z,149.45122,149.45521
2024-01-02T00:32:19.004Z,149.45594,149.46054
2024-01-02T00:32:19.922Z,149.45484,149.45963
2024-01-02T00:32:20.770Z,149.46224,149.46562
2024-01-02T00:32:21.477Z,149.46707,149.47169
2024-01-02T00:32:22.542Z,149.47825,149.48173
2024-01-02T00:32:23.392Z,149.47102,149.47531
2024-01-02T00:32:23.940Z,149.46019,149.46476
2024-01-02T00:32:25.290Z,149.46476,149.46869
2024-01-02T00:32:25.938Z,149.46781,149.47108
2024-01-02T00:32:26.572Z,149.47102,149.47471
2024-01-02T00:32:27.072Z,149.47015,149.47443
2024-01-02T00:32:27.829Z,149.46230,149.46613
2024-01-02T00:32:29.156Z,149.45723,149.46166
2024-01-02T00:32:30.457Z,149.46228,149.46696
2024-01-02T00:32:31.898Z,149.45096,149.45559
2024-01-02T00:32:33.102Z,149.45478,149.45942
2024-01-02T00:32:33.829Z,149.45308,149.45692
2024-01-02T00:32:34.528Z,149.45027,149.45494
2024-01-02T00:32:35.107Z,149.45709,149.46053
2024-01-02T00:32:36.472Z,149.46414,149.46763
2024-01-02T00:32:37.358Z,149.46259,149.46700
2024-01-02T00:32:38.646Z,149.47741,149.48161
2024-01-02T00:32:39.855Z,149.47707,149.48163
2024-01-02T00:32:41.268Z,149.48088,149.48482
2024-01-02T00:32:42.688Z,149.47191,149.47576
2024-01-02T00:32:43.222Z,149.46777,149.47110
2024-01-02T00:32:44.592Z,149.47094,149.47522
2024-01-02T00:32:45.861Z,149.47176,149.47616
2024-01-02T00:32:47.181Z,149.46366,149.46712
2024-01-02T00:32:48.010Z,149.45421,149.45833
2024-01-02T00:32:48.604Z,149.45318,149.45767
2024-01-02T00:32:49.716Z,149.44992,149.45427
2024-01-02T00:32:50.734Z,149.45189,149.45620
2024-01-02T00:32:51.997Z,149.44351,149.44696
2024-01-02T00:32:53.068Z,149.45059,149.45490
2024-01-02T00:32:53.684Z,149.45470,149.45793
2024-01-02T00:32:55.030Z,149.44485,149.44953
2024-01-02T00:32:56.139Z,149.43811,149.44263
2024-01-02T00:32:57.583Z,149.43707,149.44130
2024-01-02T00:32:58.272Z,149.44106,149.44446
2024-01-02T00:32:58.952Z,149.45307,149.45711
2024-01-02T00:32:59.596Z,149.44676,149.45130
2024-01-02T00:33:00.564Z,149.43979,149.44329
2024-01-02T00:33:01.500Z,149.45828,149.46171
2024-01-02T00:33:02.708Z,149.46400,149.46759
2024-01-02T00:33:03.567Z,149.45939,149.46383
2024-01-02T00:33:04.130Z,149.45632,149.45961
2024-01-02T00:33:04.700Z,149.46765,149.47152
2024-01-02T00:33:05.575Z,149.46342,149.46684
2024-01-02T00:33:06.480Z,149.45387,149.45827
2024-01-02T00:33:07.455Z,149.44933,149.45337
2024-01-02T00:33:08.904Z,149.44874,149.45253
2024-01-02T00:33:10.034Z,149.43222,149.43551
2024-01-02T00:33:10.712Z,149.42718,149.43141
2024-01-02T00:33:12.081Z,149.42583,149.42923
2024-01-02T00:33:13.317Z,149.42516,149.42948
2024-01-02T00:33:14.073Z,149.42877,149.43351
2024-01-02T00:33:15.086Z,149.43489,149.43885
2024-01-02T00:33:15.931Z,149.42721,149.43162
2024-01-02T00:33:17.333Z,149.41819,149.42229
2024-01-02T00:33:18.374Z,149.41920,149.42265
2024-01-02T00:33:19.473Z,149.41962,149.42362
2024-01-02T00:33:20.140Z,149.41600,149.42004
2024-01-02T00:33:21.462Z,149.40943,149.41314
2024-01-02T00:33:22.797Z,149.40807,149.41140
2024-01-02T00:33:23.314Z,149.40973,149.41325
2024-01-02T00:33:24.517Z,149.39347,149.39684
2024-01-02T00:33:25.548Z,149.38694,149.39162
2024-01-02T00:33:26.601Z,149.38973,149.39381
2024-01-02T00:33:27.223Z,149.40315,149.40730
2024-01-02T00:33:28.358Z,149.40834,149.41255
2024-01-02T00:33:29.066Z,149.42789,149.43195
2024-01-02T00:33:30.183Z,149.43718,149.44038
2024-01-02T00:33:31.524Z,149.43664,149.44098
2024-01-02T00:33:33.000Z,149.43411,149.43822
2024-01-02T00:33:33.776Z,149.43324,149.43773
2024-01-02T00:33:34.518Z,149.44602,149.44943
2024-01-02T00:33:35.053Z,149.44948,149.45398
2024-01-02T00:33:35.628Z,149.44422,149.44819
2024-01-02T00:33:36.299Z,149.43272,149.43649
2024-01-02T00:33:36.870Z,149.44300,149.44746
2024-01-02T00:33:38.212Z,149.44830,149.45217
2024-01-02T00:33:39.082Z,149.45193,149.45613
2024-01-02T00:33:39.803Z,149.45314,149.45638
2024-01-02T00:33:40.776Z,149.45429,149.45874
2024-01-02T00:33:41.871Z,149.45234,149.45570
2024-01-02T00:33:43.097Z,149.45145,149.45493
2024-01-02T00:33:44.362Z,149.44982,149.45353
2024-01-02T00:33:44.887Z,149.43821,149.44165
2024-01-02T00:33:45.418Z,149.44144,149.44528
2024-01-02T00:33:46.401Z,149.44678,149.45138
2024-01-02T00:33:47.558Z,149.43840,149.44265
2024-01-02T00:33:48.370Z,149.42814,149.43160
2024-01-02T00:33:49.563Z,149.42675,149.43024
2024-01-02T00:33:50.825Z,149.43188,149.43518
2024-01-02T00:33:52.309Z,149.43245,149.43587
2024-01-02T00:33:53.299Z,149.43830,149.44262
2024-01-02T00:33:54.378Z,149.43643,149.44069
2024-01-02T00:33:55.430Z,149.42969,149.43344
2024-01-02T00:33:56.248Z,149.43707,149.44106
2024-01-02T00:33:57.267Z,149.43731,149.44082
2024-01-02T00:33:58.084Z,149.43745,149.44198
2024-01-02T00:33:58.965Z,149.43766,149.44089
2024-01-02T00:34:00.167Z,149.42920,149.43301
2024-01-02T00:34:01.574Z,149.41445,149.41832
2024-01-02T00:34:02.836Z,149.41778,149.42240
2024-01-02T00:34:04.096Z,149.41250,149.41702
2024-01-02T00:34:04.764Z,149.42185,149.42609
2024-01-02T00:34:06.113Z,149.42795,149.43174
2024-01-02T00:34:06.840Z,149.42509,149.42973
2024-01-02T00:34:07.785Z,149.41719,149.42136
2024-01-02T00:34:08.311Z,149.40919,149.41278
2024-01-02T00:34:09.661Z,149.40678,149.40999
2024-01-02T00:34:10.626Z,149.40105,149.40546
2024-01-02T00:34:11.895Z,149.40908,149.41315
2024-01-02T00:34:12.701Z,149.40671,149.41006
2024-01-02T00:34:14.079Z,149.39398,149.39728
2024-01-02T00:34:15.462Z,149.38830,149.39192
2024-01-02T00:34:16.229Z,149.38879,149.39238
2024-01-02T00:34:17.186Z,149.38336,149.38816
2024-01-02T00:34:17.814Z,149.38732,149.39099
2024-01-02T00:34:18.437Z,149.38025,149.38361
2024-01-02T00:34:18.991Z,149.37614,149.38083
2024-01-02T00:34:19.703Z,149.38624,149.39028
2024-01-02T00:34:21.017Z,149.38520,149.38876
2024-01-02T00:34:22.182Z,149.38686,149.39160
2024-01-02T00:34:23.173Z,149.39150,149.39565
2024-01-02T00:34:23.787Z,149.39415,149.39858
2024-01-02T00:34:24.325Z,149.39710,149.40145
2024-01-02T00:34:25.132Z,149.39769,149.40203
2024-01-02T00:34:25.805Z,149.38970,149.39347
2024-01-02T00:34:27.269Z,149.40149,149.40525
2024-01-02T00:34:27.945Z,149.40041,149.40460
2024-01-02T00:34:29.206Z,149.40209,149.40681
2024-01-02T00:34:29.789Z,149.40751,149.41074
2024-01-02T00:34:30.313Z,149.40101,149.40491
2024-01-02T00:34:31.223Z,149.39616,149.40091
2024-01-02T00:34:31.756Z,149.38950,149.39273
2024-01-02T00:34:33.009Z,149.38425,149.38828
2024-01-02T00:34:33.942Z,149.39158,149.39628
2024-01-02T00:34:34.989Z,149.40004,149.40451
2024-01-02T00:34:36.132Z,149.38906,149.39304
2024-01-02T00:34:37.315Z,149.37870,149.38201
2024-01-02T00:34:38.128Z,149.38271,149.38592
2024-01-02T00:34:39.077Z,149.37290,149.37696
2024-01-02T00:34:39.794Z,149.37690,149.38133
2024-01-02T00:34:41.242Z,149.37761,149.38169
2024-01-02T00:34:42.689Z,149.37651,149.38045
2024-01-02T00:34:44.023Z,149.36766,149.37154
2024-01-02T00:34:45.089Z,149.35899,149.36253
2024-01-02T00:34:45.847Z,149.35312,149.35718
2024-01-02T00:34:47.127Z,149.36050,149.36431
2024-01-02T00:34:48.440Z,149.35107,149.35548
2024-01-02T00:34:49.809Z,149.35916,149.36278
2024-01-02T00:34:50.620Z,149.36149,149.36474
2024-01-02T00:34:52.004Z,149.36108,149.36529
2024-01-02T00:34:53.407Z,149.35459,149.35795
2024-01-02T00:34:53.945Z,149.35641,149.36038
2024-01-02T00:34:55.026Z,149.34896,149.35346
2024-01-02T00:34:56.405Z,149.34232,149.34600
2024-01-02T00:34:57.754Z,149.35083,149.35539
2024-01-02T00:34:58.509Z,149.33630,149.34017
2024-01-02T00:34:59.587Z,149.33816,149.34171
2024-01-02T00:35:00.619Z,149.34186,149.34511
2024-01-02T00:35:01.568Z,149.34776,149.35186
2024-01-02T00:35:02.286Z,149.33333,149.33687
2024-01-02T00:35:03.146Z,149.33525,149.33908
2024-01-02T00:35:04.212Z,149.32685,149.33086
2024-01-02T00:35:04.930Z,149.32988,149.33358
2024-01-02T00:35:05.964Z,149.33307,149.33733
2024-01-02T00:35:06.768Z,149.32331,149.32737
2024-01-02T00:35:07.675Z,149.32298,149.32748
2024-01-02T00:35:08.846Z,149.32430,149.32860
2024-01-02T00:35:09.800Z,149.33035,149.33365
2024-01-02T00:35:10.511Z,149.33490,149.33857
2024-01-02T00:35:11.061Z,149.33299,149.33766
2024-01-02T00:35:12.398Z,149.32309,149.32656
2024-01-02T00:35:13.682Z,149.32089,149.32484
2024-01-02T00:35:14.927Z,149.32661,149.33082
2024-01-02T00:35:15.465Z,149.32449,149.32808
2024-01-02T00:35:16.769Z,149.32204,149.32621
2024-01-02T00:35:18.021Z,149.32232,149.32555
2024-01-02T00:35:19.069Z,149.32447,149.32913
2024-01-02T00:35:20.318Z,149.33040,149.33392
2024-01-02T00:35:21.558Z,149.32527,149.32923
2024-01-02T00:35:22.909Z,149.33792,149.34232
2024-01-02T00:35:24.126Z,149.33474,149.33897
2024-01-02T00:35:25.052Z,149.34621,149.35029
2024-01-02T00:35:26.085Z,149.34461,149.34800
2024-01-02T00:35:27.222Z,149.35146,149.35607
2024-01-02T00:35:27.973Z,149.34496,149.34820
2024-01-02T00:35:28.652Z,149.34600,149.34992
2024-01-02T00:35:29.761Z,149.33770,149.34237
2024-01-02T00:35:30.942Z,149.33400,149.33726
2024-01-02T00:35:32.049Z,149.34205,149.34567
2024-01-02T00:35:32.754Z,149.33229,149.33622
2024-01-02T00:35:33.636Z,149.33484,149.33939
2024-01-02T00:35:34.538Z,149.33253,149.33677
2024-01-02T00:35:35.276Z,149.33650,149.34105
2024-01-02T00:35:36.711Z,149.33466,149.33800
2024-01-02T00:35:38.023Z,149.33193,149.33521
2024-01-02T00:35:38.821Z,149.34925,149.35389
2024-01-02T00:35:40.261Z,149.34832,149.35302
2024-01-02T00:35:41.248Z,149.35356,149.35720
2024-01-02T00:35:41.866Z,149.34537,149.34951
2024-01-02T00:35:42.694Z,149.34127,149.34573
2024-01-02T00:35:43.601Z,149.33927,149.34403
2024-01-02T00:35:44.812Z,149.34382,149.34779
2024-01-02T00:35:45.686Z,149.34565,149.35033
2024-01-02T00:35:46.439Z,149.34573,149.34979
2024-01-02T00:35:47.576Z,149.35189,149.35653
2024-01-02T00:35:48.167Z,149.35432,149.35777
2024-01-02T00:35:49.432Z,149.35532,149.35881
2024-01-02T00:35:50.281Z,149.36299,149.36663
2024-01-02T00:35:50.958Z,149.36400,149.36740
2024-01-02T00:35:51.923Z,149.37415,149.37737
2024-01-02T00:35:52.793Z,149.36881,149.37346
2024-01-02T00:35:54.015Z,149.36288,149.36763
2024-01-02T00:35:55.067Z,149.35802,149.36192
2024-01-02T00:35:55.717Z,149.36333,149.36673
2024-01-02T00:35:57.173Z,149.36183,149.36588
2024-01-02T00:35:58.214Z,149.36580,149.36930
2024-01-02T00:35:59.183Z,149.36511,149.36978
2024-01-02T00:36:00.110Z,149.35416,149.35794
2024-01-02T00:36:01.405Z,149.35760,149.36156
2024-01-02T00:36:02.185Z,149.35589,149.36029
2024-01-02T00:36:02.686Z,149.35645,149.36103
2024-01-02T00:36:03.889Z,149.36628,149.36991
2024-01-02T00:36:04.543Z,149.37267,149.37616
2024-01-02T00:36:05.172Z,149.38386,149.38859
2024-01-02T00:36:05.969Z,149.38191,149.38601
2024-01-02T00:36:06.825Z,149.37397,149.37875
2024-01-02T00:36:07.648Z,149.37151,149.37586
2024-01-02T00:36:08.203Z,149.37372,149.37731
2024-01-02T00:36:09.270Z,149.35656,149.36085
2024-01-02T00:36:10.737Z,149.33988,149.34416
2024-01-02T00:36:11.906Z,149.33355,149.33814
2024-01-02T00:36:12.741Z,149.33366,149.33826
2024-01-02T00:36:13.843Z,149.33039,149.33514
2024-01-02T00:36:14.547Z,149.33224,149.33693
2024-01-02T00:36:15.530Z,149.33224,149.33574
2024-01-02T00:36:16.068Z,149.33826,149.34208
2024-01-02T00:36:16.915Z,149.34537,149.35004
2024-01-02T00:36:17.436Z,149.34447,149.34886
2024-01-02T00:36:18.694Z,149.34468,149.34865
2024-01-02T00:36:19.514Z,149.34943,149.35347
2024-01-02T00:36:20.999Z,149.34630,149.35065
2024-01-02T00:36:21.828Z,149.34036,149.34431
2024-01-02T00:36:22.477Z,149.34212,149.34572
2024-01-02T00:36:23.270Z,149.34672,149.35114
2024-01-02T00:36:24.491Z,149.34444,149.34825
2024-01-02T00:36:25.684Z,149.34590,149.35000
2024-01-02T00:36:27.118Z,149.35376,149.35836
2024-01-02T00:36:28.096Z,149.35807,149.36156
2024-01-02T00:36:28.923Z,149.34910,149.35343
2024-01-02T00:36:29.512Z,149.35662,149.36048
2024-01-02T00:36:30.124Z,149.35092,149.35498
2024-01-02T00:36:30.947Z,149.34397,149.34750
2024-01-02T00:36:31.826Z,149.34562,149.34896
2024-01-02T00:36:32.408Z,149.35186,149.35645
2024-01-02T00:36:33.836Z,149.34262,149.34604
2024-01-02T00:36:35.191Z,149.35201,149.35599
2024-01-02T00:36:35.981Z,149.35968,149.36397
2024-01-02T00:36:37.108Z,149.34497,149.34875
2024-01-02T00:36:37.954Z,149.34730,149.35081
2024-01-02T00:36:38.915Z,149.34236,149.34708
2024-01-02T00:36:39.447Z,149.34304,149.34757
2024-01-02T00:36:40.811Z,149.33680,149.34027
2024-01-02T00:36:42.052Z,149.33250,149.33699
2024-01-02T00:36:43.339Z,149.32672,149.33055
2024-01-02T00:36:44.775Z,149.33303,149.33710
2024-01-02T00:36:45.802Z,149.31557,149.31968
2024-01-02T00:36:46.520Z,149.29897,149.30304
2024-01-02T00:36:47.702Z,149.30386,149.30748
2024-01-02T00:36:49.119Z,149.29657,149.30010
2024-01-02T00:36:50.178Z,149.29298,149.29690
2024-01-02T00:36:50.817Z,149.28697,149.29081
2024-01-02T00:36:51.825Z,149.29171,149.29512
2024-01-02T00:36:52.785Z,149.28104,149.28455
2024-01-02T00:36:53.403Z,149.25737,149.26095
2024-01-02T00:36:54.331Z,149.25627,149.25973
2024-01-02T00:36:55.244Z,149.25157,149.25562
2024-01-02T00:36:56.175Z,149.25645,149.26040
2024-01-02T00:36:57.106Z,149.24770,149.25166
2024-01-02T00:36:57.698Z,149.25379,149.25787
2024-01-02T00:36:58.576Z,149.24183,149.24562
2024-01-02T00:36:59.752Z,149.23625,149.24014
2024-01-02T00:37:01.181Z,149.24204,149.24556
2024-01-02T00:37:01.683Z,149.23948,149.24370
2024-01-02T00:37:02.417Z,149.23884,149.24324
2024-01-02T00:37:02.990Z,149.22177,149.22627
2024-01-02T00:37:04.298Z,149.22000,149.22405
2024-01-02T00:37:04.806Z,149.21132,149.21508
2024-01-02T00:37:05.441Z,149.21043,149.21469
2024-01-02T00:37:06.490Z,149.21140,149.21546
2024-01-02T00:37:07.450Z,149.20120,149.20553
2024-01-02T00:37:08.649Z,149.19935,149.20304
2024-01-02T00:37:09.656Z,149.17601,149.18053
2024-01-02T00:37:10.556Z,149.16740,149.17164
2024-01-02T00:37:11.530Z,149.15891,149.16355
2024-01-02T00:37:12.269Z,149.16042,149.16425
2024-01-02T00:37:12.930Z,149.15974,149.16334
2024-01-02T00:37:14.136Z,149.16869,149.17340
2024-01-02T00:37:14.654Z,149.15839,149.16226
2024-01-02T00:37:15.604Z,149.16225,149.16657
2024-01-02T00:37:16.651Z,149.17705,149.18071
2024-01-02T00:37:17.898Z,149.17632,149.18107
2024-01-02T00:37:18.984Z,149.16849,149.17292
2024-01-02T00:37:19.782Z,149.16527,149.16851
2024-01-02T00:37:20.481Z,149.16792,149.17169
2024-01-02T00:37:21.693Z,149.16354,149.16712
2024-01-02T00:37:22.343Z,149.15854,149.16285
2024-01-02T00:37:23.222Z,149.15926,149.16388
2024-01-02T00:37:24.190Z,149.15704,149.16110
2024-01-02T00:37:25.415Z,149.15944,149.16403
2024-01-02T00:37:26.588Z,149.15994,149.16317
2024-01-02T00:37:27.896Z,149.15985,149.16424
2024-01-02T00:37:28.512Z,149.16289,149.16656
2024-01-02T00:37:29.729Z,149.16198,149.16598
2024-01-02T00:37:31.136Z,149.16664,149.17007
2024-01-02T00:37:31.972Z,149.17068,149.17388
2024-01-02T00:37:33.437Z,149.17857,149.18281
2024-01-02T00:37:34.926Z,149.18360,149.18836
2024-01-02T00:37:35.585Z,149.18188,149.18528
2024-01-02T00:37:36.226Z,149.18860,149.19237
2024-01-02T00:37:36.820Z,149.18478,149.18865
2024-01-02T00:37:38.300Z,149.18824,149.19189
2024-01-02T00:37:39.295Z,149.19119,149.19497
2024-01-02T00:37:39.943Z,149.19191,149.19605
2024-01-02T00:37:41.042Z,149.18858,149.19185
2024-01-02T00:37:41.755Z,149.17699,149.18134
2024-01-02T00:37:42.496Z,149.16947,149.17272
2024-01-02T00:37:43.206Z,149.16710,149.17140
2024-01-02T00:37:44.351Z,149.16639,149.17072
2024-01-02T00:37:45.830Z,149.15846,149.16280
2024-01-02T00:37:46.382Z,149.15329,149.15710
2024-01-02T00:37:47.201Z,149.14904,149.15336
2024-01-02T00:37:48.359Z,149.16098,149.16484
2024-01-02T00:37:49.661Z,149.15936,149.16353
2024-01-02T00:37:50.179Z,149.15128,149.15604
2024-01-02T00:37:51.207Z,149.14838,149.15262
2024-01-02T00:37:51.952Z,149.14829,149.15287
2024-01-02T00:37:52.647Z,149.16914,149.17297
2024-01-02T00:37:53.845Z,149.16827,149.17263
2024-01-02T00:37:54.968Z,149.16608,149.17018
2024-01-02T00:37:55.873Z,149.17233,149.17650
2024-01-02T00:37:57.287Z,149.17585,149.17969
2024-01-02T00:37:58.072Z,149.16355,149.16827
2024-01-02T00:37:58.931Z,149.15838,149.16162
2024-01-02T00:37:59.724Z,149.16608,149.17023
2024-01-02T00:38:00.606Z,149.16696,149.17142
2024-01-02T00:38:01.537Z,149.16151,149.16515
2024-01-02T00:38:02.676Z,149.17646,149.17968
2024-01-02T00:38:03.930Z,149.17283,149.17667
2024-01-02T00:38:04.564Z,149.16332,149.16701
2024-01-02T00:38:05.606Z,149.17095,149.17462
2024-01-02T00:38:06.353Z,149.16847,149.17197
2024-01-02T00:38:07.460Z,149.17558,149.17986
2024-01-02T00:38:08.529Z,149.17926,149.18275
2024-01-02T00:38:09.393Z,149.17006,149.17392
2024-01-02T00:38:10.460Z,149.17448,149.17820
2024-01-02T00:38:11.601Z,149.17125,149.17516
2024-01-02T00:38:12.222Z,149.16630,149.17061
2024-01-02T00:38:13.359Z,149.17017,149.17392
2024-01-02T00:38:13.926Z,149.17188,149.17659
2024-01-02T00:38:14.702Z,149.17841,149.18234
2024-01-02T00:38:15.578Z,149.18333,149.18799
2024-01-02T00:38:16.412Z,149.18268,149.18663
2024-01-02T00:38:17.067Z,149.17693,149.18102
2024-01-02T00:38:18.139Z,149.19794,149.20193
2024-01-02T00:38:19.225Z,149.21105,149.21476
2024-01-02T00:38:19.921Z,149.20869,149.21299
2024-01-02T00:38:20.518Z,149.20642,149.21023
2024-01-02T00:38:21.472Z,149.21042,149.21485
2024-01-02T00:38:22.640Z,149.19978,149.20419
2024-01-02T00:38:23.693Z,149.20533,149.20878
2024-01-02T00:38:24.309Z,149.18934,149.19402
2024-01-02T00:38:25.039Z,149.20450,149.20848
2024-01-02T00:38:26.367Z,149.20955,149.21391
2024-01-02T00:38:27.451Z,149.20732,149.21127
2024-01-02T00:38:28.183Z,149.20107,149.20525
2024-01-02T00:38:28.932Z,149.20001,149.20367
2024-01-02T00:38:29.770Z,149.21066,149.21492
2024-01-02T00:38:30.283Z,149.22130,149.22569
2024-01-02T00:38:31.005Z,149.20628,149.21004
2024-01-02T00:38:31.667Z,149.21042,149.21463
2024-01-02T00:38:32.808Z,149.20427,149.20807
2024-01-02T00:38:34.019Z,149.20633,149.21009
2024-01-02T00:38:34.681Z,149.21463,149.21852
2024-01-02T00:38:35.460Z,149.22977,149.23440
2024-01-02T00:38:36.277Z,149.23163,149.23551
2024-01-02T00:38:37.687Z,149.22598,149.22951
2024-01-02T00:38:39.089Z,149.22875,149.23239
2024-01-02T00:38:40.019Z,149.21972,149.22322
2024-01-02T00:38:40.743Z,149.22086,149.22464
2024-01-02T00:38:41.582Z,149.23111,149.23581
2024-01-02T00:38:42.607Z,149.22055,149.22421
2024-01-02T00:38:43.506Z,149.22622,149.22989
2024-01-02T00:38:44.697Z,149.21146,149.21586
2024-01-02T00:38:45.472Z,149.20376,149.20735
2024-01-02T00:38:46.619Z,149.19448,149.19911
2024-01-02T00:38:48.077Z,149.20466,149.20929
2024-01-02T00:38:49.546Z,149.21254,149.21611
2024-01-02T00:38:50.079Z,149.20615,149.20947
2024-01-02T00:38:51.131Z,149.22034,149.22408
2024-01-02T00:38:52.571Z,149.20877,149.21257
2024-01-02T00:38:54.065Z,149.20320,149.20710
2024-01-02T00:38:55.493Z,149.19869,149.20270
2024-01-02T00:38:56.065Z,149.19115,149.19481
2024-01-02T00:38:57.467Z,149.18878,149.19291
2024-01-02T00:38:58.193Z,149.19578,149.19947
2024-01-02T00:38:58.697Z,149.19031,149.19459
2024-01-02T00:39:00.068Z,149.19515,149.19976
2024-01-02T00:39:01.262Z,149.19554,149.19912
2024-01-02T00:39:01.851Z,149.20891,149.21240
2024-01-02T00:39:02.525Z,149.20103,149.20557
2024-01-02T00:39:03.699Z,149.19733,149.20092
2024-01-02T00:39:04.651Z,149.19491,149.19873
2024-01-02T00:39:05.954Z,149.20906,149.21306
2024-01-02T00:39:07.281Z,149.21391,149.21853
2024-01-02T00:39:07.939Z,149.21136,149.21599
2024-01-02T00:39:09.420Z,149.22062,149.22535
2024-01-02T00:39:10.648Z,149.21311,149.21754
2024-01-02T00:39:11.569Z,149.20671,149.21126
2024-01-02T00:39:12.187Z,149.20137,149.20567
2024-01-02T00:39:13.513Z,149.19836,149.20246
2024-01-02T00:39:14.335Z,149.18458,149.18894
2024-01-02T00:39:15.489Z,149.18889,149.19245
2024-01-02T00:39:16.345Z,149.19071,149.19408
2024-01-02T00:39:17.505Z,149.18474,149.18814
2024-01-02T00:39:18.187Z,149.19052,149.19485
2024-01-02T00:39:19.677Z,149.18862,149.19276
2024-01-02T00:39:20.631Z,149.19322,149.19802
2024-01-02T00:39:21.157Z,149.20158,149.20505
2024-01-02T00:39:21.849Z,149.20303,149.20648
2024-01-02T00:39:22.925Z,149.21384,149.21795
2024-01-02T00:39:23.447Z,149.20022,149.20439
2024-01-02T00:39:24.852Z,149.19326,149.19747
2024-01-02T00:39:26.334Z,149.19073,149.19478
2024-01-02T00:39:27.122Z,149.18594,149.18916
2024-01-02T00:39:27.949Z,149.18105,149.18543
2024-01-02T00:39:28.577Z,149.18745,149.19076
2024-01-02T00:39:29.862Z,149.19285,149.19679
2024-01-02T00:39:31.055Z,149.18929,149.19298
2024-01-02T00:39:31.960Z,149.20153,149.20623
2024-01-02T00:39:32.941Z,149.20190,149.20515
2024-01-02T00:39:34.254Z,149.21491,149.21944
2024-01-02T00:39:35.267Z,149.20582,149.20960
2024-01-02T00:39:36.596Z,149.20353,149.20707
2024-01-02T00:39:37.178Z,149.20405,149.20864
2024-01-02T00:39:38.317Z,149.20864,149.21336
2024-01-02T00:39:39.051Z,149.21666,149.22094
2024-01-02T00:39:39.622Z,149.20799,149.21176
2024-01-02T00:39:40.702Z,149.21352,149.21683
2024-01-02T00:39:41.962Z,149.20981,149.21428
2024-01-02T00:39:42.960Z,149.21650,149.22100
2024-01-02T00:39:43.932Z,149.21292,149.21707
2024-01-02T00:39:45.362Z,149.22188,149.22545
2024-01-02T00:39:46.004Z,149.21284,149.21691
2024-01-02T00:39:47.204Z,149.22734,149.23069
2024-01-02T00:39:47.735Z,149.23089,149.23503
2024-01-02T00:39:48.972Z,149.22823,149.23231
2024-01-02T00:39:50.115Z,149.22307,149.22679
2024-01-02T00:39:50.936Z,149.22165,149.22522
2024-01-02T00:39:51.506Z,149.21945,149.22290
2024-01-02T00:39:52.567Z,149.21401,149.21722
2024-01-02T00:39:53.150Z,149.20818,149.21183
2024-01-02T00:39:53.782Z,149.20033,149.20503
2024-01-02T00:39:55.033Z,149.19813,149.20196
2024-01-02T00:39:56.481Z,149.21081,149.21552
2024-01-02T00:39:57.545Z,149.21016,149.21457
2024-01-02T00:39:58.692Z,149.19409,149.19729
2024-01-02T00:40:00.101Z,149.18019,149.18435
2024-01-02T00:40:01.078Z,149.17167,149.17526
2024-01-02T00:40:02.272Z,149.17249,149.17599
2024-01-02T00:40:03.325Z,149.18446,149.18911
2024-01-02T00:40:03.863Z,149.18882,149.19345
2024-01-02T00:40:04.561Z,149.18593,149.18939
2024-01-02T00:40:05.426Z,149.19665,149.20024
2024-01-02T00:40:06.407Z,149.19969,149.20298
2024-01-02T00:40:07.112Z,149.21672,149.22096
2024-01-02T00:40:07.981Z,149.22567,149.23032
2024-01-02T00:40:08.911Z,149.23277,149.23607
2024-01-02T00:40:09.515Z,149.22075,149.22492
2024-01-02T00:40:10.798Z,149.22495,149.22933
2024-01-02T00:40:12.109Z,149.21020,149.21390
2024-01-02T00:40:13.152Z,149.21762,149.22110
2024-01-02T00:40:14.264Z,149.20774,149.21244
2024-01-02T00:40:14.881Z,149.19685,149.20084
2024-01-02T00:40:16.248Z,149.20262,149.20584
2024-01-02T00:40:17.466Z,149.19962,149.20296
2024-01-02T00:40:18.357Z,149.20892,149.21252
2024-01-02T00:40:19.430Z,149.20259,149.20692
2024-01-02T00:40:20.013Z,149.19983,149.20415
2024-01-02T00:40:20.856Z,149.17949,149.18315
2024-01-02T00:40:21.674Z,149.17219,149.17683
2024-01-02T00:40:22.643Z,149.16417,149.16884
2024-01-02T00:40:23.888Z,149.15640,149.16049
2024-01-02T00:40:24.845Z,149.16427,149.16860
2024-01-02T00:40:25.715Z,149.17076,149.17501
2024-01-02T00:40:27.157Z,149.17212,149.17581
2024-01-02T00:40:28.164Z,149.18036,149.18489
2024-01-02T00:40:29.398Z,149.17503,149.17919
2024-01-02T00:40:30.822Z,149.18193,149.18577
2024-01-02T00:40:32.025Z,149.16973,149.17392
2024-01-02T00:40:33.427Z,149.17080,149.17548
2024-01-02T00:40:34.594Z,149.16997,149.17459
2024-01-02T00:40:35.710Z,149.16113,149.16589
2024-01-02T00:40:36.798Z,149.16444,149.16795
2024-01-02T00:40:37.383Z,149.17346,149.17700
2024-01-02T00:40:38.100Z,149.17758,149.18176
2024-01-02T00:40:39.086Z,149.16242,149.16689
2024-01-02T00:40:39.923Z,149.16634,149.16982
2024-01-02T00:40:41.250Z,149.16476,149.16889
2024-01-02T00:40:42.726Z,149.16679,149.17089
2024-01-02T00:40:43.802Z,149.17447,149.17820
2024-01-02T00:40:44.833Z,149.17258,149.17721
2024-01-02T00:40:46.158Z,149.16690,149.17070
2024-01-02T00:40:46.833Z,149.16216,149.16543
2024-01-02T00:40:47.570Z,149.15644,149.15978
2024-01-02T00:40:48.285Z,149.15238,149.15640
2024-01-02T00:40:49.713Z,149.14770,149.15103
2024-01-02T00:40:51.023Z,149.13705,149.14073
2024-01-02T00:40:51.774Z,149.13894,149.14323
2024-01-02T00:40:53.132Z,149.14587,149.14955
2024-01-02T00:40:54.574Z,149.16250,149.16604
2024-01-02T00:40:55.691Z,149.16945,149.17295
2024-01-02T00:40:56.744Z,149.16611,149.17070
2024-01-02T00:40:58.004Z,149.16039,149.16462
2024-01-02T00:40:58.868Z,149.15148,149.15533
2024-01-02T00:41:00.077Z,149.14530,149.14966
2024-01-02T00:41:01.411Z,149.13085,149.13508
2024-01-02T00:41:02.405Z,149.12633,149.13075
2024-01-02T00:41:03.101Z,149.12324,149.12666
2024-01-02T00:41:03.980Z,149.13713,149.14188
2024-01-02T00:41:04.683Z,149.13639,149.13990
2024-01-02T00:41:05.267Z,149.14491,149.14970
2024-01-02T00:41:05.867Z,149.15622,149.15982
2024-01-02T00:41:06.740Z,149.16038,149.16386
2024-01-02T00:41:07.905Z,149.16418,149.16844
2024-01-02T00:41:09.211Z,149.15429,149.15826
2024-01-02T00:41:09.939Z,149.15615,149.16027
2024-01-02T00:41:10.951Z,149.16627,149.17011
2024-01-02T00:41:11.703Z,149.16500,149.16894
2024-01-02T00:41:12.207Z,149.16014,149.16490
2024-01-02T00:41:13.409Z,149.16709,149.17112
2024-01-02T00:41:14.266Z,149.16207,149.16653
2024-01-02T00:41:15.516Z,149.16570,149.16929
2024-01-02T00:41:16.951Z,149.15795,149.16224
2024-01-02T00:41:17.685Z,149.14343,149.14797
2024-01-02T00:41:18.709Z,149.14313,149.14649
2024-01-02T00:41:19.880Z,149.14574,149.15012
2024-01-02T00:41:20.422Z,149.15196,149.15577
2024-01-02T00:41:21.306Z,149.15910,149.16263
2024-01-02T00:41:22.801Z,149.16129,149.16516
2024-01-02T00:41:23.500Z,149.16040,149.16401
2024-01-02T00:41:24.849Z,149.15468,149.15928
2024-01-02T00:41:26.095Z,149.15181,149.15518
2024-01-02T00:41:26.679Z,149.14775,149.15106
2024-01-02T00:41:27.675Z,149.14811,149.15241
2024-01-02T00:41:28.756Z,149.15836,149.16175
2024-01-02T00:41:29.470Z,149.16489,149.16905
2024-01-02T00:41:30.272Z,149.15441,149.15770
2024-01-02T00:41:30.883Z,149.15217,149.15622
2024-01-02T00:41:31.451Z,149.13983,149.14367
2024-01-02T00:41:32.058Z,149.13403,149.13865
2024-01-02T00:41:32.890Z,149.12744,149.13154
2024-01-02T00:41:34.228Z,149.13500,149.13935
2024-01-02T00:41:35.227Z,149.14100,149.14523
2024-01-02T00:41:36.227Z,149.14078,149.14503
2024-01-02T00:41:36.886Z,149.14814,149.15240
2024-01-02T00:41:38.118Z,149.15013,149.15457
2024-01-02T00:41:38.880Z,149.15135,149.15575
2024-01-02T00:41:39.656Z,149.15533,149.15874
2024-01-02T00:41:40.537Z,149.15155,149.15501
2024-01-02T00:41:41.358Z,149.16517,149.16913
2024-01-02T00:41:42.132Z,149.16551,149.16901
2024-01-02T00:41:43.501Z,149.16943,149.17326
2024-01-02T00:41:44.527Z,149.17172,149.17574
2024-01-02T00:41:45.167Z,149.16829,149.17258
2024-01-02T00:41:45.928Z,149.16592,149.16926
2024-01-02T00:41:47.264Z,149.15807,149.16146
2024-01-02T00:41:48.232Z,149.15341,149.15693
2024-01-02T00:41:49.201Z,149.16392,149.16746
2024-01-02T00:41:50.379Z,149.18006,149.18458
2024-01-02T00:41:50.954Z,149.17764,149.18145
2024-01-02T00:41:52.449Z,149.17203,149.17584
2024-01-02T00:41:52.960Z,149.17001,149.17462
2024-01-02T00:41:53.635Z,149.18156,149.18503
2024-01-02T00:41:55.039Z,149.19317,149.19690
2024-01-02T00:41:55.903Z,149.20456,149.20894
2024-01-02T00:41:56.757Z,149.20274,149.20676
2024-01-02T00:41:57.656Z,149.19908,149.20316
2024-01-02T00:41:58.333Z,149.19684,149.20099
2024-01-02T00:41:59.594Z,149.20100,149.20445
2024-01-02T00:42:00.898Z,149.20508,149.20874
2024-01-02T00:42:02.103Z,149.19803,149.20142
2024-01-02T00:42:03.411Z,149.19933,149.20362
2024-01-02T00:42:04.015Z,149.19052,149.19396
2024-01-02T00:42:05.098Z,149.19007,149.19340
2024-01-02T00:42:06.003Z,149.19850,149.20325
2024-01-02T00:42:07.014Z,149.18696,149.19081
2024-01-02T00:42:07.716Z,149.18340,149.18668
2024-01-02T00:42:08.221Z,149.18037,149.18426
2024-01-02T00:42:08.935Z,149.17891,149.18343
2024-01-02T00:42:10.319Z,149.18084,149.18457
2024-01-02T00:42:10.894Z,149.17442,149.17826
2024-01-02T00:42:11.632Z,149.17559,149.17922
2024-01-02T00:42:12.318Z,149.17771,149.18162
2024-01-02T00:42:13.686Z,149.16291,149.16684
2024-01-02T00:42:14.785Z,149.17294,149.17698
2024-01-02T00:42:15.621Z,149.18960,149.19414
2024-01-02T00:42:16.327Z,149.20509,149.20919
2024-01-02T00:42:16.873Z,149.20718,149.21128
2024-01-02T00:42:18.195Z,149.20301,149.20645
2024-01-02T00:42:18.792Z,149.20695,149.21074
2024-01-02T00:42:19.672Z,149.19888,149.20365
2024-01-02T00:42:20.203Z,149.20320,149.20673
2024-01-02T00:42:20.788Z,149.20104,149.20453
2024-01-02T00:42:22.120Z,149.20274,149.20631
2024-01-02T00:42:23.133Z,149.21136,149.21513
2024-01-02T00:42:23.648Z,149.19537,149.19894
2024-01-02T00:42:24.333Z,149.18262,149.18638
2024-01-02T00:42:25.722Z,149.18787,149.19232
2024-01-02T00:42:26.963Z,149.19409,149.19760
2024-01-02T00:42:27.479Z,149.19002,149.19475
2024-01-02T00:42:28.848Z,149.18082,149.18538
2024-01-02T00:42:29.993Z,149.18500,149.18829
2024-01-02T00:42:31.436Z,149.18840,149.19291
2024-01-02T00:42:32.543Z,149.18424,149.18778
2024-01-02T00:42:33.916Z,149.18738,149.19173
2024-01-02T00:42:34.863Z,149.19522,149.19953
2024-01-02T00:42:36.221Z,149.20227,149.20584
2024-01-02T00:42:36.779Z,149.19638,149.20096
2024-01-02T00:42:37.644Z,149.17917,149.18243
2024-01-02T00:42:38.554Z,149.17302,149.17714
2024-01-02T00:42:39.336Z,149.17109,149.17474
2024-01-02T00:42:39.983Z,149.16954,149.17337
2024-01-02T00:42:40.765Z,149.17760,149.18153
2024-01-02T00:42:42.055Z,149.16847,149.17258
2024-01-02T00:42:42.583Z,149.17047,149.17376
2024-01-02T00:42:43.265Z,149.16808,149.17168
2024-01-02T00:42:44.009Z,149.17890,149.18210
2024-01-02T00:42:45.364Z,149.17420,149.17815
2024-01-02T00:42:46.067Z,149.16350,149.16758
2024-01-02T00:42:47.300Z,149.15823,149.16286
2024-01-02T00:42:47.989Z,149.15340,149.15751
2024-01-02T00:42:48.874Z,149.14774,149.15155
2024-01-02T00:42:49.492Z,149.14425,149.14768
2024-01-02T00:42:50.842Z,149.14412,149.14736
2024-01-02T00:42:51.473Z,149.13814,149.14209
2024-01-02T00:42:52.845Z,149.13863,149.14307
2024-01-02T00:42:53.453Z,149.13437,149.13773
2024-01-02T00:42:54.018Z,149.13118,149.13572
2024-01-02T00:42:55.112Z,149.12716,149.13081
2024-01-02T00:42:56.129Z,149.11513,149.11990
2024-01-02T00:42:56.797Z,149.13485,149.13964
2024-01-02T00:42:57.312Z,149.12697,149.13165
2024-01-02T00:42:58.549Z,149.12775,149.13128
2024-01-02T00:42:59.349Z,149.12019,149.12339
2024-01-02T00:43:00.547Z,149.12353,149.12698
2024-01-02T00:43:01.358Z,149.11922,149.12275
2024-01-02T00:43:02.009Z,149.12360,149.12835
2024-01-02T00:43:03.270Z,149.11661,149.12001
2024-01-02T00:43:04.263Z,149.12442,149.12891
2024-01-02T00:43:05.395Z,149.11842,149.12234
2024-01-02T00:43:06.812Z,149.12625,149.13098
2024-01-02T00:43:07.397Z,149.12982,149.13330
2024-01-02T00:43:08.863Z,149.13604,149.13978
2024-01-02T00:43:09.715Z,149.13466,149.13846
2024-01-02T00:43:11.007Z,149.13347,149.13690
2024-01-02T00:43:11.566Z,149.12974,149.13355
2024-01-02T00:43:12.918Z,149.13998,149.14384
2024-01-02T00:43:13.726Z,149.14574,149.14921
2024-01-02T00:43:15.156Z,149.15664,149.16135
2024-01-02T00:43:16.410Z,149.15323,149.15750
2024-01-02T00:43:17.421Z,149.16870,149.17323
2024-01-02T00:43:18.723Z,149.17305,149.17778
2024-01-02T00:43:20.167Z,149.17379,149.17732
2024-01-02T00:43:21.039Z,149.17097,149.17544
2024-01-02T00:43:22.083Z,149.16300,149.16688
2024-01-02T00:43:23.175Z,149.18001,149.18359
2024-01-02T00:43:24.103Z,149.18374,149.18738
2024-01-02T00:43:25.302Z,149.17718,149.18130
2024-01-02T00:43:26.718Z,149.17322,149.17720
2024-01-02T00:43:27.726Z,149.17558,149.17902
2024-01-02T00:43:28.633Z,149.17307,149.17667
2024-01-02T00:43:29.471Z,149.16588,149.16935
2024-01-02T00:43:30.739Z,149.17242,149.17666
2024-01-02T00:43:31.373Z,149.18063,149.18441
2024-01-02T00:43:32.339Z,149.18145,149.18496
2024-01-02T00:43:33.575Z,149.19062,149.19537
2024-01-02T00:43:34.761Z,149.19118,149.19571
2024-01-02T00:43:35.288Z,149.18551,149.18944
2024-01-02T00:43:36.648Z,149.18570,149.18927
2024-01-02T00:43:38.131Z,149.19488,149.19960
2024-01-02T00:43:38.922Z,149.19387,149.19802
2024-01-02T00:43:39.541Z,149.19104,149.19427
2024-01-02T00:43:40.331Z,149.19777,149.20222
2024-01-02T00:43:41.534Z,149.19813,149.20292
2024-01-02T00:43:42.889Z,149.18901,149.19361
2024-01-02T00:43:44.273Z,149.17836,149.18313
2024-01-02T00:43:45.142Z,149.19079,149.19556
2024-01-02T00:43:46.366Z,149.19217,149.19680
2024-01-02T00:43:47.232Z,149.19877,149.20284
2024-01-02T00:43:48.482Z,149.18731,149.19138
2024-01-02T00:43:49.542Z,149.18381,149.18706
2024-01-02T00:43:51.002Z,149.19477,149.19917
2024-01-02T00:43:51.550Z,149.19316,149.19776
2024-01-02T00:43:52.655Z,149.17867,149.18251
2024-01-02T00:43:53.947Z,149.17599,149.17928
2024-01-02T00:43:55.088Z,149.17459,149.17934
2024-01-02T00:43:55.765Z,149.17698,149.18140
2024-01-02T00:43:57.141Z,149.16939,149.17387
2024-01-02T00:43:58.031Z,149.18245,149.18676
2024-01-02T00:43:58.543Z,149.18649,149.19119
2024-01-02T00:43:59.933Z,149.18758,149.19217
2024-01-02T00:44:00.799Z,149.18431,149.18844
2024-01-02T00:44:01.906Z,149.18236,149.18630
2024-01-02T00:44:02.744Z,149.19116,149.19478
2024-01-02T00:44:03.574Z,149.19680,149.20136
2024-01-02T00:44:04.508Z,149.18637,149.18997
2024-01-02T00:44:05.775Z,149.17987,149.18404
2024-01-02T00:44:07.196Z,149.17930,149.18378
2024-01-02T00:44:08.455Z,149.18228,149.18684
2024-01-02T00:44:09.477Z,149.17824,149.18166
2024-01-02T00:44:10.471Z,149.18010,149.18338
2024-01-02T00:44:11.259Z,149.18601,149.19081
2024-01-02T00:44:12.263Z,149.20151,149.20494
2024-01-02T00:44:12.870Z,149.19976,149.20442
2024-01-02T00:44:14.268Z,149.20606,149.21035
2024-01-02T00:44:15.129Z,149.21317,149.21759
2024-01-02T00:44:16.120Z,149.20569,149.20944
2024-01-02T00:44:17.224Z,149.21112,149.21477
2024-01-02T00:44:18.634Z,149.21349,149.21692
2024-01-02T00:44:19.374Z,149.21973,149.22397
2024-01-02T00:44:20.419Z,149.20933,149.21286
2024-01-02T00:44:21.017Z,149.20905,149.21264
2024-01-02T00:44:22.410Z,149.21076,149.21500
2024-01-02T00:44:23.766Z,149.20560,149.21009
2024-01-02T00:44:25.118Z,149.21065,149.21394
2024-01-02T00:44:25.673Z,149.20462,149.20871
2024-01-02T00:44:26.844Z,149.19960,149.20290
2024-01-02T00:44:27.800Z,149.19902,149.20252
2024-01-02T00:44:29.132Z,149.21186,149.21609
2024-01-02T00:44:30.555Z,149.20055,149.20516
2024-01-02T00:44:31.940Z,149.19856,149.20200
2024-01-02T00:44:33.102Z,149.19792,149.20196
2024-01-02T00:44:34.177Z,149.19539,149.19887
2024-01-02T00:44:34.733Z,149.18779,149.19117
2024-01-02T00:44:35.637Z,149.18479,149.18906
2024-01-02T00:44:36.557Z,149.17670,149.18135
2024-01-02T00:44:37.730Z,149.18677,149.19108
2024-01-02T00:44:38.511Z,149.19088,149.19440
2024-01-02T00:44:39.857Z,149.18738,149.19191
2024-01-02T00:44:40.358Z,149.18627,149.19042
2024-01-02T00:44:41.399Z,149.18429,149.18892
2024-01-02T00:44:42.073Z,149.18788,149.19164
2024-01-02T00:44:43.503Z,149.19117,149.19472
2024-01-02T00:44:44.301Z,149.18465,149.18842
2024-01-02T00:44:45.178Z,149.18476,149.18884
2024-01-02T00:44:46.381Z,149.17186,149.17640
2024-01-02T00:44:46.945Z,149.16132,149.16608
2024-01-02T00:44:48.326Z,149.16722,149.17168
2024-01-02T00:44:49.799Z,149.15566,149.16022
2024-01-02T00:44:50.622Z,149.16857,149.17180
2024-01-02T00:44:51.198Z,149.16596,149.16999
2024-01-02T00:44:51.957Z,149.16270,149.16733
2024-01-02T00:44:53.450Z,149.16723,149.17070
2024-01-02T00:44:54.823Z,149.17067,149.17439
2024-01-02T00:44:55.822Z,149.15740,149.16193
2024-01-02T00:44:57.128Z,149.17401,149.17836
2024-01-02T00:44:58.396Z,149.16232,149.16584
2024-01-02T00:44:59.569Z,149.15506,149.15882
2024-01-02T00:45:00.825Z,149.15231,149.15697
2024-01-02T00:45:01.894Z,149.15135,149.15492
2024-01-02T00:45:03.291Z,149.15862,149.16263
2024-01-02T00:45:04.655Z,149.15830,149.16307
2024-01-02T00:45:05.592Z,149.16706,149.17044
2024-01-02T00:45:06.688Z,149.16175,149.16519
2024-01-02T00:45:07.986Z,149.16544,149.16996
2024-01-02T00:45:08.798Z,149.16808,149.17158
2024-01-02T00:45:10.179Z,149.16998,149.17330
2024-01-02T00:45:11.256Z,149.16049,149.16519
2024-01-02T00:45:11.819Z,149.16590,149.16959
2024-01-02T00:45:12.362Z,149.17089,149.17469
2024-01-02T00:45:13.146Z,149.17899,149.18235
2024-01-02T00:45:14.064Z,149.17575,149.17974
2024-01-02T00:45:15.317Z,149.17413,149.17889
2024-01-02T00:45:16.338Z,149.15615,149.15993
2024-01-02T00:45:16.973Z,149.15632,149.16048
2024-01-02T00:45:17.478Z,149.15626,149.16044
2024-01-02T00:45:18.512Z,149.14768,149.15107
2024-01-02T00:45:19.522Z,149.14896,149.15224
2024-01-02T00:45:20.082Z,149.14507,149.14931
2024-01-02T00:45:21.440Z,149.14321,149.14696
2024-01-02T00:45:22.642Z,149.13829,149.14222
2024-01-02T00:45:23.530Z,149.14878,149.15326
2024-01-02T00:45:24.387Z,149.14571,149.14937
2024-01-02T00:45:25.238Z,149.13969,149.14377
2024-01-02T00:45:26.233Z,149.13954,149.14286
2024-01-02T00:45:27.604Z,149.13138,149.13531
2024-01-02T00:45:28.598Z,149.13764,149.14208
2024-01-02T00:45:29.835Z,149.13596,149.13999
2024-01-02T00:45:31.162Z,149.14404,149.14796
2024-01-02T00:45:32.372Z,149.13625,149.13965
2024-01-02T00:45:32.954Z,149.12827,149.13211
2024-01-02T00:45:33.629Z,149.12340,149.12706
2024-01-02T00:45:34.168Z,149.11455,149.11862
2024-01-02T00:45:35.420Z,149.12508,149.12866
2024-01-02T00:45:36.813Z,149.12515,149.12993
2024-01-02T00:45:38.036Z,149.11788,149.12193
2024-01-02T00:45:39.114Z,149.11614,149.12080
2024-01-02T00:45:40.124Z,149.11954,149.12400
2024-01-02T00:45:40.743Z,149.12368,149.12702
2024-01-02T00:45:41.740Z,149.13146,149.13556
2024-01-02T00:45:42.275Z,149.12854,149.13291
2024-01-02T00:45:43.668Z,149.11668,149.12104
2024-01-02T00:45:44.718Z,149.11807,149.12281
2024-01-02T00:45:45.857Z,149.12254,149.12626
2024-01-02T00:45:46.476Z,149.11705,149.12173
2024-01-02T00:45:47.487Z,149.12525,149.12935
2024-01-02T00:45:48.592Z,149.12663,149.13075
2024-01-02T00:45:49.794Z,149.12907,149.13309
2024-01-02T00:45:50.596Z,149.12677,149.13087
2024-01-02T00:45:51.822Z,149.12522,149.12965
2024-01-02T00:45:52.496Z,149.13437,149.13887
2024-01-02T00:45:53.853Z,149.13314,149.13685
2024-01-02T00:45:55.115Z,149.13412,149.13739
2024-01-02T00:45:56.127Z,149.14236,149.14563
2024-01-02T00:45:56.703Z,149.13797,149.14270
2024-01-02T00:45:57.493Z,149.13755,149.14126
2024-01-02T00:45:58.817Z,149.13271,149.13658
2024-01-02T00:46:00.216Z,149.13401,149.13852
2024-01-02T00:46:00.893Z,149.13050,149.13445
2024-01-02T00:46:02.328Z,149.11993,149.12330
2024-01-02T00:46:03.665Z,149.12397,149.12822
2024-01-02T00:46:04.610Z,149.12235,149.12571
2024-01-02T00:46:05.506Z,149.13968,149.14391
2024-01-02T00:46:06.802Z,149.14174,149.14641
2024-01-02T00:46:07.672Z,149.14265,149.14743
2024-01-02T00:46:08.771Z,149.13938,149.14375
2024-01-02T00:46:10.168Z,149.12900,149.13260
2024-01-02T00:46:11.006Z,149.12562,149.12990
2024-01-02T00:46:12.296Z,149.13156,149.13545
2024-01-02T00:46:13.671Z,149.14103,149.14566
2024-01-02T00:46:14.440Z,149.13850,149.14240
2024-01-02T00:46:15.759Z,149.14037,149.14500
2024-01-02T00:46:16.828Z,149.14267,149.14704
2024-01-02T00:46:18.213Z,149.14703,149.15032
2024-01-02T00:46:18.996Z,149.14955,149.15365
2024-01-02T00:46:19.561Z,149.15607,149.16030
2024-01-02T00:46:20.343Z,149.15436,149.15806
2024-01-02T00:46:21.660Z,149.15471,149.15888
2024-01-02T00:46:22.639Z,149.15005,149.15386
2024-01-02T00:46:23.981Z,149.15180,149.15595
2024-01-02T00:46:25.006Z,149.16064,149.16428
2024-01-02T00:46:25.672Z,149.16124,149.16592
2024-01-02T00:46:26.501Z,149.17803,149.18195
2024-01-02T00:46:27.392Z,149.17199,149.17643
2024-01-02T00:46:28.454Z,149.16751,149.17227
2024-01-02T00:46:29.953Z,149.16864,149.17239
2024-01-02T00:46:31.103Z,149.17204,149.17679
2024-01-02T00:46:31.782Z,149.17256,149.17578
2024-01-02T00:46:33.160Z,149.16189,149.16624
2024-01-02T00:46:34.161Z,149.16173,149.16526
2024-01-02T00:46:35.315Z,149.16875,149.17350
2024-01-02T00:46:35.954Z,149.16813,149.17241
2024-01-02T00:46:36.637Z,149.15326,149.15795
2024-01-02T00:46:37.501Z,149.14742,149.15190
2024-01-02T00:46:38.930Z,149.13139,149.13482
2024-01-02T00:46:39.635Z,149.13072,149.13501
2024-01-02T00:46:40.337Z,149.13334,149.13742
2024-01-02T00:46:41.579Z,149.14282,149.14737
2024-01-02T00:46:42.748Z,149.13167,149.13617
2024-01-02T00:46:43.675Z,149.13663,149.14122
2024-01-02T00:46:45.053Z,149.13989,149.14323
2024-01-02T00:46:45.838Z,149.13817,149.14296
2024-01-02T00:46:46.499Z,149.13679,149.14057
2024-01-02T00:46:47.502Z,149.14385,149.14761
2024-01-02T00:46:48.333Z,149.14504,149.14961
2024-01-02T00:46:49.435Z,149.15325,149.15668
2024-01-02T00:46:50.932Z,149.16336,149.16768
2024-01-02T00:46:51.442Z,149.17430,149.17836
2024-01-02T00:46:52.122Z,149.16381,149.16738
2024-01-02T00:46:53.131Z,149.14889,149.15282
2024-01-02T00:46:54.032Z,149.14465,149.14797
2024-01-02T00:46:54.774Z,149.14861,149.15235
2024-01-02T00:46:55.879Z,149.15183,149.15515
2024-01-02T00:46:56.581Z,149.14900,149.15233
2024-01-02T00:46:57.463Z,149.14205,149.14526
2024-01-02T00:46:58.389Z,149.13846,149.14292
2024-01-02T00:46:58.896Z,149.13499,149.13947
2024-01-02T00:46:59.707Z,149.14215,149.14620
2024-01-02T00:47:00.341Z,149.14436,149.14821
2024-01-02T00:47:01.055Z,149.14169,149.14533
2024-01-02T00:47:02.355Z,149.15481,149.15829
2024-01-02T00:47:03.323Z,149.15964,149.16439
2024-01-02T00:47:04.086Z,149.16459,149.16874
2024-01-02T00:47:05.202Z,149.15573,149.15943
2024-01-02T00:47:06.681Z,149.14238,149.14611
2024-01-02T00:47:07.379Z,149.15295,149.15622
2024-01-02T00:47:08.523Z,149.16124,149.16509
2024-01-02T00:47:09.457Z,149.16403,149.16750
2024-01-02T00:47:10.609Z,149.18185,149.18541
2024-01-02T00:47:11.635Z,149.17539,149.17966
2024-01-02T00:47:12.419Z,149.16933,149.17308
2024-01-02T00:47:13.835Z,149.17176,149.17497
2024-01-02T00:47:14.904Z,149.17626,149.18035
2024-01-02T00:47:15.418Z,149.16832,149.17298
2024-01-02T00:47:16.571Z,149.17781,149.18239
2024-01-02T00:47:17.800Z,149.18466,149.18835
2024-01-02T00:47:18.869Z,149.20826,149.21236
2024-01-02T00:47:19.473Z,149.20322,149.20670
2024-01-02T00:47:20.624Z,149.20766,149.21190
2024-01-02T00:47:22.113Z,149.21429,149.21848
2024-01-02T00:47:22.825Z,149.21729,149.22052
2024-01-02T00:47:23.652Z,149.21216,149.21689
2024-01-02T00:47:24.463Z,149.22735,149.23100
2024-01-02T00:47:25.767Z,149.22320,149.22705
2024-01-02T00:47:26.954Z,149.22346,149.22769
2024-01-02T00:47:28.302Z,149.23396,149.23869
2024-01-02T00:47:28.905Z,149.20894,149.21233
2024-01-02T00:47:30.260Z,149.22199,149.22540
2024-01-02T00:47:31.459Z,149.22931,149.23375
2024-01-02T00:47:32.571Z,149.23690,149.24163
2024-01-02T00:47:34.056Z,149.24703,149.25072
2024-01-02T00:47:35.472Z,149.25208,149.25547
2024-01-02T00:47:36.615Z,149.25313,149.25639
2024-01-02T00:47:37.387Z,149.25990,149.26351
2024-01-02T00:47:38.730Z,149.25731,149.26204
2024-01-02T00:47:39.669Z,149.25557,149.25932
2024-01-02T00:47:40.697Z,149.23872,149.24276
2024-01-02T00:47:41.446Z,149.23807,149.24193
2024-01-02T00:47:42.700Z,149.24503,149.24929
2024-01-02T00:47:43.559Z,149.24230,149.24678
2024-01-02T00:47:44.668Z,149.22919,149.23262
2024-01-02T00:47:45.215Z,149.22407,149.22867
2024-01-02T00:47:46.249Z,149.22909,149.23321
2024-01-02T00:47:47.356Z,149.22445,149.22831
2024-01-02T00:47:48.074Z,149.21967,149.22310
2024-01-02T00:47:48.707Z,149.21099,149.21529
2024-01-02T00:47:49.761Z,149.21466,149.21918
2024-01-02T00:47:50.927Z,149.21071,149.21492
2024-01-02T00:47:51.838Z,149.20741,149.21128
2024-01-02T00:47:53.135Z,149.20926,149.21396
2024-01-02T00:47:54.425Z,149.20703,149.21157
2024-01-02T00:47:54.988Z,149.21050,149.21445
2024-01-02T00:47:55.842Z,149.21870,149.22339
2024-01-02T00:47:56.417Z,149.21046,149.21366
2024-01-02T00:47:57.757Z,149.20838,149.21262
2024-01-02T00:47:58.683Z,149.21349,149.21774
2024-01-02T00:48:00.113Z,149.21103,149.21532
2024-01-02T00:48:01.200Z,149.20283,149.20614
2024-01-02T00:48:02.536Z,149.20289,149.20613
2024-01-02T00:48:03.457Z,149.20887,149.21333
2024-01-02T00:48:04.018Z,149.19803,149.20155
2024-01-02T00:48:05.123Z,149.20001,149.20324
2024-01-02T00:48:06.580Z,149.19814,149.20242
2024-01-02T00:48:07.723Z,149.20162,149.20543
2024-01-02T00:48:09.061Z,149.20112,149.20560
2024-01-02T00:48:10.549Z,149.20547,149.20926
2024-01-02T00:48:11.414Z,149.19109,149.19552
2024-01-02T00:48:12.895Z,149.20244,149.20596
2024-01-02T00:48:13.440Z,149.20665,149.21099
2024-01-02T00:48:14.257Z,149.20735,149.21167
2024-01-02T00:48:15.757Z,149.19826,149.20305
2024-01-02T00:48:17.134Z,149.20370,149.20767
2024-01-02T00:48:18.021Z,149.20121,149.20592
2024-01-02T00:48:18.862Z,149.20732,149.21199
2024-01-02T00:48:19.878Z,149.21121,149.21472
2024-01-02T00:48:20.485Z,149.22692,149.23063
2024-01-02T00:48:21.776Z,149.23191,149.23566
2024-01-02T00:48:22.326Z,149.23190,149.23603
2024-01-02T00:48:22.854Z,149.23350,149.23708
2024-01-02T00:48:24.234Z,149.22755,149.23164
2024-01-02T00:48:25.474Z,149.24464,149.24858
2024-01-02T00:48:26.301Z,149.25999,149.26323
2024-01-02T00:48:27.461Z,149.25164,149.25619
2024-01-02T00:48:28.443Z,149.25805,149.26167
2024-01-02T00:48:29.827Z,149.26159,149.26506
2024-01-02T00:48:30.554Z,149.26871,149.27230
2024-01-02T00:48:31.194Z,149.26400,149.26723
2024-01-02T00:48:32.498Z,149.27947,149.28312
2024-01-02T00:48:33.151Z,149.28784,149.29180
2024-01-02T00:48:33.953Z,149.28920,149.29304
2024-01-02T00:48:34.761Z,149.28936,149.29312
2024-01-02T00:48:36.231Z,149.29415,149.29892
2024-01-02T00:48:37.091Z,149.28538,149.28980
2024-01-02T00:48:37.875Z,149.27860,149.28321
2024-01-02T00:48:38.476Z,149.28716,149.29136
2024-01-02T00:48:39.563Z,149.29163,149.29620
2024-01-02T00:48:40.192Z,149.29111,149.29583
2024-01-02T00:48:41.390Z,149.29826,149.30270
2024-01-02T00:48:41.941Z,149.30925,149.31368
2024-01-02T00:48:42.960Z,149.31997,149.32463
2024-01-02T00:48:43.964Z,149.32634,149.33097
2024-01-02T00:48:45.067Z,149.32416,149.32816
2024-01-02T00:48:45.592Z,149.32435,149.32851
2024-01-02T00:48:46.253Z,149.33039,149.33451
2024-01-02T00:48:47.640Z,149.32654,149.33092
2024-01-02T00:48:48.771Z,149.32955,149.33277
2024-01-02T00:48:49.558Z,149.33212,149.33675
2024-01-02T00:48:50.703Z,149.34510,149.34887
2024-01-02T00:48:51.276Z,149.33879,149.34311
2024-01-02T00:48:51.883Z,149.34072,149.34448
2024-01-02T00:48:53.250Z,149.35438,149.35779
2024-01-02T00:48:54.396Z,149.35934,149.36388
2024-01-02T00:48:55.304Z,149.35905,149.36326
2024-01-02T00:48:55.897Z,149.36636,149.36965
2024-01-02T00:48:57.064Z,149.37292,149.37763
2024-01-02T00:48:58.044Z,149.38848,149.39299
2024-01-02T00:48:58.775Z,149.38765,149.39148
2024-01-02T00:49:00.138Z,149.39905,149.40314
2024-01-02T00:49:01.557Z,149.39685,149.40151
2024-01-02T00:49:02.440Z,149.39352,149.39727
2024-01-02T00:49:03.636Z,149.39013,149.39459
2024-01-02T00:49:04.814Z,149.38939,149.39359
2024-01-02T00:49:05.622Z,149.38262,149.38596
2024-01-02T00:49:06.302Z,149.39202,149.39655
2024-01-02T00:49:07.642Z,149.38578,149.38984
2024-01-02T00:49:08.992Z,149.39344,149.39735
2024-01-02T00:49:09.903Z,149.40374,149.40839
2024-01-02T00:49:11.168Z,149.42249,149.42595
2024-01-02T00:49:11.981Z,149.42314,149.42731
2024-01-02T00:49:13.307Z,149.41210,149.41543
2024-01-02T00:49:13.962Z,149.42037,149.42503
2024-01-02T00:49:15.422Z,149.41825,149.42277
2024-01-02T00:49:16.128Z,149.42043,149.42486
2024-01-02T00:49:17.483Z,149.42648,149.43028
2024-01-02T00:49:18.075Z,149.43181,149.43520
2024-01-02T00:49:19.470Z,149.44268,149.44637
2024-01-02T00:49:20.001Z,149.45913,149.46269
2024-01-02T00:49:20.826Z,149.45260,149.45671
2024-01-02T00:49:21.906Z,149.45555,149.45945
2024-01-02T00:49:22.444Z,149.46611,149.46981
2024-01-02T00:49:23.278Z,149.45915,149.46345
2024-01-02T00:49:23.897Z,149.45551,149.45926
2024-01-02T00:49:24.512Z,149.45326,149.45790
2024-01-02T00:49:25.983Z,149.44139,149.44460
2024-01-02T00:49:27.089Z,149.45621,149.45979
2024-01-02T00:49:28.368Z,149.46477,149.46906
2024-01-02T00:49:29.524Z,149.45672,149.46040
2024-01-02T00:49:30.772Z,149.46670,149.47099
2024-01-02T00:49:31.966Z,149.45607,149.46064
2024-01-02T00:49:32.576Z,149.45359,149.45812
2024-01-02T00:49:33.171Z,149.46120,149.46503
2024-01-02T00:49:33.800Z,149.46537,149.46941
2024-01-02T00:49:34.384Z,149.47193,149.47631
2024-01-02T00:49:35.094Z,149.46675,149.47002
2024-01-02T00:49:36.031Z,149.47752,149.48098
2024-01-02T00:49:37.363Z,149.46756,149.47107
2024-01-02T00:49:38.391Z,149.47222,149.47637
2024-01-02T00:49:39.083Z,149.47651,149.47974
2024-01-02T00:49:39.683Z,149.46836,149.47289
2024-01-02T00:49:40.475Z,149.46390,149.46758
2024-01-02T00:49:41.566Z,149.46029,149.46425
2024-01-02T00:49:42.549Z,149.45973,149.46410
2024-01-02T00:49:43.358Z,149.47097,149.47569
2024-01-02T00:49:43.879Z,149.47681,149.48113
2024-01-02T00:49:44.667Z,149.46451,149.46876
2024-01-02T00:49:45.168Z,149.45487,149.45903
2024-01-02T00:49:45.919Z,149.46656,149.47088
2024-01-02T00:49:47.126Z,149.45491,149.45971
2024-01-02T00:49:47.871Z,149.45178,149.45645
2024-01-02T00:49:49.347Z,149.45895,149.46321
2024-01-02T00:49:49.962Z,149.45948,149.46358
2024-01-02T00:49:50.629Z,149.46198,149.46528
2024-01-02T00:49:51.235Z,149.45133,149.45599
2024-01-02T00:49:52.463Z,149.45629,149.46012
2024-01-02T00:49:53.683Z,149.45314,149.45678
2024-01-02T00:49:54.746Z,149.46118,149.46471
2024-01-02T00:49:55.498Z,149.45952,149.46352
2024-01-02T00:49:56.643Z,149.46557,149.46894
2024-01-02T00:49:57.704Z,149.48187,149.48525
2024-01-02T00:49:58.450Z,149.47662,149.48014
2024-01-02T00:49:58.996Z,149.46869,149.47253
2024-01-02T00:50:00.054Z,149.47129,149.47604
2024-01-02T00:50:01.138Z,149.46235,149.46557
2024-01-02T00:50:02.020Z,149.45770,149.46199
2024-01-02T00:50:03.360Z,149.46746,149.47069
2024-01-02T00:50:04.225Z,149.46564,149.47026
2024-01-02T00:50:05.449Z,149.46805,149.47144
2024-01-02T00:50:06.635Z,149.46651,149.46982
2024-01-02T00:50:08.122Z,149.46552,149.46958
2024-01-02T00:50:09.262Z,149.46784,149.47187
2024-01-02T00:50:10.572Z,149.47160,149.47567
2024-01-02T00:50:11.970Z,149.46683,149.47116
2024-01-02T00:50:13.391Z,149.45709,149.46116
2024-01-02T00:50:14.775Z,149.46007,149.46440
2024-01-02T00:50:16.210Z,149.46404,149.46814
2024-01-02T00:50:17.284Z,149.46150,149.46556
2024-01-02T00:50:18.513Z,149.46642,149.46989
2024-01-02T00:50:19.480Z,149.48827,149.49152
2024-01-02T00:50:20.612Z,149.48262,149.48709
2024-01-02T00:50:21.371Z,149.48687,149.49078
2024-01-02T00:50:22.425Z,149.48160,149.48621
2024-01-02T00:50:23.619Z,149.47993,149.48423
2024-01-02T00:50:25.022Z,149.47972,149.48373
2024-01-02T00:50:26.495Z,149.46654,149.47119
2024-01-02T00:50:27.648Z,149.48172,149.48602
2024-01-02T00:50:28.904Z,149.47932,149.48256
2024-01-02T00:50:30.365Z,149.49603,149.50052
2024-01-02T00:50:31.061Z,149.49573,149.50014
2024-01-02T00:50:32.242Z,149.50675,149.51040
2024-01-02T00:50:33.434Z,149.50464,149.50825
2024-01-02T00:50:34.887Z,149.50772,149.51131
2024-01-02T00:50:35.574Z,149.50208,149.50618
2024-01-02T00:50:36.474Z,149.50916,149.51302
2024-01-02T00:50:37.468Z,149.51902,149.52257
2024-01-02T00:50:38.768Z,149.51392,149.51853
2024-01-02T00:50:40.068Z,149.52834,149.53294
2024-01-02T00:50:40.600Z,149.52421,149.52891
2024-01-02T00:50:41.477Z,149.52266,149.52729
2024-01-02T00:50:42.484Z,149.52527,149.52864
2024-01-02T00:50:43.591Z,149.52830,149.53246
2024-01-02T00:50:44.300Z,149.52694,149.53072
2024-01-02T00:50:45.602Z,149.51443,149.51867
2024-01-02T00:50:46.574Z,149.51790,149.52187
2024-01-02T00:50:47.933Z,149.52994,149.53420
2024-01-02T00:50:49.158Z,149.54534,149.54964
2024-01-02T00:50:50.285Z,149.54688,149.55132
2024-01-02T00:50:51.672Z,149.55358,149.55767
2024-01-02T00:50:52.206Z,149.56576,149.56965
2024-01-02T00:50:53.248Z,149.56498,149.56845
2024-01-02T00:50:53.775Z,149.57718,149.58077
2024-01-02T00:50:54.689Z,149.55854,149.56211
2024-01-02T00:50:55.319Z,149.56635,149.57082
2024-01-02T00:50:56.331Z,149.56640,149.57046
2024-01-02T00:50:57.746Z,149.55961,149.56391
2024-01-02T00:50:58.404Z,149.54946,149.55410
2024-01-02T00:50:59.142Z,149.55097,149.55450
2024-01-02T00:50:59.670Z,149.57090,149.57476
2024-01-02T00:51:00.700Z,149.56857,149.57242
2024-01-02T00:51:01.439Z,149.58097,149.58420
2024-01-02T00:51:01.939Z,149.57600,149.57982
2024-01-02T00:51:03.070Z,149.58295,149.58685
2024-01-02T00:51:04.146Z,149.57374,149.57757
2024-01-02T00:51:05.214Z,149.58179,149.58529
2024-01-02T00:51:06.480Z,149.58401,149.58782
2024-01-02T00:51:07.451Z,149.57865,149.58284
2024-01-02T00:51:08.628Z,149.58281,149.58626
2024-01-02T00:51:09.786Z,149.57261,149.57723
2024-01-02T00:51:10.669Z,149.57203,149.57651
2024-01-02T00:51:11.541Z,149.57567,149.57959
2024-01-02T00:51:12.404Z,149.57883,149.58333
2024-01-02T00:51:13.785Z,149.57647,149.58060
2024-01-02T00:51:14.501Z,149.57509,149.57986
2024-01-02T00:51:15.875Z,149.57610,149.57940
2024-01-02T00:51:17.078Z,149.58250,149.58631
2024-01-02T00:51:18.058Z,149.58627,149.58971
2024-01-02T00:51:18.579Z,149.58740,149.59077
2024-01-02T00:51:19.838Z,149.58046,149.58498
2024-01-02T00:51:20.937Z,149.57659,149.58104
2024-01-02T00:51:21.622Z,149.57475,149.57924
2024-01-02T00:51:22.183Z,149.58520,149.58930
2024-01-02T00:51:22.895Z,149.58368,149.58756
2024-01-02T00:51:23.445Z,149.58656,149.59070
2024-01-02T00:51:24.270Z,149.59614,149.60023
2024-01-02T00:51:24.792Z,149.60914,149.61266
2024-01-02T00:51:25.336Z,149.61616,149.62082
2024-01-02T00:51:26.107Z,149.61787,149.62172
2024-01-02T00:51:26.610Z,149.62250,149.62650
2024-01-02T00:51:27.598Z,149.62060,149.62405
2024-01-02T00:51:28.579Z,149.61124,149.61595
2024-01-02T00:51:29.738Z,149.60699,149.61049
2024-01-02T00:51:31.212Z,149.60594,149.61058
2024-01-02T00:51:32.606Z,149.60634,149.60973
2024-01-02T00:51:33.106Z,149.61081,149.61448
2024-01-02T00:51:33.868Z,149.61126,149.61601
2024-01-02T00:51:34.708Z,149.60534,149.60974
2024-01-02T00:51:35.624Z,149.60288,149.60655
2024-01-02T00:51:36.637Z,149.61408,149.61870
2024-01-02T00:51:37.244Z,149.60628,149.61086
2024-01-02T00:51:37.779Z,149.61181,149.61617
2024-01-02T00:51:38.530Z,149.61974,149.62396
2024-01-02T00:51:39.446Z,149.61877,149.62265
2024-01-02T00:51:40.663Z,149.61700,149.62172
2024-01-02T00:51:41.938Z,149.61298,149.61775
2024-01-02T00:51:42.635Z,149.60881,149.61236
2024-01-02T00:51:43.806Z,149.61261,149.61693
2024-01-02T00:51:44.383Z,149.61510,149.61975
2024-01-02T00:51:45.382Z,149.61885,149.62254
2024-01-02T00:51:46.612Z,149.62145,149.62481
2024-01-02T00:51:47.472Z,149.64251,149.64610
2024-01-02T00:51:48.212Z,149.63981,149.64311
2024-01-02T00:51:49.104Z,149.63614,149.63996
2024-01-02T00:51:49.667Z,149.63030,149.63497
2024-01-02T00:51:50.648Z,149.63096,149.63417
2024-01-02T00:51:52.047Z,149.63967,149.64337
2024-01-02T00:51:52.570Z,149.64763,149.65201
2024-01-02T00:51:54.002Z,149.65110,149.65583
2024-01-02T00:51:54.826Z,149.65926,149.66312
2024-01-02T00:51:55.742Z,149.66523,149.66966
2024-01-02T00:51:56.968Z,149.67285,149.67621
2024-01-02T00:51:57.615Z,149.67256,149.67589
2024-01-02T00:51:58.443Z,149.66987,149.67451
2024-01-02T00:51:59.860Z,149.67102,149.67480
2024-01-02T00:52:00.570Z,149.67617,149.67977
2024-01-02T00:52:01.457Z,149.67897,149.68251
2024-01-02T00:52:02.265Z,149.67819,149.68172
2024-01-02T00:52:02.922Z,149.67605,149.68050
2024-01-02T00:52:04.231Z,149.67759,149.68165
2024-01-02T00:52:04.776Z,149.69077,149.69541
2024-01-02T00:52:06.061Z,149.69616,149.70026
2024-01-02T00:52:07.298Z,149.70841,149.71184
2024-01-02T00:52:08.696Z,149.71128,149.71463
2024-01-02T00:52:09.904Z,149.69945,149.70276
2024-01-02T00:52:10.606Z,149.68712,149.69041
2024-01-02T00:52:11.347Z,149.69499,149.69842
2024-01-02T00:52:12.349Z,149.68269,149.68608
2024-01-02T00:52:13.235Z,149.67830,149.68227
2024-01-02T00:52:14.394Z,149.68889,149.69255
2024-01-02T00:52:15.576Z,149.68986,149.69421
2024-01-02T00:52:16.806Z,149.68207,149.68626
2024-01-02T00:52:18.182Z,149.68639,149.69103
2024-01-02T00:52:18.743Z,149.67935,149.68359
2024-01-02T00:52:19.726Z,149.68446,149.68880
2024-01-02T00:52:20.686Z,149.68259,149.68583
2024-01-02T00:52:21.542Z,149.69288,149.69620
2024-01-02T00:52:22.567Z,149.68658,149.68981
2024-01-02T00:52:23.944Z,149.69058,149.69459
2024-01-02T00:52:24.647Z,149.68959,149.69416
2024-01-02T00:52:25.807Z,149.67855,149.68290
2024-01-02T00:52:26.373Z,149.68390,149.68798
2024-01-02T00:52:27.770Z,149.68400,149.68880
2024-01-02T00:52:28.485Z,149.69165,149.69537
2024-01-02T00:52:28.994Z,149.68980,149.69425
2024-01-02T00:52:30.166Z,149.68631,149.68981
2024-01-02T00:52:30.755Z,149.68700,149.69178
2024-01-02T00:52:31.348Z,149.69150,149.69521
2024-01-02T00:52:32.476Z,149.68994,149.69471
2024-01-02T00:52:33.400Z,149.70140,149.70463
2024-01-02T00:52:34.893Z,149.68985,149.69405
2024-01-02T00:52:35.483Z,149.70244,149.70659
2024-01-02T00:52:36.392Z,149.71005,149.71342
2024-01-02T00:52:37.413Z,149.70754,149.71136
2024-01-02T00:52:38.731Z,149.69702,149.70101
2024-01-02T00:52:39.730Z,149.70096,149.70572
2024-01-02T00:52:41.097Z,149.70811,149.71196
2024-01-02T00:52:42.147Z,149.70060,149.70530
2024-01-02T00:52:42.839Z,149.70629,149.70952
2024-01-02T00:52:44.150Z,149.70552,149.71015
2024-01-02T00:52:45.049Z,149.71162,149.71598
2024-01-02T00:52:46.216Z,149.71481,149.71808
2024-01-02T00:52:47.226Z,149.72656,149.73129
2024-01-02T00:52:47.835Z,149.73106,149.73467
2024-01-02T00:52:49.079Z,149.72559,149.73008
2024-01-02T00:52:49.581Z,149.73346,149.73685
2024-01-02T00:52:50.475Z,149.74489,149.74949
2024-01-02T00:52:51.470Z,149.76422,149.76783
2024-01-02T00:52:52.204Z,149.76882,149.77246
2024-01-02T00:52:52.888Z,149.76802,149.77175
2024-01-02T00:52:53.633Z,149.75495,149.75876
2024-01-02T00:52:54.245Z,149.76393,149.76788
2024-01-02T00:52:55.699Z,149.76017,149.76476
2024-01-02T00:52:56.862Z,149.77232,149.77565
2024-01-02T00:52:57.403Z,149.77718,149.78112
2024-01-02T00:52:58.709Z,149.76975,149.77427
2024-01-02T00:52:59.278Z,149.75825,149.76230
2024-01-02T00:53:00.068Z,149.75771,149.76231
2024-01-02T00:53:00.639Z,149.76406,149.76758
2024-01-02T00:53:01.907Z,149.75926,149.76347
2024-01-02T00:53:02.650Z,149.77028,149.77371
2024-01-02T00:53:03.937Z,149.77871,149.78243
2024-01-02T00:53:05.129Z,149.78148,149.78569
2024-01-02T00:53:06.375Z,149.78264,149.78711
2024-01-02T00:53:07.576Z,149.78157,149.78568
2024-01-02T00:53:08.196Z,149.77889,149.78359
2024-01-02T00:53:09.623Z,149.77329,149.77775
2024-01-02T00:53:10.789Z,149.78242,149.78711
2024-01-02T00:53:11.798Z,149.78235,149.78597
2024-01-02T00:53:12.524Z,149.79097,149.79494
2024-01-02T00:53:13.563Z,149.77767,149.78164
2024-01-02T00:53:14.289Z,149.77294,149.77675
2024-01-02T00:53:15.362Z,149.77185,149.77547
2024-01-02T00:53:16.597Z,149.76790,149.77216
2024-01-02T00:53:17.741Z,149.77528,149.77869
2024-01-02T00:53:18.689Z,149.79328,149.79700
2024-01-02T00:53:19.406Z,149.79002,149.79403
2024-01-02T00:53:20.628Z,149.78904,149.79343
2024-01-02T00:53:22.088Z,149.79424,149.79831
2024-01-02T00:53:23.047Z,149.79224,149.79623
2024-01-02T00:53:23.917Z,149.80043,149.80407
2024-01-02T00:53:25.278Z,149.80973,149.81431
2024-01-02T00:53:25.798Z,149.80781,149.81117
2024-01-02T00:53:27.123Z,149.80082,149.80412
2024-01-02T00:53:28.275Z,149.78723,149.79112
2024-01-02T00:53:29.573Z,149.78207,149.78598
2024-01-02T00:53:30.623Z,149.78171,149.78590
2024-01-02T00:53:31.151Z,149.77659,149.78051
2024-01-02T00:53:32.407Z,149.77642,149.78015
2024-01-02T00:53:33.259Z,149.77074,149.77488
2024-01-02T00:53:34.046Z,149.78272,149.78641
2024-01-02T00:53:35.275Z,149.79374,149.79703
2024-01-02T00:53:36.649Z,149.78149,149.78580
2024-01-02T00:53:37.880Z,149.78681,149.79124
2024-01-02T00:53:38.600Z,149.77465,149.77832
2024-01-02T00:53:39.454Z,149.77998,149.78355
2024-01-02T00:53:40.516Z,149.77284,149.77621
2024-01-02T00:53:41.197Z,149.77950,149.78356
2024-01-02T00:53:41.929Z,149.77592,149.77974
2024-01-02T00:53:43.034Z,149.76896,149.77347
2024-01-02T00:53:43.798Z,149.76650,149.76994
2024-01-02T00:53:44.972Z,149.76783,149.77166
2024-01-02T00:53:46.086Z,149.75355,149.75781
2024-01-02T00:53:47.527Z,149.76632,149.77053
2024-01-02T00:53:48.654Z,149.76350,149.76688
2024-01-02T00:53:49.475Z,149.75707,149.76167
2024-01-02T00:53:50.850Z,149.75276,149.75620
2024-01-02T00:53:51.753Z,149.75036,149.75513
2024-01-02T00:53:52.751Z,149.73892,149.74275
2024-01-02T00:53:53.318Z,149.75003,149.75440
2024-01-02T00:53:54.050Z,149.74755,149.75081
2024-01-02T00:53:55.539Z,149.75413,149.75828
2024-01-02T00:53:56.690Z,149.75917,149.76381
2024-01-02T00:53:57.897Z,149.75108,149.75572
2024-01-02T00:53:59.098Z,149.75216,149.75674
2024-01-02T00:54:00.289Z,149.74265,149.74587
2024-01-02T00:54:01.758Z,149.74081,149.74519
2024-01-02T00:54:03.160Z,149.74289,149.74667
2024-01-02T00:54:04.232Z,149.73413,149.73862
2024-01-02T00:54:05.706Z,149.73522,149.73902
2024-01-02T00:54:06.417Z,149.71861,149.72313
2024-01-02T00:54:07.578Z,149.71216,149.71654
2024-01-02T00:54:08.397Z,149.71572,149.71988
2024-01-02T00:54:08.946Z,149.71333,149.71811
2024-01-02T00:54:09.897Z,149.71595,149.71986
2024-01-02T00:54:10.409Z,149.72359,149.72695
2024-01-02T00:54:11.196Z,149.71387,149.71845
2024-01-02T00:54:12.504Z,149.71019,149.71415
2024-01-02T00:54:13.566Z,149.71629,149.72051
2024-01-02T00:54:14.716Z,149.71861,149.72248
2024-01-02T00:54:15.492Z,149.71398,149.71753
2024-01-02T00:54:16.029Z,149.70898,149.71254
2024-01-02T00:54:17.193Z,149.70539,149.70919
2024-01-02T00:54:18.368Z,149.69826,149.70293
2024-01-02T00:54:19.664Z,149.69973,149.70426
2024-01-02T00:54:20.265Z,149.70793,149.71116
2024-01-02T00:54:21.661Z,149.71995,149.72398
2024-01-02T00:54:22.729Z,149.72346,149.72763
2024-01-02T00:54:23.932Z,149.72365,149.72717
2024-01-02T00:54:24.545Z,149.72154,149.72634
2024-01-02T00:54:25.306Z,149.71648,149.72008
2024-01-02T00:54:25.880Z,149.70661,149.70991
2024-01-02T00:54:27.294Z,149.71018,149.71368
2024-01-02T00:54:28.445Z,149.70988,149.71426
2024-01-02T00:54:29.731Z,149.71560,149.72032
2024-01-02T00:54:30.878Z,149.73141,149.73495
2024-01-02T00:54:32.274Z,149.72486,149.72874
2024-01-02T00:54:33.520Z,149.73931,149.74307
2024-01-02T00:54:34.255Z,149.73027,149.73431
2024-01-02T00:54:34.841Z,149.73622,149.73963
2024-01-02T00:54:35.470Z,149.73708,149.74032
2024-01-02T00:54:36.502Z,149.73621,149.73967
2024-01-02T00:54:37.841Z,149.74173,149.74611
2024-01-02T00:54:39.002Z,149.74402,149.74746
2024-01-02T00:54:39.950Z,149.75207,149.75660
2024-01-02T00:54:40.520Z,149.76824,149.77264
2024-01-02T00:54:41.773Z,149.75124,149.75507
2024-01-02T00:54:42.902Z,149.75315,149.75793
2024-01-02T00:54:43.911Z,149.75025,149.75467
2024-01-02T00:54:44.969Z,149.74189,149.74662
2024-01-02T00:54:46.340Z,149.73696,149.74067
2024-01-02T00:54:47.753Z,149.72946,149.73380
2024-01-02T00:54:48.733Z,149.73242,149.73644
2024-01-02T00:54:50.224Z,149.72715,149.73190
2024-01-02T00:54:51.524Z,149.72932,149.73389
2024-01-02T00:54:52.396Z,149.72520,149.72933
2024-01-02T00:54:53.221Z,149.72288,149.72726
2024-01-02T00:54:54.668Z,149.71450,149.71789
2024-01-02T00:54:56.023Z,149.71838,149.72302
2024-01-02T00:54:57.041Z,149.73126,149.73558
2024-01-02T00:54:58.063Z,149.73384,149.73837
2024-01-02T00:54:58.846Z,149.73576,149.74055
2024-01-02T00:54:59.703Z,149.72823,149.73199
2024-01-02T00:55:00.346Z,149.73387,149.73715
2024-01-02T00:55:00.857Z,149.73408,149.73852
2024-01-02T00:55:01.713Z,149.73601,149.73966
2024-01-02T00:55:03.061Z,149.74357,149.74700
2024-01-02T00:55:04.014Z,149.75103,149.75517
2024-01-02T00:55:04.528Z,149.74307,149.74738
2024-01-02T00:55:05.112Z,149.74268,149.74689
2024-01-02T00:55:06.306Z,149.75090,149.75523
2024-01-02T00:55:06.995Z,149.75587,149.76011
2024-01-02T00:55:08.413Z,149.75581,149.76004
2024-01-02T00:55:09.319Z,149.74703,149.75136
2024-01-02T00:55:10.070Z,149.75018,149.75345
2024-01-02T00:55:11.268Z,149.74778,149.75229
2024-01-02T00:55:12.564Z,149.74981,149.75360
2024-01-02T00:55:13.348Z,149.74656,149.75122
2024-01-02T00:55:14.477Z,149.72644,149.73008
2024-01-02T00:55:15.514Z,149.72504,149.72916
2024-01-02T00:55:16.048Z,149.74614,149.75052
2024-01-02T00:55:16.954Z,149.74227,149.74698
2024-01-02T00:55:17.784Z,149.72652,149.73120
2024-01-02T00:55:18.892Z,149.72010,149.72442
2024-01-02T00:55:20.036Z,149.73183,149.73561
2024-01-02T00:55:21.301Z,149.73699,149.74118
2024-01-02T00:55:22.442Z,149.73868,149.74243
2024-01-02T00:55:23.162Z,149.74216,149.74605
2024-01-02T00:55:24.334Z,149.74582,149.74991
2024-01-02T00:55:25.125Z,149.74677,149.75140
2024-01-02T00:55:26.073Z,149.73682,149.74155
2024-01-02T00:55:27.423Z,149.73443,149.73868
2024-01-02T00:55:28.509Z,149.73914,149.74281
2024-01-02T00:55:29.950Z,149.73741,149.74135
2024-01-02T00:55:30.867Z,149.73464,149.73936
2024-01-02T00:55:31.429Z,149.73071,149.73398
2024-01-02T00:55:32.928Z,149.73978,149.74404
2024-01-02T00:55:34.061Z,149.73644,149.74117
2024-01-02T00:55:34.844Z,149.73277,149.73671
2024-01-02T00:55:35.601Z,149.73612,149.73974
2024-01-02T00:55:36.441Z,149.73574,149.73993
2024-01-02T00:55:37.040Z,149.73852,149.74184
2024-01-02T00:55:38.535Z,149.73155,149.73586
2024-01-02T00:55:39.340Z,149.72536,149.72942
2024-01-02T00:55:40.178Z,149.72780,149.73245
2024-01-02T00:55:41.566Z,149.72584,149.72957
2024-01-02T00:55:42.760Z,149.71479,149.71929
2024-01-02T00:55:44.184Z,149.72066,149.72525
2024-01-02T00:55:45.203Z,149.74107,149.74497
2024-01-02T00:55:46.500Z,149.73121,149.73511
2024-01-02T00:55:47.897Z,149.71831,149.72266
2024-01-02T00:55:48.506Z,149.71484,149.71917
2024-01-02T00:55:49.234Z,149.72002,149.72407
2024-01-02T00:55:50.427Z,149.72620,149.73073
2024-01-02T00:55:51.405Z,149.72182,149.72650
2024-01-02T00:55:52.166Z,149.74520,149.74850
2024-01-02T00:55:53.194Z,149.74539,149.74993
2024-01-02T00:55:54.149Z,149.76105,149.76448
2024-01-02T00:55:55.012Z,149.75194,149.75617
2024-01-02T00:55:56.300Z,149.74307,149.74687
2024-01-02T00:55:56.990Z,149.74357,149.74732
2024-01-02T00:55:57.787Z,149.74436,149.74834
2024-01-02T00:55:58.629Z,149.75265,149.75734
2024-01-02T00:55:59.685Z,149.74878,149.75333
2024-01-02T00:56:00.985Z,149.73999,149.74425
2024-01-02T00:56:01.750Z,149.75581,149.75935
2024-01-02T00:56:02.341Z,149.75632,149.75987
2024-01-02T00:56:03.362Z,149.75592,149.75954
2024-01-02T00:56:04.559Z,149.75303,149.75668
2024-01-02T00:56:05.587Z,149.75145,149.75585
2024-01-02T00:56:06.755Z,149.76239,149.76634
2024-01-02T00:56:08.146Z,149.76343,149.76822
2024-01-02T00:56:09.509Z,149.74950,149.75289
2024-01-02T00:56:10.122Z,149.74395,149.74720
2024-01-02T00:56:10.654Z,149.73721,149.74106
2024-01-02T00:56:11.167Z,149.73043,149.73469
2024-01-02T00:56:11.836Z,149.72058,149.72531
2024-01-02T00:56:12.612Z,149.72849,149.73169
2024-01-02T00:56:13.358Z,149.72616,149.73044
2024-01-02T00:56:14.154Z,149.71589,149.71946
2024-01-02T00:56:15.629Z,149.70740,149.71142
2024-01-02T00:56:17.126Z,149.71288,149.71658
2024-01-02T00:56:17.970Z,149.71445,149.71779
2024-01-02T00:56:18.968Z,149.71316,149.71788
2024-01-02T00:56:19.955Z,149.72445,149.72923
2024-01-02T00:56:21.429Z,149.72863,149.73220
2024-01-02T00:56:22.049Z,149.74491,149.74890
2024-01-02T00:56:23.476Z,149.75909,149.76251
2024-01-02T00:56:24.639Z,149.76474,149.76931
2024-01-02T00:56:25.426Z,149.75056,149.75500
2024-01-02T00:56:26.524Z,149.74016,149.74425
2024-01-02T00:56:28.002Z,149.73880,149.74332
2024-01-02T00:56:29.175Z,149.73772,149.74237
2024-01-02T00:56:29.777Z,149.73327,149.73660
2024-01-02T00:56:31.095Z,149.73123,149.73483
2024-01-02T00:56:32.316Z,149.72642,149.73065
2024-01-02T00:56:33.216Z,149.72289,149.72691
2024-01-02T00:56:34.305Z,149.72885,149.73305
2024-01-02T00:56:34.943Z,149.72150,149.72616
2024-01-02T00:56:35.460Z,149.72159,149.72626
2024-01-02T00:56:36.422Z,149.71885,149.72214
2024-01-02T00:56:37.861Z,149.70810,149.71233
2024-01-02T00:56:39.349Z,149.72720,149.73152
2024-01-02T00:56:40.543Z,149.73208,149.73682
2024-01-02T00:56:41.122Z,149.73545,149.73995
2024-01-02T00:56:42.387Z,149.73723,149.74160
2024-01-02T00:56:43.719Z,149.73684,149.74075
2024-01-02T00:56:44.622Z,149.74215,149.74556
2024-01-02T00:56:45.992Z,149.73726,149.74139
2024-01-02T00:56:46.574Z,149.72379,149.72711
2024-01-02T00:56:47.875Z,149.72934,149.73397
2024-01-02T00:56:49.081Z,149.72489,149.72930
2024-01-02T00:56:49.829Z,149.73304,149.73729
2024-01-02T00:56:50.417Z,149.72913,149.73345
2024-01-02T00:56:51.358Z,149.73495,149.73866
2024-01-02T00:56:52.282Z,149.73808,149.74239
2024-01-02T00:56:53.043Z,149.74231,149.74585
2024-01-02T00:56:54.064Z,149.73914,149.74276
2024-01-02T00:56:55.250Z,149.73274,149.73631
2024-01-02T00:56:56.531Z,149.72513,149.72847
2024-01-02T00:56:57.194Z,149.71484,149.71827
2024-01-02T00:56:58.093Z,149.71229,149.71657
2024-01-02T00:56:59.451Z,149.69925,149.70267
2024-01-02T00:57:00.194Z,149.68722,149.69168
2024-01-02T00:57:01.273Z,149.70595,149.71011
2024-01-02T00:57:02.523Z,149.70434,149.70759
2024-01-02T00:57:03.312Z,149.69916,149.70272
2024-01-02T00:57:03.925Z,149.70453,149.70842
2024-01-02T00:57:04.980Z,149.71209,149.71677
2024-01-02T00:57:06.422Z,149.70645,149.70990
2024-01-02T00:57:07.016Z,149.70867,149.71306
2024-01-02T00:57:07.642Z,149.70244,149.70586
2024-01-02T00:57:08.396Z,149.70928,149.71370
2024-01-02T00:57:08.927Z,149.70035,149.70361
2024-01-02T00:57:10.048Z,149.70079,149.70464
2024-01-02T00:57:11.159Z,149.70961,149.71421
2024-01-02T00:57:12.163Z,149.71299,149.71765
2024-01-02T00:57:13.094Z,149.70918,149.71388
2024-01-02T00:57:13.627Z,149.69506,149.69926
2024-01-02T00:57:14.715Z,149.68876,149.69218
2024-01-02T00:57:15.745Z,149.68866,149.69198
2024-01-02T00:57:17.208Z,149.68866,149.69242
2024-01-02T00:57:17.750Z,149.67966,149.68437
2024-01-02T00:57:18.713Z,149.67358,149.67692
2024-01-02T00:57:20.046Z,149.67149,149.67592
2024-01-02T00:57:20.553Z,149.67761,149.68095
2024-01-02T00:57:21.637Z,149.67670,149.68049
2024-01-02T00:57:22.250Z,149.67450,149.67814
2024-01-02T00:57:23.060Z,149.67256,149.67730
2024-01-02T00:57:23.698Z,149.67122,149.67522
2024-01-02T00:57:24.933Z,149.68519,149.68943
2024-01-02T00:57:25.878Z,149.68361,149.68749
2024-01-02T00:57:26.764Z,149.68534,149.68936
2024-01-02T00:57:27.488Z,149.68811,149.69197
2024-01-02T00:57:28.579Z,149.69870,149.70235
2024-01-02T00:57:29.993Z,149.69948,149.70374
2024-01-02T00:57:31.238Z,149.69981,149.70320
2024-01-02T00:57:32.562Z,149.71319,149.71794
2024-01-02T00:57:33.885Z,149.70527,149.70956
2024-01-02T00:57:34.620Z,149.71242,149.71624
2024-01-02T00:57:35.142Z,149.71565,149.71923
2024-01-02T00:57:36.591Z,149.71666,149.72035
2024-01-02T00:57:37.987Z,149.70466,149.70870
2024-01-02T00:57:38.721Z,149.69116,149.69567
2024-01-02T00:57:39.343Z,149.68358,149.68702
2024-01-02T00:57:40.387Z,149.67678,149.68101
2024-01-02T00:57:41.582Z,149.66822,149.67147
2024-01-02T00:57:42.542Z,149.67467,149.67933
2024-01-02T00:57:43.509Z,149.68218,149.68580
2024-01-02T00:57:44.528Z,149.68288,149.68705
2024-01-02T00:57:45.912Z,149.67744,149.68142
2024-01-02T00:57:46.979Z,149.67351,149.67809
2024-01-02T00:57:48.223Z,149.67411,149.67751
2024-01-02T00:57:48.802Z,149.68312,149.68664
2024-01-02T00:57:50.255Z,149.69029,149.69469
2024-01-02T00:57:51.632Z,149.69213,149.69663
2024-01-02T00:57:52.391Z,149.69790,149.70130
2024-01-02T00:57:53.774Z,149.69856,149.70237
2024-01-02T00:57:54.369Z,149.70082,149.70544
2024-01-02T00:57:54.901Z,149.71017,149.71487
2024-01-02T00:57:56.237Z,149.71689,149.72105
2024-01-02T00:57:57.703Z,149.71608,149.72057
2024-01-02T00:57:59.036Z,149.73807,149.74243
2024-01-02T00:58:00.312Z,149.73421,149.73780
2024-01-02T00:58:00.893Z,149.72890,149.73322
2024-01-02T00:58:02.070Z,149.73327,149.73660
2024-01-02T00:58:02.624Z,149.73166,149.73588
2024-01-02T00:58:03.482Z,149.74917,149.75375
2024-01-02T00:58:04.916Z,149.73341,149.73682
2024-01-02T00:58:06.360Z,149.72865,149.73205
2024-01-02T00:58:06.976Z,149.72324,149.72660
2024-01-02T00:58:07.982Z,149.71945,149.72269
2024-01-02T00:58:08.622Z,149.72502,149.72916
2024-01-02T00:58:09.634Z,149.73169,149.73538
2024-01-02T00:58:10.223Z,149.73947,149.74353
2024-01-02T00:58:11.205Z,149.74363,149.74728
2024-01-02T00:58:12.374Z,149.74557,149.74921
2024-01-02T00:58:13.874Z,149.73937,149.74416
2024-01-02T00:58:14.741Z,149.73544,149.73919
2024-01-02T00:58:16.127Z,149.74102,149.74511
2024-01-02T00:58:16.835Z,149.73479,149.73833
2024-01-02T00:58:18.119Z,149.72325,149.72760
2024-01-02T00:58:19.120Z,149.71758,149.72198
2024-01-02T00:58:19.841Z,149.71402,149.71846
2024-01-02T00:58:21.196Z,149.72058,149.72439
2024-01-02T00:58:22.564Z,149.70998,149.71446
2024-01-02T00:58:23.973Z,149.71359,149.71702
2024-01-02T00:58:24.527Z,149.70309,149.70783
2024-01-02T00:58:25.198Z,149.70628,149.70967
2024-01-02T00:58:25.729Z,149.71841,149.72237
2024-01-02T00:58:26.649Z,149.71009,149.71456
2024-01-02T00:58:27.813Z,149.69652,149.70096
2024-01-02T00:58:28.728Z,149.70073,149.70507
2024-01-02T00:58:30.175Z,149.69557,149.69954
2024-01-02T00:58:31.541Z,149.68979,149.69372
2024-01-02T00:58:32.571Z,149.68844,149.69180
2024-01-02T00:58:33.873Z,149.69042,149.69378
2024-01-02T00:58:35.357Z,149.68912,149.69289
2024-01-02T00:58:36.656Z,149.68914,149.69255
2024-01-02T00:58:37.755Z,149.69587,149.70063
2024-01-02T00:58:39.159Z,149.69662,149.70023
2024-01-02T00:58:40.645Z,149.69553,149.69897
2024-01-02T00:58:41.418Z,149.69587,149.69970
2024-01-02T00:58:41.939Z,149.69855,149.70219
2024-01-02T00:58:43.110Z,149.70297,149.70652
2024-01-02T00:58:44.541Z,149.68448,149.68880
2024-01-02T00:58:45.373Z,149.68581,149.69023
2024-01-02T00:58:46.422Z,149.68141,149.68591
2024-01-02T00:58:47.350Z,149.68692,149.69165
2024-01-02T00:58:48.517Z,149.67969,149.68320
2024-01-02T00:58:49.299Z,149.70139,149.70520
2024-01-02T00:58:49.990Z,149.70376,149.70816
2024-01-02T00:58:50.901Z,149.69774,149.70157
2024-01-02T00:58:51.550Z,149.70803,149.71198
2024-01-02T00:58:52.550Z,149.70097,149.70533
2024-01-02T00:58:53.969Z,149.71086,149.71554
2024-01-02T00:58:54.952Z,149.69210,149.69631
2024-01-02T00:58:55.778Z,149.70290,149.70769
2024-01-02T00:58:57.024Z,149.71488,149.71889
2024-01-02T00:58:57.731Z,149.71511,149.71846
2024-01-02T00:58:59.006Z,149.72457,149.72924
2024-01-02T00:58:59.702Z,149.73301,149.73737
2024-01-02T00:59:00.439Z,149.73652,149.74125
2024-01-02T00:59:01.044Z,149.73629,149.73950
2024-01-02T00:59:02.061Z,149.74427,149.74798
2024-01-02T00:59:02.793Z,149.74131,149.74541
2024-01-02T00:59:03.398Z,149.73734,149.74084
2024-01-02T00:59:03.925Z,149.75250,149.75602
2024-01-02T00:59:05.257Z,149.74230,149.74581
2024-01-02T00:59:06.259Z,149.75231,149.75570
2024-01-02T00:59:07.301Z,149.75075,149.75427
2024-01-02T00:59:08.561Z,149.75077,149.75436
2024-01-02T00:59:09.216Z,149.74085,149.74481
2024-01-02T00:59:09.851Z,149.74509,149.74883
2024-01-02T00:59:11.345Z,149.75273,149.75658
2024-01-02T00:59:12.312Z,149.74571,149.74901
2024-01-02T00:59:13.383Z,149.72905,149.73247
2024-01-02T00:59:14.539Z,149.74016,149.74479
2024-01-02T00:59:15.294Z,149.73974,149.74434
2024-01-02T00:59:16.374Z,149.73953,149.74304
2024-01-02T00:59:17.560Z,149.73497,149.73897
2024-01-02T00:59:18.870Z,149.73011,149.73355
2024-01-02T00:59:19.581Z,149.72656,149.73054
2024-01-02T00:59:20.838Z,149.72662,149.73055
2024-01-02T00:59:21.695Z,149.72886,149.73262
2024-01-02T00:59:23.060Z,149.71194,149.71527
2024-01-02T00:59:24.436Z,149.70196,149.70634
2024-01-02T00:59:25.806Z,149.70120,149.70560
2024-01-02T00:59:26.408Z,149.70073,149.70523
2024-01-02T00:59:27.181Z,149.71231,149.71640
2024-01-02T00:59:28.005Z,149.71871,149.72290
2024-01-02T00:59:29.117Z,149.73079,149.73518
2024-01-02T00:59:30.532Z,149.71490,149.71822
2024-01-02T00:59:31.127Z,149.70922,149.71307
2024-01-02T00:59:31.927Z,149.71279,149.71649
2024-01-02T00:59:33.304Z,149.70400,149.70789
2024-01-02T00:59:34.162Z,149.68827,149.69214
2024-01-02T00:59:35.304Z,149.68090,149.68474
2024-01-02T00:59:35.823Z,149.69115,149.69520
2024-01-02T00:59:36.870Z,149.68546,149.68882
2024-01-02T00:59:37.844Z,149.69425,149.69841
2024-01-02T00:59:39.175Z,149.69356,149.69769
2024-01-02T00:59:39.974Z,149.70320,149.70788
2024-01-02T00:59:41.236Z,149.69623,149.69984
2024-01-02T00:59:41.744Z,149.70702,149.71174
2024-01-02T00:59:42.910Z,149.71462,149.71903
2024-01-02T00:59:44.240Z,149.71422,149.71857
2024-01-02T00:59:45.503Z,149.71023,149.71420
2024-01-02T00:59:46.522Z,149.71851,149.72277
2024-01-02T00:59:47.836Z,149.71127,149.71455
2024-01-02T00:59:48.596Z,149.71310,149.71721
2024-01-02T00:59:49.765Z,149.71953,149.72414
2024-01-02T00:59:50.544Z,149.72681,149.73106
2024-01-02T00:59:51.109Z,149.73588,149.74064
2024-01-02T00:59:52.483Z,149.74708,149.75091
2024-01-02T00:59:53.001Z,149.74325,149.74761
2024-01-02T00:59:54.315Z,149.75223,149.75652
2024-01-02T00:59:55.394Z,149.76359,149.76819
2024-01-02T00:59:56.042Z,149.76942,149.77337
2024-01-02T00:59:56.799Z,149.76090,149.76517
2024-01-02T00:59:57.921Z,149.76803,149.77151
2024-01-02T00:59:59.222Z,149.76458,149.76845
2024-01-02T01:00:00.433Z,149.76239,149.76619
2024-01-02T01:00:01.310Z,149.75138,149.75493
2024-01-02T01:00:02.081Z,149.74866,149.75217
2024-01-02T01:00:02.666Z,149.75061,149.75438
2024-01-02T01:00:03.628Z,149.75778,149.76220
2024-01-02T01:00:04.228Z,149.76467,149.76862
2024-01-02T01:00:05.377Z,149.76174,149.76567
2024-01-02T01:00:06.719Z,149.76070,149.76539
2024-01-02T01:00:07.408Z,149.76688,149.77136
2024-01-02T01:00:08.738Z,149.76709,149.77155
2024-01-02T01:00:09.482Z,149.75954,149.76357
2024-01-02T01:00:10.243Z,149.77129,149.77542
2024-01-02T01:00:10.985Z,149.77270,149.77643
2024-01-02T01:00:12.056Z,149.75894,149.76246
2024-01-02T01:00:12.846Z,149.75365,149.75789
2024-01-02T01:00:13.363Z,149.75681,149.76140
2024-01-02T01:00:14.338Z,149.75500,149.75870
2024-01-02T01:00:15.021Z,149.76062,149.76433
2024-01-02T01:00:16.236Z,149.75603,149.76064
2024-01-02T01:00:17.263Z,149.75681,149.76090
2024-01-02T01:00:18.177Z,149.74550,149.75017
2024-01-02T01:00:19.109Z,149.75030,149.75406
2024-01-02T01:00:20.177Z,149.76264,149.76632
2024-01-02T01:00:21.029Z,149.76233,149.76619
2024-01-02T01:00:22.405Z,149.76193,149.76596
2024-01-02T01:00:23.577Z,149.77068,149.77515
2024-01-02T01:00:24.480Z,149.77550,149.78005
2024-01-02T01:00:25.076Z,149.78902,149.79310
2024-01-02T01:00:26.508Z,149.77596,149.78067
2024-01-02T01:00:27.185Z,149.78002,149.78405
2024-01-02T01:00:28.140Z,149.78013,149.78334
2024-01-02T01:00:29.383Z,149.77512,149.77932
2024-01-02T01:00:30.405Z,149.78518,149.78989
2024-01-02T01:00:31.298Z,149.77722,149.78175
2024-01-02T01:00:32.147Z,149.76728,149.77198
2024-01-02T01:00:32.742Z,149.77239,149.77606
2024-01-02T01:00:34.126Z,149.77690,149.78123
2024-01-02T01:00:35.209Z,149.78184,149.78525
2024-01-02T01:00:36.511Z,149.77105,149.77529
2024-01-02T01:00:37.954Z,149.77757,149.78236
2024-01-02T01:00:39.049Z,149.77997,149.78469
2024-01-02T01:00:39.838Z,149.77249,149.77633
2024-01-02T01:00:40.962Z,149.77133,149.77457
2024-01-02T01:00:42.109Z,149.77526,149.77977
2024-01-02T01:00:42.953Z,149.78556,149.78878
2024-01-02T01:00:44.428Z,149.78346,149.78760
2024-01-02T01:00:45.884Z,149.78453,149.78899
2024-01-02T01:00:47.226Z,149.78719,149.79044
2024-01-02T01:00:47.739Z,149.79290,149.79634
2024-01-02T01:00:48.408Z,149.80607,149.81062
2024-01-02T01:00:49.649Z,149.80396,149.80845
2024-01-02T01:00:50.719Z,149.81265,149.81591
2024-01-02T01:00:52.037Z,149.81321,149.81776
2024-01-02T01:00:53.529Z,149.82706,149.83105
2024-01-02T01:00:54.849Z,149.82049,149.82454
2024-01-02T01:00:55.510Z,149.82683,149.83137
2024-01-02T01:00:56.808Z,149.81803,149.82267
2024-01-02T01:00:57.754Z,149.82062,149.82400
2024-01-02T01:00:58.946Z,149.80653,149.80979
2024-01-02T01:00:59.517Z,149.79510,149.79835
2024-01-02T01:01:00.033Z,149.79624,149.79947
2024-01-02T01:01:00.781Z,149.79290,149.79731
2024-01-02T01:01:01.472Z,149.79344,149.79665
2024-01-02T01:01:02.294Z,149.79701,149.80044
2024-01-02T01:01:03.089Z,149.79408,149.79837
2024-01-02T01:01:04.179Z,149.79827,149.80169
2024-01-02T01:01:05.533Z,149.78291,149.78699
2024-01-02T01:01:06.449Z,149.76469,149.76918
2024-01-02T01:01:07.716Z,149.77612,149.78006
2024-01-02T01:01:09.008Z,149.77166,149.77642
2024-01-02T01:01:09.619Z,149.77173,149.77647
2024-01-02T01:01:10.637Z,149.76150,149.76526
2024-01-02T01:01:12.046Z,149.75556,149.75920
2024-01-02T01:01:12.980Z,149.75406,149.75753
2024-01-02T01:01:14.455Z,149.74781,149.75255
2024-01-02T01:01:15.234Z,149.76098,149.76562
2024-01-02T01:01:16.077Z,149.75876,149.76339
2024-01-02T01:01:17.042Z,149.76363,149.76688
2024-01-02T01:01:17.774Z,149.75764,149.76168
2024-01-02T01:01:18.483Z,149.75656,149.76038
2024-01-02T01:01:19.904Z,149.76288,149.76741
2024-01-02T01:01:21.028Z,149.76294,149.76646
2024-01-02T01:01:22.371Z,149.75890,149.76250
2024-01-02T01:01:23.196Z,149.77214,149.77572
2024-01-02T01:01:23.912Z,149.78817,149.79280
2024-01-02T01:01:25.275Z,149.78376,149.78833
2024-01-02T01:01:25.990Z,149.79142,149.79567
2024-01-02T01:01:27.197Z,149.79029,149.79477
2024-01-02T01:01:27.991Z,149.77448,149.77900
2024-01-02T01:01:28.606Z,149.77088,149.77541
2024-01-02T01:01:29.273Z,149.77812,149.78263
2024-01-02T01:01:29.874Z,149.78692,149.79093
2024-01-02T01:01:30.935Z,149.77739,149.78109
2024-01-02T01:01:32.040Z,149.78477,149.78810
2024-01-02T01:01:33.240Z,149.78731,149.79186
2024-01-02T01:01:34.347Z,149.78002,149.78359
2024-01-02T01:01:35.657Z,149.78536,149.79006
2024-01-02T01:01:36.326Z,149.78589,149.79014
2024-01-02T01:01:37.684Z,149.79213,149.79653
2024-01-02T01:01:38.199Z,149.79580,149.79969
2024-01-02T01:01:39.466Z,149.78778,149.79105
2024-01-02T01:01:40.052Z,149.79082,149.79529
2024-01-02T01:01:40.573Z,149.79570,149.79977
2024-01-02T01:01:41.722Z,149.79447,149.79906
2024-01-02T01:01:42.484Z,149.79030,149.79419
2024-01-02T01:01:43.468Z,149.79217,149.79612
2024-01-02T01:01:44.805Z,149.77866,149.78266
2024-01-02T01:01:45.961Z,149.77264,149.77602
2024-01-02T01:01:47.185Z,149.77103,149.77462
2024-01-02T01:01:48.287Z,149.76646,149.77064
2024-01-02T01:01:49.459Z,149.77573,149.78013
2024-01-02T01:01:50.777Z,149.77239,149.77692
2024-01-02T01:01:52.005Z,149.76450,149.76867
2024-01-02T01:01:53.289Z,149.76303,149.76753
2024-01-02T01:01:54.062Z,149.76242,149.76675
2024-01-02T01:01:54.758Z,149.75824,149.76183
2024-01-02T01:01:55.645Z,149.76637,149.76986
2024-01-02T01:01:56.560Z,149.76618,149.76964
2024-01-02T01:01:57.954Z,149.76723,149.77108
2024-01-02T01:01:59.351Z,149.77667,149.78121
2024-01-02T01:02:00.018Z,149.77640,149.78015
2024-01-02T01:02:00.656Z,149.78164,149.78585
2024-01-02T01:02:01.498Z,149.78716,149.79131
2024-01-02T01:02:02.921Z,149.78632,149.78983
2024-01-02T01:02:04.403Z,149.79052,149.79474
2024-01-02T01:02:05.471Z,149.78442,149.78901
2024-01-02T01:02:06.269Z,149.78183,149.78541
2024-01-02T01:02:07.525Z,149.77434,149.77848
2024-01-02T01:02:08.444Z,149.77232,149.77605
2024-01-02T01:02:09.121Z,149.76986,149.77319
2024-01-02T01:02:10.350Z,149.76249,149.76681
2024-01-02T01:02:11.365Z,149.76049,149.76407
2024-01-02T01:02:12.494Z,149.75806,149.76130
2024-01-02T01:02:13.012Z,149.75002,149.75415
2024-01-02T01:02:13.891Z,149.75143,149.75504
2024-01-02T01:02:14.920Z,149.75522,149.75901
2024-01-02T01:02:16.033Z,149.75300,149.75681
2024-01-02T01:02:16.701Z,149.74398,149.74791
2024-01-02T01:02:18.181Z,149.75286,149.75688
2024-01-02T01:02:18.951Z,149.75294,149.75746
2024-01-02T01:02:19.828Z,149.76421,149.76896
2024-01-02T01:02:21.083Z,149.77919,149.78381
2024-01-02T01:02:21.664Z,149.78293,149.78614
2024-01-02T01:02:22.422Z,149.78066,149.78532
2024-01-02T01:02:23.050Z,149.78776,149.79151
2024-01-02T01:02:24.368Z,149.76371,149.76722
2024-01-02T01:02:25.536Z,149.76374,149.76745
2024-01-02T01:02:26.084Z,149.76216,149.76646
2024-01-02T01:02:26.883Z,149.76158,149.76490
2024-01-02T01:02:27.960Z,149.77533,149.78000
2024-01-02T01:02:29.112Z,149.77637,149.78042
2024-01-02T01:02:30.153Z,149.77570,149.78033
2024-01-02T01:02:31.309Z,149.77225,149.77681
2024-01-02T01:02:32.689Z,149.76726,149.77061
2024-01-02T01:02:33.532Z,149.75695,149.76106
2024-01-02T01:02:34.466Z,149.74027,149.74431
2024-01-02T01:02:35.134Z,149.75098,149.75475
2024-01-02T01:02:36.391Z,149.76443,149.76841
2024-01-02T01:02:37.041Z,149.76740,149.77189
2024-01-02T01:02:37.557Z,149.76756,149.77085
2024-01-02T01:02:38.706Z,149.75325,149.75720
2024-01-02T01:02:39.704Z,149.75270,149.75686
2024-01-02T01:02:40.290Z,149.76172,149.76629
2024-01-02T01:02:41.332Z,149.75697,149.76115
2024-01-02T01:02:41.996Z,149.75548,149.75952
2024-01-02T01:02:43.185Z,149.76118,149.76496
2024-01-02T01:02:44.506Z,149.76025,149.76477
2024-01-02T01:02:45.786Z,149.75849,149.76307
2024-01-02T01:02:46.656Z,149.76023,149.76392
2024-01-02T01:02:47.612Z,149.77614,149.78019
2024-01-02T01:02:48.345Z,149.76885,149.77235
2024-01-02T01:02:49.585Z,149.76683,149.77127
2024-01-02T01:02:50.788Z,149.76270,149.76610
2024-01-02T01:02:52.272Z,149.76039,149.76424
2024-01-02T01:02:53.478Z,149.76199,149.76600
2024-01-02T01:02:54.742Z,149.76139,149.76486
2024-01-02T01:02:55.576Z,149.76090,149.76518
2024-01-02T01:02:56.600Z,149.75392,149.75799
2024-01-02T01:02:57.864Z,149.76082,149.76487
2024-01-02T01:02:58.753Z,149.74124,149.74565
2024-01-02T01:03:00.014Z,149.75211,149.75684
2024-01-02T01:03:01.167Z,149.76006,149.76452
2024-01-02T01:03:02.660Z,149.76387,149.76825
2024-01-02T01:03:03.231Z,149.75411,149.75814
2024-01-02T01:03:04.128Z,149.75942,149.76375
2024-01-02T01:03:05.601Z,149.74063,149.74428
2024-01-02T01:03:06.835Z,149.73533,149.73935
2024-01-02T01:03:07.694Z,149.74122,149.74492
2024-01-02T01:03:08.884Z,149.74397,149.74811
2024-01-02T01:03:09.391Z,149.74470,149.74817
2024-01-02T01:03:10.827Z,149.73612,149.73999
2024-01-02T01:03:11.993Z,149.73896,149.74255
2024-01-02T01:03:12.778Z,149.74231,149.74682
2024-01-02T01:03:13.779Z,149.75412,149.75768
2024-01-02T01:03:14.619Z,149.76719,149.77177
2024-01-02T01:03:15.577Z,149.76583,149.76950
2024-01-02T01:03:17.042Z,149.76504,149.76973
2024-01-02T01:03:18.118Z,149.77397,149.77755
2024-01-02T01:03:18.768Z,149.76654,149.77119
2024-01-02T01:03:19.274Z,149.77104,149.77569
2024-01-02T01:03:20.515Z,149.76543,149.76986
2024-01-02T01:03:21.815Z,149.76013,149.76441
2024-01-02T01:03:22.589Z,149.75780,149.76179
2024-01-02T01:03:23.667Z,149.77797,149.78200
2024-01-02T01:03:24.511Z,149.78169,149.78524
2024-01-02T01:03:25.905Z,149.78147,149.78510
2024-01-02T01:03:26.479Z,149.78876,149.79315
2024-01-02T01:03:27.368Z,149.78959,149.79414
2024-01-02T01:03:28.429Z,149.79524,149.79858
2024-01-02T01:03:29.357Z,149.78073,149.78459
2024-01-02T01:03:30.211Z,149.78044,149.78387
2024-01-02T01:03:31.166Z,149.76740,149.77120
2024-01-02T01:03:32.475Z,149.77322,149.77737
2024-01-02T01:03:33.842Z,149.76615,149.77006
2024-01-02T01:03:34.985Z,149.77400,149.77867
2024-01-02T01:03:36.067Z,149.78418,149.78754
2024-01-02T01:03:37.319Z,149.79970,149.80316
2024-01-02T01:03:38.065Z,149.79124,149.79498
2024-01-02T01:03:38.587Z,149.78311,149.78748
2024-01-02T01:03:39.707Z,149.78081,149.78448
2024-01-02T01:03:40.748Z,149.77172,149.77602
2024-01-02T01:03:41.656Z,149.77566,149.77950
2024-01-02T01:03:42.599Z,149.77048,149.77422
2024-01-02T01:03:43.366Z,149.76896,149.77228
2024-01-02T01:03:44.719Z,149.75458,149.75788
2024-01-02T01:03:45.862Z,149.76748,149.77155
2024-01-02T01:03:46.765Z,149.76031,149.76504
2024-01-02T01:03:47.890Z,149.76435,149.76822
2024-01-02T01:03:48.942Z,149.74925,149.75387
2024-01-02T01:03:49.926Z,149.74815,149.75155
2024-01-02T01:03:51.089Z,149.75107,149.75550
2024-01-02T01:03:52.437Z,149.74679,149.75047
2024-01-02T01:03:53.561Z,149.75480,149.75895
2024-01-02T01:03:54.732Z,149.76232,149.76663
2024-01-02T01:03:55.808Z,149.75551,149.75976
2024-01-02T01:03:56.866Z,149.75878,149.76240
2024-01-02T01:03:57.703Z,149.74884,149.75297
2024-01-02T01:03:58.569Z,149.75139,149.75618
2024-01-02T01:03:59.355Z,149.74485,149.74837
2024-01-02T01:04:00.718Z,149.74726,149.75048
2024-01-02T01:04:01.753Z,149.74901,149.75310
2024-01-02T01:04:02.645Z,149.74937,149.75355
2024-01-02T01:04:03.454Z,149.74982,149.75459
2024-01-02T01:04:04.073Z,149.74088,149.74482
2024-01-02T01:04:04.974Z,149.73981,149.74416
2024-01-02T01:04:05.775Z,149.75100,149.75491
2024-01-02T01:04:06.318Z,149.74905,149.75330
2024-01-02T01:04:07.417Z,149.75609,149.76047
2024-01-02T01:04:08.158Z,149.75430,149.75803
2024-01-02T01:04:09.055Z,149.74097,149.74545
2024-01-02T01:04:09.560Z,149.75031,149.75418
2024-01-02T01:04:10.764Z,149.74637,149.75096
2024-01-02T01:04:11.314Z,149.75124,149.75491
2024-01-02T01:04:12.104Z,149.75003,149.75324
2024-01-02T01:04:13.192Z,149.75072,149.75419
2024-01-02T01:04:14.640Z,149.76791,149.77187
2024-01-02T01:04:15.519Z,149.78128,149.78499
2024-01-02T01:04:16.479Z,149.78288,149.78670
2024-01-02T01:04:17.391Z,149.78314,149.78752
2024-01-02T01:04:18.195Z,149.77167,149.77634
2024-01-02T01:04:19.446Z,149.77587,149.78027
2024-01-02T01:04:20.640Z,149.77506,149.77872
2024-01-02T01:04:21.744Z,149.77709,149.78030
2024-01-02T01:04:22.688Z,149.77642,149.78039
2024-01-02T01:04:24.116Z,149.78012,149.78385
2024-01-02T01:04:25.092Z,149.77515,149.77903
2024-01-02T01:04:25.840Z,149.76977,149.77406
2024-01-02T01:04:27.315Z,149.77590,149.78045
2024-01-02T01:04:28.088Z,149.78837,149.79181
2024-01-02T01:04:28.890Z,149.78603,149.79020
2024-01-02T01:04:30.136Z,149.77469,149.77844
2024-01-02T01:04:31.342Z,149.76620,149.77039
2024-01-02T01:04:31.963Z,149.75908,149.76249
2024-01-02T01:04:33.258Z,149.75791,149.76241
2024-01-02T01:04:34.678Z,149.75632,149.76077
2024-01-02T01:04:35.347Z,149.75849,149.76185
2024-01-02T01:04:35.941Z,149.76398,149.76769
2024-01-02T01:04:36.496Z,149.77107,149.77520
2024-01-02T01:04:37.867Z,149.76775,149.77225
2024-01-02T01:04:39.263Z,149.77222,149.77671
2024-01-02T01:04:40.244Z,149.76358,149.76809
2024-01-02T01:04:41.455Z,149.76716,149.77154
2024-01-02T01:04:42.296Z,149.74870,149.75308
2024-01-02T01:04:43.084Z,149.74205,149.74552
2024-01-02T01:04:43.964Z,149.73409,149.73800
2024-01-02T01:04:45.207Z,149.74231,149.74642
2024-01-02T01:04:46.533Z,149.74848,149.75212
2024-01-02T01:04:47.377Z,149.74871,149.75224
2024-01-02T01:04:48.812Z,149.73830,149.74307
2024-01-02T01:04:49.653Z,149.74922,149.75383
2024-01-02T01:04:50.979Z,149.76029,149.76398
2024-01-02T01:04:52.305Z,149.77978,149.78356
2024-01-02T01:04:53.352Z,149.78918,149.79289
2024-01-02T01:04:54.258Z,149.77805,149.78243
2024-01-02T01:04:55.712Z,149.76697,149.77034
2024-01-02T01:04:56.535Z,149.75078,149.75503
2024-01-02T01:04:57.399Z,149.75022,149.75461
2024-01-02T01:04:58.425Z,149.75333,149.75800
2024-01-02T01:04:59.766Z,149.76064,149.76462
2024-01-02T01:05:01.249Z,149.76798,149.77192
2024-01-02T01:05:02.687Z,149.77039,149.77412
2024-01-02T01:05:04.185Z,149.75495,149.75972
2024-01-02T01:05:05.124Z,149.75570,149.75954
2024-01-02T01:05:06.042Z,149.76834,149.77166
2024-01-02T01:05:07.534Z,149.76381,149.76729
2024-01-02T01:05:08.417Z,149.77695,149.78135
2024-01-02T01:05:09.212Z,149.77145,149.77612
2024-01-02T01:05:10.316Z,149.77691,149.78088
2024-01-02T01:05:10.895Z,149.78809,149.79160
2024-01-02T01:05:12.316Z,149.79414,149.79885
2024-01-02T01:05:13.399Z,149.80068,149.80463
2024-01-02T01:05:14.827Z,149.80554,149.80913
2024-01-02T01:05:16.242Z,149.81324,149.81792
2024-01-02T01:05:17.023Z,149.79211,149.79598
2024-01-02T01:05:18.096Z,149.77080,149.77496
2024-01-02T01:05:19.061Z,149.77414,149.77885
2024-01-02T01:05:20.122Z,149.78231,149.78694
2024-01-02T01:05:21.064Z,149.78038,149.78422
2024-01-02T01:05:22.227Z,149.78796,149.79225
2024-01-02T01:05:22.806Z,149.78486,149.78858
2024-01-02T01:05:24.224Z,149.78776,149.79136
2024-01-02T01:05:25.080Z,149.78510,149.78918
2024-01-02T01:05:25.800Z,149.78177,149.78619
2024-01-02T01:05:27.038Z,149.78497,149.78941
2024-01-02T01:05:27.624Z,149.79528,149.79942
2024-01-02T01:05:28.357Z,149.79004,149.79366
2024-01-02T01:05:29.252Z,149.78666,149.78994
2024-01-02T01:05:30.312Z,149.77449,149.77867
2024-01-02T01:05:31.582Z,149.77155,149.77613
2024-01-02T01:05:33.067Z,149.77168,149.77619
2024-01-02T01:05:34.386Z,149.76625,149.77015
2024-01-02T01:05:35.417Z,149.75815,149.76214
2024-01-02T01:05:36.882Z,149.75082,149.75487
2024-01-02T01:05:37.605Z,149.75215,149.75571
2024-01-02T01:05:38.964Z,149.75719,149.76183
2024-01-02T01:05:39.810Z,149.76760,149.77186
2024-01-02T01:05:40.462Z,149.76349,149.76796
2024-01-02T01:05:41.691Z,149.77788,149.78266
2024-01-02T01:05:42.801Z,149.78235,149.78598
2024-01-02T01:05:44.264Z,149.79043,149.79494
2024-01-02T01:05:45.164Z,149.78879,149.79327
2024-01-02T01:05:46.296Z,149.79069,149.79447
2024-01-02T01:05:47.744Z,149.79438,149.79808
2024-01-02T01:05:48.264Z,149.80021,149.80420
2024-01-02T01:05:49.263Z,149.80078,149.80473
2024-01-02T01:05:50.188Z,149.80796,149.81126
2024-01-02T01:05:50.945Z,149.79588,149.79976
2024-01-02T01:05:52.407Z,149.77814,149.78227
2024-01-02T01:05:53.415Z,149.77824,149.78183
2024-01-02T01:05:54.035Z,149.78907,149.79229
2024-01-02T01:05:54.898Z,149.79028,149.79479
2024-01-02T01:05:55.802Z,149.79716,149.80175
2024-01-02T01:05:56.449Z,149.79982,149.80361
2024-01-02T01:05:57.939Z,149.78846,149.79299
2024-01-02T01:05:59.148Z,149.78722,149.79167
2024-01-02T01:06:00.429Z,149.77553,149.77962
2024-01-02T01:06:01.489Z,149.76674,149.76999
2024-01-02T01:06:02.239Z,149.76725,149.77069
2024-01-02T01:06:03.582Z,149.76487,149.76835
2024-01-02T01:06:04.404Z,149.75277,149.75742
2024-01-02T01:06:05.685Z,149.75617,149.75969
2024-01-02T01:06:06.783Z,149.75603,149.76038
2024-01-02T01:06:07.726Z,149.76120,149.76463
2024-01-02T01:06:08.998Z,149.77083,149.77508
2024-01-02T01:06:09.855Z,149.77029,149.77493
2024-01-02T01:06:11.339Z,149.76526,149.76928
2024-01-02T01:06:12.507Z,149.75504,149.75929
2024-01-02T01:06:14.004Z,149.75351,149.75759
2024-01-02T01:06:14.950Z,149.74479,149.74918
2024-01-02T01:06:16.306Z,149.73192,149.73669
2024-01-02T01:06:17.110Z,149.73649,149.74020
2024-01-02T01:06:18.073Z,149.72989,149.73333
2024-01-02T01:06:18.645Z,149.73409,149.73812
2024-01-02T01:06:19.662Z,149.72696,149.73036
2024-01-02T01:06:20.292Z,149.72515,149.72927
2024-01-02T01:06:20.996Z,149.71523,149.71870
2024-01-02T01:06:22.448Z,149.72319,149.72657
2024-01-02T01:06:23.597Z,149.72707,149.73086
2024-01-02T01:06:24.199Z,149.73807,149.74244
2024-01-02T01:06:24.757Z,149.72864,149.73337
2024-01-02T01:06:25.898Z,149.72642,149.73001
2024-01-02T01:06:26.713Z,149.72286,149.72672
2024-01-02T01:06:27.862Z,149.72520,149.72887
2024-01-02T01:06:28.808Z,149.72108,149.72439
2024-01-02T01:06:29.965Z,149.72796,149.73169
2024-01-02T01:06:30.885Z,149.72171,149.72602
2024-01-02T01:06:32.380Z,149.72662,149.73045
2024-01-02T01:06:33.488Z,149.72896,149.73229
2024-01-02T01:06:34.088Z,149.72714,149.73148
2024-01-02T01:06:34.817Z,149.72495,149.72931
2024-01-02T01:06:36.084Z,149.72901,149.73241
2024-01-02T01:06:36.923Z,149.72890,149.73291
2024-01-02T01:06:38.311Z,149.72420,149.72763
2024-01-02T01:06:38.914Z,149.71907,149.72231
2024-01-02T01:06:39.617Z,149.70539,149.70905
2024-01-02T01:06:40.266Z,149.69462,149.69846
2024-01-02T01:06:41.251Z,149.70351,149.70778
2024-01-02T01:06:42.221Z,149.70879,149.71273
2024-01-02T01:06:43.323Z,149.71045,149.71439
2024-01-02T01:06:44.445Z,149.70079,149.70551
2024-01-02T01:06:45.056Z,149.68854,149.69323
2024-01-02T01:06:45.982Z,149.68240,149.68568
2024-01-02T01:06:47.315Z,149.67476,149.67935
2024-01-02T01:06:48.037Z,149.68049,149.68385
2024-01-02T01:06:48.793Z,149.68915,149.69308
2024-01-02T01:06:49.307Z,149.69430,149.69880
2024-01-02T01:06:49.809Z,149.69379,149.69822
2024-01-02T01:06:50.854Z,149.68798,149.69139
2024-01-02T01:06:51.793Z,149.68689,149.69058
2024-01-02T01:06:53.267Z,149.69313,149.69688
2024-01-02T01:06:54.616Z,149.68579,149.68928
2024-01-02T01:06:56.058Z,149.67583,149.68035
2024-01-02T01:06:56.626Z,149.66678,149.67075
2024-01-02T01:06:57.779Z,149.66062,149.66536
2024-01-02T01:06:58.729Z,149.67319,149.67727
2024-01-02T01:07:00.086Z,149.66850,149.67209
2024-01-02T01:07:00.625Z,149.68243,149.68582
2024-01-02T01:07:01.721Z,149.67710,149.68178
2024-01-02T01:07:02.726Z,149.67385,149.67717
2024-01-02T01:07:03.415Z,149.66900,149.67293
2024-01-02T01:07:04.826Z,149.65857,149.66257
2024-01-02T01:07:06.175Z,149.65315,149.65689
2024-01-02T01:07:07.383Z,149.65600,149.66047
2024-01-02T01:07:07.965Z,149.65792,149.66233
2024-01-02T01:07:09.229Z,149.65650,149.66047
2024-01-02T01:07:10.387Z,149.65340,149.65810
2024-01-02T01:07:10.894Z,149.64804,149.65221
2024-01-02T01:07:11.908Z,149.62975,149.63412
2024-01-02T01:07:13.383Z,149.63564,149.63911
2024-01-02T01:07:14.797Z,149.63088,149.63503
2024-01-02T01:07:16.020Z,149.62874,149.63346
2024-01-02T01:07:16.705Z,149.62128,149.62543
2024-01-02T01:07:17.265Z,149.61776,149.62227
2024-01-02T01:07:18.003Z,149.61970,149.62333
2024-01-02T01:07:18.590Z,149.62238,149.62583
2024-01-02T01:07:19.158Z,149.62446,149.62867
2024-01-02T01:07:20.122Z,149.62392,149.62809
2024-01-02T01:07:20.665Z,149.61110,149.61481
2024-01-02T01:07:21.642Z,149.62550,149.62889
2024-01-02T01:07:22.503Z,149.62519,149.62917
2024-01-02T01:07:23.471Z,149.63459,149.63845
2024-01-02T01:07:24.934Z,149.64123,149.64561
2024-01-02T01:07:25.696Z,149.63793,149.64173
2024-01-02T01:07:27.143Z,149.64248,149.64572
2024-01-02T01:07:28.210Z,149.64345,149.64676
2024-01-02T01:07:28.800Z,149.62584,149.62972
2024-01-02T01:07:29.408Z,149.62608,149.62994
2024-01-02T01:07:30.346Z,149.62177,149.62633
2024-01-02T01:07:30.976Z,149.62235,149.62708
2024-01-02T01:07:32.176Z,149.61632,149.61990
2024-01-02T01:07:32.985Z,149.60875,149.61225
2024-01-02T01:07:34.082Z,149.61849,149.62302
2024-01-02T01:07:35.246Z,149.61359,149.61693
2024-01-02T01:07:36.667Z,149.61419,149.61745
2024-01-02T01:07:37.893Z,149.61244,149.61700
2024-01-02T01:07:38.458Z,149.60921,149.61348
2024-01-02T01:07:39.949Z,149.61125,149.61484
2024-01-02T01:07:40.520Z,149.59730,149.60093
2024-01-02T01:07:41.082Z,149.58536,149.58897
2024-01-02T01:07:41.708Z,149.57513,149.57839
2024-01-02T01:07:42.969Z,149.57097,149.57495
2024-01-02T01:07:44.301Z,149.55832,149.56181
2024-01-02T01:07:44.818Z,149.56118,149.56561
2024-01-02T01:07:46.265Z,149.55784,149.56149
2024-01-02T01:07:47.427Z,149.56649,149.57052
2024-01-02T01:07:48.317Z,149.56567,149.57028
2024-01-02T01:07:49.721Z,149.55693,149.56136
2024-01-02T01:07:50.575Z,149.54979,149.55411
2024-01-02T01:07:51.752Z,149.56402,149.56865
2024-01-02T01:07:52.556Z,149.56657,149.57121
2024-01-02T01:07:53.745Z,149.55803,149.56265
2024-01-02T01:07:54.814Z,149.57029,149.57366
2024-01-02T01:07:56.108Z,149.57916,149.58351
2024-01-02T01:07:57.038Z,149.56860,149.57194
2024-01-02T01:07:58.377Z,149.56056,149.56520
2024-01-02T01:07:59.163Z,149.56350,149.56780
2024-01-02T01:08:00.241Z,149.55987,149.56339
2024-01-02T01:08:01.481Z,149.56801,149.57172
2024-01-02T01:08:02.138Z,149.56218,149.56630
2024-01-02T01:08:03.186Z,149.57731,149.58134
2024-01-02T01:08:04.581Z,149.56522,149.56902
2024-01-02T01:08:05.742Z,149.55861,149.56321
2024-01-02T01:08:06.387Z,149.56700,149.57120
2024-01-02T01:08:07.548Z,149.56607,149.56983
2024-01-02T01:08:08.282Z,149.57250,149.57643
2024-01-02T01:08:09.316Z,149.58069,149.58487
2024-01-02T01:08:10.346Z,149.57275,149.57622
2024-01-02T01:08:11.126Z,149.56954,149.57304
2024-01-02T01:08:12.300Z,149.56568,149.56913
2024-01-02T01:08:13.362Z,149.56672,149.57090
2024-01-02T01:08:14.018Z,149.55712,149.56154
2024-01-02T01:08:14.743Z,149.55915,149.56298
2024-01-02T01:08:15.467Z,149.56353,149.56711
2024-01-02T01:08:16.230Z,149.57184,149.57595
2024-01-02T01:08:17.677Z,149.56712,149.57055
2024-01-02T01:08:18.636Z,149.57699,149.58041
2024-01-02T01:08:20.024Z,149.57343,149.57798
2024-01-02T01:08:21.270Z,149.56704,149.57173
2024-01-02T01:08:22.098Z,149.55380,149.55800
2024-01-02T01:08:23.311Z,149.55353,149.55784
2024-01-02T01:08:24.624Z,149.56662,149.57032
2024-01-02T01:08:25.219Z,149.56144,149.56591
2024-01-02T01:08:26.290Z,149.55564,149.55925
2024-01-02T01:08:27.032Z,149.56094,149.56458
2024-01-02T01:08:28.499Z,149.55562,149.55987
2024-01-02T01:08:29.143Z,149.54786,149.55173
2024-01-02T01:08:29.734Z,149.54684,149.55091
2024-01-02T01:08:30.438Z,149.55164,149.55569
2024-01-02T01:08:31.827Z,149.54593,149.54946
2024-01-02T01:08:32.662Z,149.53345,149.53797
2024-01-02T01:08:33.283Z,149.52628,149.53069
2024-01-02T01:08:34.769Z,149.53035,149.53505
2024-01-02T01:08:35.928Z,149.52728,149.53090
2024-01-02T01:08:37.218Z,149.54051,149.54425
2024-01-02T01:08:37.867Z,149.53067,149.53410
2024-01-02T01:08:38.664Z,149.53658,149.54084
2024-01-02T01:08:39.518Z,149.53272,149.53688
2024-01-02T01:08:41.003Z,149.53145,149.53560
2024-01-02T01:08:42.360Z,149.53143,149.53618
2024-01-02T01:08:43.642Z,149.52345,149.52719
2024-01-02T01:08:44.244Z,149.51037,149.51400
2024-01-02T01:08:45.195Z,149.51198,149.51572
2024-01-02T01:08:45.932Z,149.52013,149.52408
2024-01-02T01:08:46.846Z,149.52877,149.53275
2024-01-02T01:08:47.906Z,149.53353,149.53753
2024-01-02T01:08:48.687Z,149.53804,149.54167
2024-01-02T01:08:49.564Z,149.53857,149.54198
2024-01-02T01:08:50.124Z,149.54511,149.54873
2024-01-02T01:08:50.866Z,149.55001,149.55447
2024-01-02T01:08:52.290Z,149.54621,149.54999
2024-01-02T01:08:53.094Z,149.55071,149.55451
2024-01-02T01:08:54.168Z,149.54560,149.54955
2024-01-02T01:08:55.037Z,149.55621,149.56079
2024-01-02T01:08:55.821Z,149.55884,149.56335
2024-01-02T01:08:57.141Z,149.55834,149.56258
2024-01-02T01:08:58.527Z,149.56090,149.56448
2024-01-02T01:08:59.586Z,149.55649,149.56053
2024-01-02T01:09:00.978Z,149.55160,149.55496
2024-01-02T01:09:01.987Z,149.54320,149.54718
2024-01-02T01:09:03.169Z,149.53711,149.54091
2024-01-02T01:09:04.554Z,149.53418,149.53833
2024-01-02T01:09:05.953Z,149.53211,149.53605
2024-01-02T01:09:06.508Z,149.53294,149.53664
2024-01-02T01:09:07.186Z,149.52710,149.53092
2024-01-02T01:09:07.826Z,149.52989,149.53372
2024-01-02T01:09:08.629Z,149.53941,149.54331
2024-01-02T01:09:09.384Z,149.54156,149.54483
2024-01-02T01:09:10.728Z,149.52666,149.52990
2024-01-02T01:09:11.351Z,149.53797,149.54145
2024-01-02T01:09:12.505Z,149.54313,149.54695
2024-01-02T01:09:13.318Z,149.53293,149.53710
2024-01-02T01:09:14.336Z,149.53434,149.53795
2024-01-02T01:09:15.772Z,149.52653,149.53076
2024-01-02T01:09:16.326Z,149.53544,149.53971
2024-01-02T01:09:16.834Z,149.53722,149.54150
2024-01-02T01:09:17.448Z,149.55735,149.56070
2024-01-02T01:09:18.915Z,149.56026,149.56437
2024-01-02T01:09:20.271Z,149.56584,149.56947
2024-01-02T01:09:21.493Z,149.56982,149.57319
2024-01-02T01:09:22.408Z,149.56554,149.56923
2024-01-02T01:09:23.422Z,149.56510,149.56929
2024-01-02T01:09:23.935Z,149.56417,149.56841
2024-01-02T01:09:25.092Z,149.57167,149.57581
2024-01-02T01:09:26.133Z,149.56805,149.57274
2024-01-02T01:09:26.695Z,149.57320,149.57740
2024-01-02T01:09:27.538Z,149.57794,149.58181
2024-01-02T01:09:28.972Z,149.57340,149.57774
2024-01-02T01:09:30.450Z,149.55920,149.56334
2024-01-02T01:09:31.431Z,149.57018,149.57451
2024-01-02T01:09:32.500Z,149.57986,149.58399
2024-01-02T01:09:33.876Z,149.58128,149.58575
2024-01-02T01:09:34.832Z,149.57138,149.57583
2024-01-02T01:09:36.095Z,149.58762,149.59088
2024-01-02T01:09:37.131Z,149.59395,149.59752
2024-01-02T01:09:37.723Z,149.59639,149.60100
2024-01-02T01:09:38.587Z,149.58519,149.58921
2024-01-02T01:09:39.445Z,149.58284,149.58720
2024-01-02T01:09:40.186Z,149.57591,149.57954
2024-01-02T01:09:41.514Z,149.56073,149.56446
2024-01-02T01:09:42.028Z,149.57429,149.57751
2024-01-02T01:09:43.013Z,149.56769,149.57145
2024-01-02T01:09:43.742Z,149.55567,149.55926
2024-01-02T01:09:44.909Z,149.55780,149.56187
2024-01-02T01:09:45.599Z,149.54867,149.55331
2024-01-02T01:09:46.192Z,149.55506,149.55898
2024-01-02T01:09:46.719Z,149.55407,149.55769
2024-01-02T01:09:48.173Z,149.55913,149.56391
2024-01-02T01:09:49.581Z,149.55598,149.55946
2024-01-02T01:09:50.800Z,149.54726,149.55051
2024-01-02T01:09:51.442Z,149.55744,149.56118
2024-01-02T01:09:52.805Z,149.55524,149.55905
2024-01-02T01:09:53.507Z,149.56377,149.56779
2024-01-02T01:09:54.738Z,149.55321,149.55759
2024-01-02T01:09:55.402Z,149.54780,149.55222
2024-01-02T01:09:55.905Z,149.52570,149.53036
2024-01-02T01:09:56.536Z,149.52511,149.52922
2024-01-02T01:09:57.735Z,149.52604,149.52935
2024-01-02T01:09:58.752Z,149.52679,149.53132
2024-01-02T01:09:59.826Z,149.53345,149.53748
2024-01-02T01:10:00.875Z,149.53838,149.54278
2024-01-02T01:10:02.199Z,149.54172,149.54568
2024-01-02T01:10:03.263Z,149.53738,149.54143
2024-01-02T01:10:04.102Z,149.52250,149.52648
2024-01-02T01:10:05.193Z,149.54025,149.54349
2024-01-02T01:10:06.543Z,149.54161,149.54561
2024-01-02T01:10:07.068Z,149.54772,149.55117
2024-01-02T01:10:08.177Z,149.54819,149.55205
2024-01-02T01:10:09.217Z,149.52958,149.53362
2024-01-02T01:10:10.544Z,149.52467,149.52890
2024-01-02T01:10:11.235Z,149.52858,149.53202
2024-01-02T01:10:11.795Z,149.51403,149.51820
2024-01-02T01:10:13.103Z,149.51196,149.51629
2024-01-02T01:10:14.146Z,149.49162,149.49527
2024-01-02T01:10:14.906Z,149.50030,149.50484
2024-01-02T01:10:15.688Z,149.49486,149.49826
2024-01-02T01:10:16.757Z,149.50043,149.50416
2024-01-02T01:10:17.851Z,149.49815,149.50177
2024-01-02T01:10:19.192Z,149.49543,149.50020
2024-01-02T01:10:20.346Z,149.48566,149.48897
2024-01-02T01:10:21.811Z,149.48067,149.48407
2024-01-02T01:10:23.130Z,149.48511,149.48982
2024-01-02T01:10:24.158Z,149.49219,149.49690
2024-01-02T01:10:25.374Z,149.49088,149.49490
2024-01-02T01:10:26.773Z,149.49356,149.49770
2024-01-02T01:10:27.362Z,149.49334,149.49803
2024-01-02T01:10:28.009Z,149.49537,149.49988
2024-01-02T01:10:29.314Z,149.48647,149.49018
2024-01-02T01:10:30.569Z,149.48982,149.49348
2024-01-02T01:10:31.288Z,149.48888,149.49211
2024-01-02T01:10:32.339Z,149.48020,149.48360
2024-01-02T01:10:33.779Z,149.48750,149.49219
2024-01-02T01:10:35.063Z,149.48664,149.49082
2024-01-02T01:10:35.800Z,149.50744,149.51106
2024-01-02T01:10:37.180Z,149.51873,149.52263
2024-01-02T01:10:38.432Z,149.51142,149.51526
2024-01-02T01:10:39.783Z,149.50357,149.50797
2024-01-02T01:10:40.869Z,149.51457,149.51884
2024-01-02T01:10:41.824Z,149.49971,149.50361
2024-01-02T01:10:42.817Z,149.50130,149.50483
2024-01-02T01:10:43.929Z,149.48651,149.49096
2024-01-02T01:10:44.682Z,149.49763,149.50142
2024-01-02T01:10:45.469Z,149.49377,149.49801
2024-01-02T01:10:46.962Z,149.49145,149.49520
2024-01-02T01:10:48.426Z,149.48734,149.49147
2024-01-02T01:10:49.289Z,149.49370,149.49726
2024-01-02T01:10:49.908Z,149.49338,149.49748
2024-01-02T01:10:50.755Z,149.49576,149.50008
2024-01-02T01:10:51.696Z,149.49650,149.50065
2024-01-02T01:10:52.329Z,149.49382,149.49812
2024-01-02T01:10:53.234Z,149.49153,149.49590
2024-01-02T01:10:53.746Z,149.49911,149.50311
2024-01-02T01:10:55.122Z,149.50296,149.50714
2024-01-02T01:10:56.260Z,149.50315,149.50729
2024-01-02T01:10:57.688Z,149.51763,149.52177
2024-01-02T01:10:58.501Z,149.51207,149.51680
2024-01-02T01:10:59.705Z,149.50618,149.50963
2024-01-02T01:11:00.608Z,149.49950,149.50339
2024-01-02T01:11:01.462Z,149.49398,149.49813
2024-01-02T01:11:02.466Z,149.49700,149.50052
2024-01-02T01:11:03.726Z,149.50198,149.50528
2024-01-02T01:11:04.817Z,149.50190,149.50557
2024-01-02T01:11:05.477Z,149.50169,149.50523
2024-01-02T01:11:06.331Z,149.49838,149.50186
2024-01-02T01:11:07.454Z,149.49496,149.49961
2024-01-02T01:11:08.898Z,149.48495,149.48958
2024-01-02T01:11:10.201Z,149.47287,149.47726
2024-01-02T01:11:11.268Z,149.46728,149.47108
2024-01-02T01:11:12.317Z,149.46349,149.46804
2024-01-02T01:11:12.829Z,149.45018,149.45399
2024-01-02T01:11:13.995Z,149.45796,149.46176
2024-01-02T01:11:15.304Z,149.45358,149.45759
2024-01-02T01:11:16.618Z,149.45980,149.46373
2024-01-02T01:11:17.142Z,149.45837,149.46199
2024-01-02T01:11:17.857Z,149.45432,149.45883
2024-01-02T01:11:19.026Z,149.44925,149.45292
2024-01-02T01:11:20.408Z,149.45867,149.46335
2024-01-02T01:11:21.367Z,149.45904,149.46270
2024-01-02T01:11:22.227Z,149.46494,149.46854
2024-01-02T01:11:22.786Z,149.45817,149.46256
2024-01-02T01:11:24.117Z,149.45305,149.45710
2024-01-02T01:11:25.292Z,149.44601,149.44926
2024-01-02T01:11:25.955Z,149.44444,149.44842
2024-01-02T01:11:27.039Z,149.44207,149.44617
2024-01-02T01:11:27.904Z,149.44055,149.44522
2024-01-02T01:11:28.538Z,149.44005,149.44362
2024-01-02T01:11:30.020Z,149.42949,149.43424
2024-01-02T01:11:30.650Z,149.41637,149.42089
2024-01-02T01:11:32.126Z,149.41292,149.41621
2024-01-02T01:11:32.631Z,149.40358,149.40730
2024-01-02T01:11:33.972Z,149.40814,149.41261
2024-01-02T01:11:34.983Z,149.41201,149.41631
2024-01-02T01:11:35.717Z,149.41812,149.42202
2024-01-02T01:11:37.197Z,149.42147,149.42526
2024-01-02T01:11:38.327Z,149.42421,149.42769
2024-01-02T01:11:39.365Z,149.41599,149.42002
2024-01-02T01:11:40.635Z,149.40479,149.40874
2024-01-02T01:11:41.856Z,149.40711,149.41063
2024-01-02T01:11:42.987Z,149.40791,149.41146
2024-01-02T01:11:43.999Z,149.41289,149.41701
2024-01-02T01:11:45.468Z,149.40647,149.41120
2024-01-02T01:11:46.496Z,149.39813,149.40257
2024-01-02T01:11:47.624Z,149.40104,149.40435
2024-01-02T01:11:49.004Z,149.40835,149.41206
2024-01-02T01:11:49.880Z,149.39785,149.40215
2024-01-02T01:11:50.469Z,149.39001,149.39370
2024-01-02T01:11:51.009Z,149.39642,149.40115
2024-01-02T01:11:52.338Z,149.39196,149.39551
2024-01-02T01:11:53.755Z,149.40430,149.40843
2024-01-02T01:11:54.854Z,149.41588,149.41957
2024-01-02T01:11:55.547Z,149.41547,149.41888
2024-01-02T01:11:56.909Z,149.41395,149.41727
2024-01-02T01:11:57.416Z,149.41609,149.41949
2024-01-02T01:11:58.887Z,149.40985,149.41350
2024-01-02T01:12:00.113Z,149.41509,149.41860
2024-01-02T01:12:00.872Z,149.41703,149.42101
2024-01-02T01:12:01.579Z,149.40892,149.41216
2024-01-02T01:12:02.822Z,149.40602,149.41015
2024-01-02T01:12:03.970Z,149.40223,149.40630
2024-01-02T01:12:04.887Z,149.40642,149.41057
2024-01-02T01:12:06.345Z,149.39531,149.40007
2024-01-02T01:12:07.747Z,149.40225,149.40683
2024-01-02T01:12:08.247Z,149.41020,149.41472
2024-01-02T01:12:08.931Z,149.40526,149.40934
2024-01-02T01:12:09.979Z,149.39763,149.40155
2024-01-02T01:12:10.842Z,149.39935,149.40333
2024-01-02T01:12:11.516Z,149.39021,149.39417
2024-01-02T01:12:12.127Z,149.38984,149.39397
2024-01-02T01:12:12.684Z,149.38277,149.38624
2024-01-02T01:12:14.149Z,149.38860,149.39199
2024-01-02T01:12:14.931Z,149.38682,149.39051
2024-01-02T01:12:15.740Z,149.38355,149.38795
2024-01-02T01:12:16.918Z,149.37907,149.38369
2024-01-02T01:12:17.544Z,149.38510,149.38858
2024-01-02T01:12:18.717Z,149.37728,149.38107
2024-01-02T01:12:20.086Z,149.36602,149.37048
2024-01-02T01:12:21.131Z,149.36142,149.36584
2024-01-02T01:12:22.073Z,149.35804,149.36189
2024-01-02T01:12:23.193Z,149.36493,149.36857
2024-01-02T01:12:24.533Z,149.37102,149.37468
2024-01-02T01:12:25.813Z,149.36351,149.36791
2024-01-02T01:12:26.538Z,149.37557,149.37901
2024-01-02T01:12:27.443Z,149.37507,149.37911
2024-01-02T01:12:28.882Z,149.37614,149.38032
2024-01-02T01:12:29.527Z,149.38324,149.38786
2024-01-02T01:12:30.923Z,149.38511,149.38905
2024-01-02T01:12:31.603Z,149.38550,149.38972
2024-01-02T01:12:32.616Z,149.38921,149.39281
2024-01-02T01:12:33.377Z,149.38147,149.38594
2024-01-02T01:12:33.953Z,149.38261,149.38615
2024-01-02T01:12:34.663Z,149.37063,149.37500
2024-01-02T01:12:35.301Z,149.35925,149.36388
2024-01-02T01:12:36.306Z,149.36437,149.36762
2024-01-02T01:12:36.949Z,149.36132,149.36525
2024-01-02T01:12:37.694Z,149.36064,149.36453
2024-01-02T01:12:38.592Z,149.36792,149.37239
2024-01-02T01:12:40.015Z,149.35842,149.36253
2024-01-02T01:12:40.935Z,149.33575,149.34053
2024-01-02T01:12:42.321Z,149.32715,149.33109
2024-01-02T01:12:43.065Z,149.32600,149.32994
2024-01-02T01:12:44.055Z,149.32943,149.33386
2024-01-02T01:12:44.776Z,149.32111,149.32457
2024-01-02T01:12:46.171Z,149.32450,149.32788
2024-01-02T01:12:47.117Z,149.33059,149.33464
2024-01-02T01:12:47.625Z,149.32580,149.33029
2024-01-02T01:12:48.480Z,149.32396,149.32850
2024-01-02T01:12:49.120Z,149.32041,149.32446
2024-01-02T01:12:50.311Z,149.32625,149.33018
2024-01-02T01:12:50.909Z,149.33432,149.33865
2024-01-02T01:12:51.802Z,149.33746,149.34111
2024-01-02T01:12:53.095Z,149.33222,149.33676
2024-01-02T01:12:54.306Z,149.33910,149.34337
2024-01-02T01:12:55.676Z,149.32828,149.33302
2024-01-02T01:12:56.493Z,149.33573,149.34036
2024-01-02T01:12:57.857Z,149.33351,149.33679
2024-01-02T01:12:58.618Z,149.33888,149.34270
2024-01-02T01:12:59.878Z,149.34234,149.34672
2024-01-02T01:13:01.104Z,149.35681,149.36086
2024-01-02T01:13:01.714Z,149.36765,149.37193
2024-01-02T01:13:02.421Z,149.36914,149.37299
2024-01-02T01:13:03.381Z,149.36680,149.37038
2024-01-02T01:13:04.606Z,149.37608,149.37958
2024-01-02T01:13:05.908Z,149.37889,149.38213
2024-01-02T01:13:07.203Z,149.36762,149.37134
2024-01-02T01:13:07.704Z,149.37969,149.38332
2024-01-02T01:13:08.598Z,149.37449,149.37830
2024-01-02T01:13:09.706Z,149.37787,149.38143
2024-01-02T01:13:10.769Z,149.37334,149.37699
2024-01-02T01:13:12.162Z,149.36662,149.37058
2024-01-02T01:13:13.433Z,149.36862,149.37202
2024-01-02T01:13:14.243Z,149.37203,149.37600
2024-01-02T01:13:15.685Z,149.38080,149.38411
2024-01-02T01:13:16.723Z,149.38860,149.39294
2024-01-02T01:13:17.541Z,149.37588,149.37919
2024-01-02T01:13:18.743Z,149.36921,149.37271
2024-01-02T01:13:20.062Z,149.36697,149.37018
2024-01-02T01:13:21.287Z,149.35953,149.36363
2024-01-02T01:13:22.693Z,149.37249,149.37676
2024-01-02T01:13:23.407Z,149.36689,149.37125
2024-01-02T01:13:24.727Z,149.37487,149.37835
2024-01-02T01:13:26.141Z,149.38233,149.38666
2024-01-02T01:13:26.886Z,149.37618,149.38047
2024-01-02T01:13:27.739Z,149.36027,149.36483
2024-01-02T01:13:29.083Z,149.36528,149.36890
2024-01-02T01:13:30.335Z,149.35913,149.36338
2024-01-02T01:13:31.058Z,149.36875,149.37226
2024-01-02T01:13:31.613Z,149.35553,149.36022
2024-01-02T01:13:32.489Z,149.35473,149.35836
2024-01-02T01:13:33.747Z,149.36285,149.36711
2024-01-02T01:13:35.231Z,149.36623,149.37039
2024-01-02T01:13:35.932Z,149.36500,149.36822
2024-01-02T01:13:36.931Z,149.35652,149.36130
2024-01-02T01:13:38.363Z,149.36281,149.36664
2024-01-02T01:13:39.563Z,149.36007,149.36396
2024-01-02T01:13:40.692Z,149.35469,149.35858
2024-01-02T01:13:41.509Z,149.35781,149.36171
2024-01-02T01:13:42.516Z,149.34360,149.34709
2024-01-02T01:13:43.329Z,149.33243,149.33716
2024-01-02T01:13:44.177Z,149.34640,149.35098
2024-01-02T01:13:44.988Z,149.34303,149.34691
2024-01-02T01:13:46.026Z,149.33536,149.33909
2024-01-02T01:13:46.602Z,149.34460,149.34783
2024-01-02T01:13:47.687Z,149.35062,149.35431
2024-01-02T01:13:49.116Z,149.35324,149.35755
2024-01-02T01:13:50.323Z,149.35327,149.35701
2024-01-02T01:13:51.602Z,149.35969,149.36399
2024-01-02T01:13:53.093Z,149.36562,149.36987
2024-01-02T01:13:54.065Z,149.36557,149.37030
2024-01-02T01:13:55.470Z,149.35300,149.35689
2024-01-02T01:13:56.582Z,149.34481,149.34874
2024-01-02T01:13:57.791Z,149.35264,149.35593
2024-01-02T01:13:59.212Z,149.35458,149.35873
2024-01-02T01:13:59.773Z,149.35842,149.36278
2024-01-02T01:14:00.586Z,149.36564,149.36979
2024-01-02T01:14:01.218Z,149.37381,149.37705
2024-01-02T01:14:02.681Z,149.36753,149.37189
2024-01-02T01:14:04.151Z,149.37396,149.37795
2024-01-02T01:14:04.685Z,149.37383,149.37799
2024-01-02T01:14:05.550Z,149.38621,149.38996
2024-01-02T01:14:06.727Z,149.39065,149.39407
2024-01-02T01:14:07.523Z,149.39061,149.39386
2024-01-02T01:14:08.626Z,149.39697,149.40129
2024-01-02T01:14:09.177Z,149.41136,149.41482
2024-01-02T01:14:10.673Z,149.41726,149.42091
2024-01-02T01:14:12.056Z,149.42452,149.42781
2024-01-02T01:14:13.178Z,149.42097,149.42573
2024-01-02T01:14:13.798Z,149.42384,149.42735
2024-01-02T01:14:15.265Z,149.43063,149.43516
2024-01-02T01:14:16.499Z,149.43395,149.43840
2024-01-02T01:14:17.368Z,149.43367,149.43751
2024-01-02T01:14:18.316Z,149.42633,149.43002
2024-01-02T01:14:19.458Z,149.42362,149.42837
2024-01-02T01:14:20.127Z,149.42901,149.43281
2024-01-02T01:14:20.676Z,149.42713,149.43165
2024-01-02T01:14:21.782Z,149.42721,149.43044
2024-01-02T01:14:22.329Z,149.43672,149.44080
2024-01-02T01:14:23.116Z,149.45297,149.45663
2024-01-02T01:14:24.135Z,149.43697,149.44059
2024-01-02T01:14:24.886Z,149.44244,149.44578
2024-01-02T01:14:25.714Z,149.44857,149.45302
2024-01-02T01:14:27.099Z,149.44410,149.44814
2024-01-02T01:14:28.020Z,149.44407,149.44844
2024-01-02T01:14:28.659Z,149.45500,149.45855
2024-01-02T01:14:29.689Z,149.45206,149.45673
2024-01-02T01:14:30.727Z,149.45012,149.45435
2024-01-02T01:14:31.311Z,149.43899,149.44254
2024-01-02T01:14:31.860Z,149.43607,149.44030
2024-01-02T01:14:32.479Z,149.44434,149.44892
2024-01-02T01:14:33.052Z,149.43990,149.44331
2024-01-02T01:14:33.942Z,149.44154,149.44552
2024-01-02T01:14:35.369Z,149.44069,149.44448
2024-01-02T01:14:35.915Z,149.44657,149.45003
2024-01-02T01:14:37.123Z,149.43692,149.44150
2024-01-02T01:14:38.023Z,149.43523,149.43882
2024-01-02T01:14:38.736Z,149.42921,149.43256
2024-01-02T01:14:39.330Z,149.42199,149.42604
2024-01-02T01:14:40.276Z,149.42658,149.43106
2024-01-02T01:14:41.423Z,149.42522,149.42860
2024-01-02T01:14:42.013Z,149.41045,149.41425
2024-01-02T01:14:42.585Z,149.39975,149.40425
2024-01-02T01:14:44.020Z,149.39498,149.39894
2024-01-02T01:14:45.144Z,149.39038,149.39443
2024-01-02T01:14:45.909Z,149.37500,149.37940
2024-01-02T01:14:47.048Z,149.37231,149.37675
2024-01-02T01:14:48.096Z,149.37090,149.37504
2024-01-02T01:14:49.043Z,149.37411,149.37756
2024-01-02T01:14:49.550Z,149.38118,149.38527
2024-01-02T01:14:50.609Z,149.38190,149.38533
2024-01-02T01:14:51.635Z,149.37142,149.37518
2024-01-02T01:14:53.045Z,149.37593,149.38042
2024-01-02T01:14:53.869Z,149.38103,149.38523
2024-01-02T01:14:54.981Z,149.37980,149.38358
2024-01-02T01:14:55.806Z,149.38857,149.39204
2024-01-02T01:14:56.508Z,149.38519,149.38897
2024-01-02T01:14:57.689Z,149.38592,149.39058
2024-01-02T01:14:58.279Z,149.39359,149.39746
2024-01-02T01:14:59.137Z,149.39149,149.39623
2024-01-02T01:14:59.888Z,149.41261,149.41581
2024-01-02T01:15:00.776Z,149.40061,149.40439
2024-01-02T01:15:02.091Z,149.39974,149.40443
2024-01-02T01:15:03.512Z,149.40027,149.40350
2024-01-02T01:15:04.536Z,149.40424,149.40895
2024-01-02T01:15:05.770Z,149.39530,149.39887
2024-01-02T01:15:06.371Z,149.38829,149.39227
2024-01-02T01:15:07.349Z,149.37010,149.37468
2024-01-02T01:15:08.531Z,149.36011,149.36409
2024-01-02T01:15:09.555Z,149.35675,149.36095
2024-01-02T01:15:11.021Z,149.35137,149.35515
2024-01-02T01:15:12.048Z,149.35332,149.35769
2024-01-02T01:15:12.856Z,149.34963,149.35403
2024-01-02T01:15:13.687Z,149.35967,149.36390
2024-01-02T01:15:14.580Z,149.37726,149.38190
2024-01-02T01:15:15.628Z,149.36013,149.36426
2024-01-02T01:15:16.490Z,149.35993,149.36373
2024-01-02T01:15:17.922Z,149.35486,149.35874
2024-01-02T01:15:18.673Z,149.34749,149.35126
2024-01-02T01:15:19.341Z,149.34197,149.34595
2024-01-02T01:15:20.192Z,149.33379,149.33790
2024-01-02T01:15:21.186Z,149.32594,149.33001
2024-01-02T01:15:21.913Z,149.32215,149.32557
2024-01-02T01:15:22.417Z,149.31364,149.31814
2024-01-02T01:15:23.816Z,149.32154,149.32573
2024-01-02T01:15:24.598Z,149.31812,149.32185
2024-01-02T01:15:25.415Z,149.31336,149.31792
2024-01-02T01:15:26.896Z,149.32136,149.32532
2024-01-02T01:15:28.299Z,149.32511,149.32880
2024-01-02T01:15:28.933Z,149.31396,149.31873
2024-01-02T01:15:29.476Z,149.31288,149.31621
2024-01-02T01:15:30.976Z,149.32216,149.32601
2024-01-02T01:15:32.082Z,149.31126,149.31561
2024-01-02T01:15:32.808Z,149.30213,149.30678
2024-01-02T01:15:34.022Z,149.29589,149.30038
2024-01-02T01:15:35.244Z,149.29825,149.30276
2024-01-02T01:15:35.976Z,149.28252,149.28671
2024-01-02T01:15:36.626Z,149.28298,149.28697
2024-01-02T01:15:37.548Z,149.28409,149.28761
2024-01-02T01:15:38.489Z,149.27707,149.28161
2024-01-02T01:15:39.471Z,149.28607,149.29036
2024-01-02T01:15:40.817Z,149.29637,149.30032
2024-01-02T01:15:41.787Z,149.28185,149.28545
2024-01-02T01:15:42.668Z,149.27344,149.27823
2024-01-02T01:15:43.169Z,149.26796,149.27213
2024-01-02T01:15:44.209Z,149.26808,149.27209
2024-01-02T01:15:45.692Z,149.26479,149.26891
2024-01-02T01:15:46.518Z,149.26787,149.27182
2024-01-02T01:15:47.047Z,149.26373,149.26741
2024-01-02T01:15:48.062Z,149.26904,149.27231
2024-01-02T01:15:48.683Z,149.28169,149.28601
2024-01-02T01:15:50.113Z,149.27672,149.28144
2024-01-02T01:15:51.476Z,149.27607,149.28031
2024-01-02T01:15:52.952Z,149.27888,149.28315
2024-01-02T01:15:53.994Z,149.26162,149.26601
2024-01-02T01:15:55.364Z,149.26013,149.26406
2024-01-02T01:15:56.316Z,149.25489,149.25912
2024-01-02T01:15:57.070Z,149.23697,149.24135
2024-01-02T01:15:58.495Z,149.21841,149.22190
2024-01-02T01:15:59.142Z,149.21637,149.22100
2024-01-02T01:16:00.270Z,149.21334,149.21792
2024-01-02T01:16:01.280Z,149.21436,149.21776
2024-01-02T01:16:02.166Z,149.21929,149.22399
2024-01-02T01:16:02.873Z,149.22164,149.22625
2024-01-02T01:16:04.026Z,149.20904,149.21354
2024-01-02T01:16:04.797Z,149.21236,149.21563
2024-01-02T01:16:06.159Z,149.21805,149.22195
2024-01-02T01:16:07.342Z,149.20082,149.20454
2024-01-02T01:16:07.962Z,149.19794,149.20249
2024-01-02T01:16:09.293Z,149.20114,149.20456
2024-01-02T01:16:10.679Z,149.21355,149.21734
2024-01-02T01:16:11.773Z,149.19947,149.20316
2024-01-02T01:16:12.908Z,149.19544,149.20023
2024-01-02T01:16:14.088Z,149.19181,149.19577
2024-01-02T01:16:15.309Z,149.18840,149.19273
2024-01-02T01:16:16.138Z,149.18851,149.19226
2024-01-02T01:16:17.339Z,149.16971,149.17396
2024-01-02T01:16:17.858Z,149.17552,149.18017
2024-01-02T01:16:18.407Z,149.17395,149.17826
2024-01-02T01:16:19.774Z,149.17470,149.17874
2024-01-02T01:16:21.179Z,149.17342,149.17698
2024-01-02T01:16:22.268Z,149.17478,149.17821
2024-01-02T01:16:22.908Z,149.16485,149.16875
2024-01-02T01:16:23.992Z,149.17582,149.18018
2024-01-02T01:16:24.664Z,149.18773,149.19099
2024-01-02T01:16:26.134Z,149.19447,149.19875
2024-01-02T01:16:26.703Z,149.17998,149.18448
2024-01-02T01:16:27.830Z,149.16197,149.16545
2024-01-02T01:16:28.686Z,149.15964,149.16333
2024-01-02T01:16:29.525Z,149.16269,149.16748
2024-01-02T01:16:30.333Z,149.16446,149.16917
2024-01-02T01:16:31.550Z,149.17041,149.17491
2024-01-02T01:16:32.530Z,149.17664,149.18109
2024-01-02T01:16:33.839Z,149.18021,149.18442
2024-01-02T01:16:35.095Z,149.18127,149.18585
2024-01-02T01:16:36.108Z,149.17801,149.18265
2024-01-02T01:16:37.152Z,149.16336,149.16721
2024-01-02T01:16:37.762Z,149.16071,149.16496
2024-01-02T01:16:38.941Z,149.16690,149.17166
2024-01-02T01:16:40.425Z,149.17380,149.17808
2024-01-02T01:16:40.991Z,149.16654,149.17030
2024-01-02T01:16:41.558Z,149.16644,149.17024
2024-01-02T01:16:42.861Z,149.17237,149.17562
2024-01-02T01:16:43.603Z,149.19253,149.19636
2024-01-02T01:16:44.397Z,149.20146,149.20507
2024-01-02T01:16:45.036Z,149.19483,149.19849
2024-01-02T01:16:46.443Z,149.18438,149.18775
2024-01-02T01:16:47.431Z,149.18776,149.19136
2024-01-02T01:16:48.238Z,149.18798,149.19258
2024-01-02T01:16:49.325Z,149.18070,149.18420
2024-01-02T01:16:50.740Z,149.17971,149.18435
2024-01-02T01:16:51.492Z,149.17541,149.17904
2024-01-02T01:16:52.158Z,149.16852,149.17270
2024-01-02T01:16:53.475Z,149.16239,149.16585
2024-01-02T01:16:54.328Z,149.15580,149.15912
2024-01-02T01:16:55.038Z,149.15839,149.16285
2024-01-02T01:16:55.886Z,149.16887,149.17318
2024-01-02T01:16:56.878Z,149.16975,149.17317
2024-01-02T01:16:58.287Z,149.16779,149.17153
2024-01-02T01:16:59.298Z,149.16442,149.16821
2024-01-02T01:17:00.034Z,149.16109,149.16588
2024-01-02T01:17:00.633Z,149.17033,149.17373
2024-01-02T01:17:01.936Z,149.15609,149.15966
2024-01-02T01:17:03.378Z,149.14513,149.14861
2024-01-02T01:17:04.766Z,149.15157,149.15603
2024-01-02T01:17:06.090Z,149.14520,149.14997
2024-01-02T01:17:07.238Z,149.15653,149.16128
2024-01-02T01:17:07.954Z,149.17138,149.17532
2024-01-02T01:17:08.785Z,149.17049,149.17402
2024-01-02T01:17:10.038Z,149.16021,149.16414
2024-01-02T01:17:11.160Z,149.15477,149.15955
2024-01-02T01:17:12.334Z,149.14900,149.15262
2024-01-02T01:17:13.710Z,149.15647,149.16092
2024-01-02T01:17:14.637Z,149.16523,149.16848
2024-01-02T01:17:16.086Z,149.16636,149.17098
2024-01-02T01:17:17.548Z,149.15717,149.16172
2024-01-02T01:17:18.751Z,149.16446,149.16843
2024-01-02T01:17:19.397Z,149.15230,149.15550
2024-01-02T01:17:20.891Z,149.13982,149.14459
2024-01-02T01:17:21.602Z,149.14513,149.14922
2024-01-02T01:17:22.270Z,149.15014,149.15443
2024-01-02T01:17:23.619Z,149.15096,149.15431
2024-01-02T01:17:24.608Z,149.14388,149.14723
2024-01-02T01:17:25.665Z,149.14537,149.14949
2024-01-02T01:17:27.052Z,149.13803,149.14276
2024-01-02T01:17:27.967Z,149.15444,149.15918
2024-01-02T01:17:28.636Z,149.14461,149.14794
2024-01-02T01:17:29.798Z,149.14949,149.15373
2024-01-02T01:17:30.452Z,149.14727,149.15128
2024-01-02T01:17:31.063Z,149.16016,149.16461
2024-01-02T01:17:31.951Z,149.16457,149.16823
2024-01-02T01:17:33.222Z,149.16491,149.16937
2024-01-02T01:17:34.471Z,149.16597,149.16962
2024-01-02T01:17:35.599Z,149.16772,149.17244
2024-01-02T01:17:36.591Z,149.16639,149.17020
2024-01-02T01:17:37.354Z,149.16304,149.16781
2024-01-02T01:17:38.494Z,149.15344,149.15684
2024-01-02T01:17:39.871Z,149.15003,149.15324
2024-01-02T01:17:41.030Z,149.15438,149.15835
2024-01-02T01:17:41.739Z,149.15628,149.15986
2024-01-02T01:17:42.556Z,149.14830,149.15186
2024-01-02T01:17:43.626Z,149.13873,149.14283
2024-01-02T01:17:44.312Z,149.13011,149.13370
2024-01-02T01:17:45.401Z,149.13304,149.13651
2024-01-02T01:17:46.489Z,149.12206,149.12684
2024-01-02T01:17:47.800Z,149.12176,149.12580
2024-01-02T01:17:49.151Z,149.11505,149.11937
2024-01-02T01:17:50.640Z,149.12311,149.12703
2024-01-02T01:17:51.728Z,149.11708,149.12085
2024-01-02T01:17:52.718Z,149.11081,149.11461
2024-01-02T01:17:53.975Z,149.11363,149.11827
2024-01-02T01:17:54.563Z,149.11173,149.11646
2024-01-02T01:17:55.150Z,149.13203,149.13549
2024-01-02T01:17:56.434Z,149.13745,149.14201
2024-01-02T01:17:57.461Z,149.13097,149.13564
2024-01-02T01:17:58.596Z,149.12329,149.12672
2024-01-02T01:17:59.114Z,149.12716,149.13131
2024-01-02T01:18:00.339Z,149.11638,149.12064
2024-01-02T01:18:01.705Z,149.10707,149.11106
2024-01-02T01:18:02.389Z,149.11158,149.11523
2024-01-02T01:18:03.247Z,149.11571,149.11961
2024-01-02T01:18:04.285Z,149.12374,149.12713
2024-01-02T01:18:04.844Z,149.12069,149.12436
2024-01-02T01:18:05.773Z,149.11444,149.11777
2024-01-02T01:18:06.625Z,149.11742,149.12191
2024-01-02T01:18:07.973Z,149.11021,149.11423
2024-01-02T01:18:09.334Z,149.10525,149.10856
2024-01-02T01:18:10.269Z,149.10056,149.10507
2024-01-02T01:18:11.071Z,149.09166,149.09576
2024-01-02T01:18:12.199Z,149.08432,149.08907
2024-01-02T01:18:13.244Z,149.07686,149.08046
2024-01-02T01:18:14.174Z,149.07276,149.07604
2024-01-02T01:18:15.241Z,149.07284,149.07684
2024-01-02T01:18:16.662Z,149.08305,149.08659
2024-01-02T01:18:17.400Z,149.06421,149.06855
2024-01-02T01:18:18.416Z,149.05829,149.06280
2024-01-02T01:18:19.268Z,149.04869,149.05299
2024-01-02T01:18:20.073Z,149.04473,149.04868
2024-01-02T01:18:20.875Z,149.04970,149.05311
2024-01-02T01:18:22.145Z,149.04580,149.05057
2024-01-02T01:18:23.522Z,149.04687,149.05064
2024-01-02T01:18:24.293Z,149.04392,149.04832
2024-01-02T01:18:25.424Z,149.04258,149.04690
2024-01-02T01:18:26.540Z,149.03769,149.04159
2024-01-02T01:18:28.027Z,149.03661,149.04011
2024-01-02T01:18:28.811Z,149.03822,149.04175
2024-01-02T01:18:30.088Z,149.02753,149.03229
2024-01-02T01:18:31.124Z,149.02440,149.02794
2024-01-02T01:18:32.196Z,149.02712,149.03099
2024-01-02T01:18:33.210Z,149.01824,149.02147
2024-01-02T01:18:33.877Z,149.00970,149.01388
2024-01-02T01:18:35.219Z,149.00964,149.01376
2024-01-02T01:18:36.365Z,148.99863,149.00299
2024-01-02T01:18:37.488Z,148.99775,149.00225
2024-01-02T01:18:38.657Z,148.99759,149.00138
2024-01-02T01:18:40.017Z,149.00228,149.00708
2024-01-02T01:18:40.776Z,149.00751,149.01078
2024-01-02T01:18:41.997Z,149.00855,149.01177
2024-01-02T01:18:43.139Z,149.00862,149.01264
2024-01-02T01:18:43.749Z,149.01158,149.01570
2024-01-02T01:18:44.844Z,149.00874,149.01315
2024-01-02T01:18:46.038Z,148.99952,149.00405
2024-01-02T01:18:47.349Z,148.99460,148.99865
2024-01-02T01:18:48.694Z,148.98160,148.98588
2024-01-02T01:18:50.115Z,148.99363,148.99691
2024-01-02T01:18:50.870Z,148.99165,148.99625
2024-01-02T01:18:52.026Z,148.99031,148.99467
2024-01-02T01:18:52.905Z,148.99340,148.99755
2024-01-02T01:18:53.614Z,148.99071,148.99541
2024-01-02T01:18:54.333Z,148.99489,148.99943
2024-01-02T01:18:55.202Z,149.00461,149.00859
2024-01-02T01:18:56.613Z,149.00214,149.00542
2024-01-02T01:18:57.522Z,149.00442,149.00885
2024-01-02T01:18:58.093Z,149.00309,149.00673
2024-01-02T01:18:59.509Z,149.01770,149.02229
2024-01-02T01:19:00.908Z,149.01589,149.01934
2024-01-02T01:19:01.651Z,149.01405,149.01816
2024-01-02T01:19:02.900Z,149.00673,149.01049
2024-01-02T01:19:04.129Z,149.00444,149.00820
2024-01-02T01:19:05.272Z,149.01266,149.01597
2024-01-02T01:19:06.436Z,149.00757,149.01144
2024-01-02T01:19:07.776Z,149.00682,149.01039
2024-01-02T01:19:08.485Z,149.01689,149.02156
2024-01-02T01:19:09.286Z,149.00301,149.00696
2024-01-02T01:19:10.162Z,149.00665,149.01102
2024-01-02T01:19:11.440Z,149.01074,149.01512
2024-01-02T01:19:12.565Z,149.00623,149.00972
2024-01-02T01:19:13.384Z,148.99296,148.99705
2024-01-02T01:19:14.635Z,148.98236,148.98679
2024-01-02T01:19:15.580Z,148.97729,148.98188
2024-01-02T01:19:16.703Z,148.97526,148.97945
2024-01-02T01:19:17.758Z,148.97831,148.98225
2024-01-02T01:19:18.556Z,148.97057,148.97487
2024-01-02T01:19:19.878Z,148.98458,148.98930
2024-01-02T01:19:20.944Z,148.99614,149.00028
2024-01-02T01:19:21.597Z,148.98550,148.99023
2024-01-02T01:19:22.829Z,148.98376,148.98846
2024-01-02T01:19:23.616Z,148.98772,148.99251
2024-01-02T01:19:24.875Z,148.98998,148.99419
2024-01-02T01:19:26.056Z,148.98873,148.99253
2024-01-02T01:19:27.421Z,148.98015,148.98476
2024-01-02T01:19:28.494Z,148.97772,148.98177
2024-01-02T01:19:29.547Z,148.98153,148.98479
2024-01-02T01:19:30.146Z,148.96578,148.96990
2024-01-02T01:19:31.007Z,148.96056,148.96397
2024-01-02T01:19:31.956Z,148.98017,148.98430
2024-01-02T01:19:33.309Z,148.97602,148.97959
2024-01-02T01:19:34.030Z,148.97580,148.98048
2024-01-02T01:19:35.216Z,148.97811,148.98209
2024-01-02T01:19:36.066Z,148.97838,148.98217
2024-01-02T01:19:37.217Z,148.97788,148.98118
2024-01-02T01:19:37.781Z,148.97286,148.97680
2024-01-02T01:19:39.020Z,148.97405,148.97791
2024-01-02T01:19:40.346Z,148.96634,148.97027
2024-01-02T01:19:40.904Z,148.96916,148.97352
2024-01-02T01:19:41.513Z,148.95331,148.95719
2024-01-02T01:19:42.793Z,148.95548,148.95977
2024-01-02T01:19:43.752Z,148.95331,148.95794
2024-01-02T01:19:44.632Z,148.95746,148.96162
2024-01-02T01:19:45.281Z,148.96026,148.96387
2024-01-02T01:19:45.903Z,148.95256,148.95581
2024-01-02T01:19:46.830Z,148.94141,148.94488
2024-01-02T01:19:47.753Z,148.94210,148.94582
2024-01-02T01:19:49.039Z,148.93868,148.94342
2024-01-02T01:19:49.881Z,148.94862,148.95276
2024-01-02T01:19:50.755Z,148.92786,148.93186
2024-01-02T01:19:52.016Z,148.93239,148.93638
2024-01-02T01:19:52.644Z,148.93446,148.93822
2024-01-02T01:19:53.998Z,148.93836,148.94198
2024-01-02T01:19:54.531Z,148.94541,148.94932
2024-01-02T01:19:55.198Z,148.94119,148.94500
2024-01-02T01:19:56.592Z,148.94234,148.94664
2024-01-02T01:19:57.673Z,148.95447,148.95810
2024-01-02T01:19:58.494Z,148.95390,148.95824
2024-01-02T01:19:59.087Z,148.96317,148.96714
2024-01-02T01:19:59.681Z,148.94840,148.95264
2024-01-02T01:20:00.859Z,148.94934,148.95284
2024-01-02T01:20:01.514Z,148.95386,148.95706
2024-01-02T01:20:02.507Z,148.95958,148.96364
2024-01-02T01:20:03.371Z,148.94846,148.95207
2024-01-02T01:20:04.301Z,148.94767,148.95246
2024-01-02T01:20:05.221Z,148.94007,148.94417
2024-01-02T01:20:06.311Z,148.94114,148.94565
2024-01-02T01:20:06.863Z,148.94322,148.94775
2024-01-02T01:20:07.431Z,148.94638,148.95098
2024-01-02T01:20:08.879Z,148.94774,148.95244
2024-01-02T01:20:09.903Z,148.95426,148.95762
2024-01-02T01:20:10.827Z,148.94870,148.95303
2024-01-02T01:20:11.625Z,148.95743,148.96142
2024-01-02T01:20:12.444Z,148.95553,148.95986
2024-01-02T01:20:13.829Z,148.95383,148.95729
2024-01-02T01:20:14.575Z,148.95524,148.95937
2024-01-02T01:20:15.712Z,148.96700,148.97028
2024-01-02T01:20:16.472Z,148.96451,148.96875
2024-01-02T01:20:17.011Z,148.96606,148.97017
2024-01-02T01:20:18.076Z,148.96706,148.97064
2024-01-02T01:20:18.923Z,148.96592,148.96987
2024-01-02T01:20:20.278Z,148.97707,148.98177
2024-01-02T01:20:21.479Z,148.98755,148.99164
2024-01-02T01:20:22.620Z,148.98097,148.98483
2024-01-02T01:20:24.027Z,148.97861,148.98198
2024-01-02T01:20:25.125Z,148.97596,148.98073
2024-01-02T01:20:25.828Z,148.97092,148.97443
2024-01-02T01:20:26.586Z,148.97047,148.97516
2024-01-02T01:20:27.778Z,148.96493,148.96910
2024-01-02T01:20:28.912Z,148.96108,148.96446
2024-01-02T01:20:29.803Z,148.94583,148.94993
2024-01-02T01:20:30.421Z,148.94115,148.94545
2024-01-02T01:20:31.039Z,148.92657,148.93030
2024-01-02T01:20:31.771Z,148.92250,148.92646
2024-01-02T01:20:32.584Z,148.91698,148.92042
2024-01-02T01:20:33.811Z,148.91547,148.91919
2024-01-02T01:20:34.571Z,148.91572,148.91965
2024-01-02T01:20:36.060Z,148.92124,148.92580
2024-01-02T01:20:36.766Z,148.93072,148.93442
2024-01-02T01:20:37.796Z,148.92496,148.92895
2024-01-02T01:20:38.951Z,148.91403,148.91834
2024-01-02T01:20:39.841Z,148.91386,148.91856
2024-01-02T01:20:40.716Z,148.89775,148.90116
2024-01-02T01:20:41.517Z,148.89787,148.90191
2024-01-02T01:20:42.095Z,148.89298,148.89729
2024-01-02T01:20:43.247Z,148.88669,148.89061
2024-01-02T01:20:44.265Z,148.88593,148.88935
2024-01-02T01:20:44.970Z,148.87715,148.88100
2024-01-02T01:20:46.105Z,148.88731,148.89121
2024-01-02T01:20:47.013Z,148.88849,148.89316
2024-01-02T01:20:47.673Z,148.88866,148.89295
2024-01-02T01:20:48.842Z,148.89221,148.89600
2024-01-02T01:20:49.421Z,148.89686,148.90018
2024-01-02T01:20:50.306Z,148.89535,148.89945
2024-01-02T01:20:51.322Z,148.90581,148.90948
2024-01-02T01:20:52.163Z,148.89829,148.90152
2024-01-02T01:20:53.662Z,148.88697,148.89112
2024-01-02T01:20:54.220Z,148.88199,148.88641
2024-01-02T01:20:55.139Z,148.86838,148.87213
2024-01-02T01:20:56.567Z,148.86208,148.86669
2024-01-02T01:20:57.733Z,148.86026,148.86469
2024-01-02T01:20:58.842Z,148.85474,148.85798
2024-01-02T01:20:59.356Z,148.85393,148.85744
2024-01-02T01:21:00.810Z,148.84530,148.84978
2024-01-02T01:21:01.676Z,148.84424,148.84755
2024-01-02T01:21:02.466Z,148.84159,148.84533
2024-01-02T01:21:03.814Z,148.84582,148.85022
2024-01-02T01:21:04.437Z,148.85181,148.85543
2024-01-02T01:21:05.919Z,148.85445,148.85812
2024-01-02T01:21:07.343Z,148.85046,148.85392
2024-01-02T01:21:08.292Z,148.84625,148.84969
2024-01-02T01:21:08.979Z,148.85013,148.85438
2024-01-02T01:21:09.546Z,148.85673,148.86101
2024-01-02T01:21:10.938Z,148.85679,148.86071
2024-01-02T01:21:11.650Z,148.84986,148.85324
2024-01-02T01:21:12.628Z,148.84156,148.84502
2024-01-02T01:21:13.154Z,148.82768,148.83224
2024-01-02T01:21:14.325Z,148.83685,148.84101
2024-01-02T01:21:15.517Z,148.83522,148.83986
2024-01-02T01:21:16.059Z,148.82759,148.83123
2024-01-02T01:21:17.362Z,148.81633,148.82013
2024-01-02T01:21:18.036Z,148.79759,148.80191
2024-01-02T01:21:19.152Z,148.81110,148.81471
2024-01-02T01:21:20.354Z,148.79736,148.80177
2024-01-02T01:21:21.314Z,148.80997,148.81336
2024-01-02T01:21:22.168Z,148.81339,148.81700
2024-01-02T01:21:23.215Z,148.80775,148.81234
2024-01-02T01:21:23.729Z,148.81416,148.81777
2024-01-02T01:21:24.362Z,148.80796,148.81122
2024-01-02T01:21:25.707Z,148.80598,148.80949
2024-01-02T01:21:27.012Z,148.81529,148.82008
2024-01-02T01:21:27.650Z,148.81014,148.81467
2024-01-02T01:21:28.280Z,148.81964,148.82317
2024-01-02T01:21:29.767Z,148.81830,148.82159
2024-01-02T01:21:30.703Z,148.80583,148.81012
2024-01-02T01:21:31.766Z,148.80347,148.80706
2024-01-02T01:21:32.477Z,148.80410,148.80802
2024-01-02T01:21:33.423Z,148.80157,148.80548
2024-01-02T01:21:34.574Z,148.79956,148.80427
2024-01-02T01:21:35.721Z,148.79150,148.79560
2024-01-02T01:21:36.795Z,148.79647,148.79971
2024-01-02T01:21:37.501Z,148.80113,148.80449
2024-01-02T01:21:38.525Z,148.81109,148.81439
2024-01-02T01:21:39.092Z,148.81583,148.81927
2024-01-02T01:21:40.539Z,148.81955,148.82337
2024-01-02T01:21:41.069Z,148.82568,148.83047
2024-01-02T01:21:42.319Z,148.81050,148.81446
2024-01-02T01:21:43.710Z,148.81718,148.82149
2024-01-02T01:21:44.995Z,148.81149,148.81577
2024-01-02T01:21:45.906Z,148.81309,148.81689
2024-01-02T01:21:46.832Z,148.81204,148.81646
2024-01-02T01:21:48.005Z,148.80883,148.81303
2024-01-02T01:21:48.901Z,148.81703,148.82049
2024-01-02T01:21:49.712Z,148.82014,148.82469
2024-01-02T01:21:50.326Z,148.82096,148.82575
2024-01-02T01:21:50.848Z,148.82548,148.83017
2024-01-02T01:21:52.326Z,148.82292,148.82639
2024-01-02T01:21:53.074Z,148.83606,148.83927
2024-01-02T01:21:53.639Z,148.83990,148.84448
2024-01-02T01:21:54.822Z,148.83559,148.83909
2024-01-02T01:21:55.864Z,148.83694,148.84137
2024-01-02T01:21:56.988Z,148.82991,148.83433
2024-01-02T01:21:58.263Z,148.83424,148.83762
2024-01-02T01:21:58.945Z,148.81978,148.82337
2024-01-02T01:21:59.815Z,148.80909,148.81338
2024-01-02T01:22:01.105Z,148.81704,148.82104
2024-01-02T01:22:02.532Z,148.82183,148.82581
2024-01-02T01:22:03.406Z,148.82076,148.82508
2024-01-02T01:22:04.868Z,148.81429,148.81816
2024-01-02T01:22:05.913Z,148.81410,148.81866
2024-01-02T01:22:06.969Z,148.81608,148.81967
2024-01-02T01:22:07.918Z,148.82021,148.82458
2024-01-02T01:22:09.150Z,148.81882,148.82310
2024-01-02T01:22:10.299Z,148.81546,148.81930
2024-01-02T01:22:10.854Z,148.81267,148.81657
2024-01-02T01:22:11.753Z,148.81409,148.81855
2024-01-02T01:22:12.506Z,148.82233,148.82669
2024-01-02T01:22:13.785Z,148.82297,148.82762
2024-01-02T01:22:14.513Z,148.83393,148.83862
2024-01-02T01:22:15.411Z,148.82531,148.82862
2024-01-02T01:22:16.469Z,148.83080,148.83459
2024-01-02T01:22:17.896Z,148.83656,148.84039
2024-01-02T01:22:19.018Z,148.84415,148.84827
2024-01-02T01:22:20.328Z,148.83271,148.83642
2024-01-02T01:22:20.921Z,148.83216,148.83579
2024-01-02T01:22:22.232Z,148.82892,148.83327
2024-01-02T01:22:23.675Z,148.82677,148.83092
2024-01-02T01:22:24.340Z,148.81696,148.82115
2024-01-02T01:22:25.771Z,148.81937,148.82281
2024-01-02T01:22:26.896Z,148.80293,148.80751
2024-01-02T01:22:27.771Z,148.80299,148.80636
2024-01-02T01:22:28.998Z,148.80060,148.80518
2024-01-02T01:22:29.627Z,148.80954,148.81302
2024-01-02T01:22:30.481Z,148.80256,148.80660
2024-01-02T01:22:31.926Z,148.79517,148.79933
2024-01-02T01:22:33.424Z,148.79791,148.80160
2024-01-02T01:22:34.587Z,148.80330,148.80668
2024-01-02T01:22:35.721Z,148.80095,148.80501
2024-01-02T01:22:37.128Z,148.79608,148.80050
2024-01-02T01:22:38.386Z,148.80694,148.81031
2024-01-02T01:22:39.092Z,148.80355,148.80692
2024-01-02T01:22:40.564Z,148.79480,148.79846
2024-01-02T01:22:41.195Z,148.78976,148.79445
2024-01-02T01:22:42.615Z,148.77992,148.78353
2024-01-02T01:22:43.872Z,148.77441,148.77774
2024-01-02T01:22:44.512Z,148.76664,148.76999
2024-01-02T01:22:45.437Z,148.76488,148.76938
2024-01-02T01:22:46.791Z,148.77378,148.77847
2024-01-02T01:22:47.892Z,148.77948,148.78277
2024-01-02T01:22:48.589Z,148.78547,148.78867
2024-01-02T01:22:49.896Z,148.78796,148.79238
2024-01-02T01:22:50.591Z,148.78790,148.79237
2024-01-02T01:22:51.544Z,148.78959,148.79297
2024-01-02T01:22:52.399Z,148.78611,148.79044
2024-01-02T01:22:53.218Z,148.78440,148.78801
2024-01-02T01:22:53.802Z,148.77192,148.77631
2024-01-02T01:22:54.521Z,148.77411,148.77782
2024-01-02T01:22:55.521Z,148.77093,148.77450
2024-01-02T01:22:56.259Z,148.77497,148.77886
2024-01-02T01:22:57.757Z,148.76553,148.77030
2024-01-02T01:22:58.637Z,148.77734,148.78062
2024-01-02T01:22:59.808Z,148.78134,148.78534
2024-01-02T01:23:00.398Z,148.77477,148.77817
2024-01-02T01:23:01.618Z,148.78019,148.78425
2024-01-02T01:23:02.369Z,148.76902,148.77223
2024-01-02T01:23:03.690Z,148.76108,148.76485
2024-01-02T01:23:04.945Z,148.75976,148.76438
2024-01-02T01:23:06.298Z,148.76133,148.76557
2024-01-02T01:23:07.472Z,148.76850,148.77275
2024-01-02T01:23:08.158Z,148.77442,148.77853
2024-01-02T01:23:09.132Z,148.77166,148.77613
2024-01-02T01:23:10.386Z,148.77059,148.77451
2024-01-02T01:23:11.336Z,148.77084,148.77483
2024-01-02T01:23:12.683Z,148.77892,148.78302
2024-01-02T01:23:13.409Z,148.76884,148.77226
2024-01-02T01:23:14.109Z,148.77262,148.77619
2024-01-02T01:23:14.838Z,148.76590,148.77011
2024-01-02T01:23:16.198Z,148.76104,148.76491
2024-01-02T01:23:17.143Z,148.75952,148.76345
2024-01-02T01:23:17.884Z,148.76108,148.76452
2024-01-02T01:23:19.001Z,148.76769,148.77144
2024-01-02T01:23:19.922Z,148.77927,148.78380
2024-01-02T01:23:20.547Z,148.76958,148.77349
2024-01-02T01:23:21.913Z,148.76127,148.76586
2024-01-02T01:23:23.400Z,148.75676,148.76028
2024-01-02T01:23:24.526Z,148.75531,148.75888
2024-01-02T01:23:25.776Z,148.75471,148.75926
2024-01-02T01:23:26.686Z,148.75578,148.76015
2024-01-02T01:23:27.526Z,148.75503,148.75922
2024-01-02T01:23:28.391Z,148.74363,148.74820
2024-01-02T01:23:29.791Z,148.74113,148.74459
2024-01-02T01:23:31.022Z,148.73108,148.73493
2024-01-02T01:23:31.772Z,148.73642,148.74088
2024-01-02T01:23:33.179Z,148.72693,148.73033
2024-01-02T01:23:33.842Z,148.72479,148.72951
2024-01-02T01:23:34.949Z,148.71911,148.72358
2024-01-02T01:23:35.696Z,148.71638,148.72082
2024-01-02T01:23:37.194Z,148.71337,148.71804
2024-01-02T01:23:38.102Z,148.70636,148.70999
2024-01-02T01:23:39.549Z,148.70124,148.70510
2024-01-02T01:23:40.471Z,148.71020,148.71469
2024-01-02T01:23:41.725Z,148.72263,148.72729
2024-01-02T01:23:42.284Z,148.72251,148.72603
2024-01-02T01:23:42.886Z,148.73800,148.74265
2024-01-02T01:23:43.884Z,148.73903,148.74378
2024-01-02T01:23:44.750Z,148.73447,148.73895
2024-01-02T01:23:45.375Z,148.73350,148.73721
2024-01-02T01:23:46.170Z,148.74813,148.75217
2024-01-02T01:23:47.391Z,148.74855,148.75328
2024-01-02T01:23:48.432Z,148.74743,148.75073
2024-01-02T01:23:49.018Z,148.76499,148.76887
2024-01-02T01:23:49.828Z,148.76892,148.77256
2024-01-02T01:23:50.969Z,148.76886,148.77266
2024-01-02T01:23:51.652Z,148.76313,148.76789
2024-01-02T01:23:52.539Z,148.75800,148.76166
2024-01-02T01:23:53.826Z,148.76876,148.77290
2024-01-02T01:23:54.580Z,148.77006,148.77384
2024-01-02T01:23:55.575Z,148.76099,148.76470
2024-01-02T01:23:57.018Z,148.75767,148.76188
2024-01-02T01:23:58.069Z,148.75990,148.76323
2024-01-02T01:23:59.478Z,148.76396,148.76762
2024-01-02T01:24:00.596Z,148.77375,148.77727
2024-01-02T01:24:01.314Z,148.79241,148.79571
2024-01-02T01:24:02.134Z,148.79732,148.80146
2024-01-02T01:24:02.654Z,148.79550,148.79895
2024-01-02T01:24:04.086Z,148.79204,148.79600
2024-01-02T01:24:04.901Z,148.79123,148.79484
2024-01-02T01:24:05.900Z,148.79186,148.79531
2024-01-02T01:24:07.154Z,148.79015,148.79392
2024-01-02T01:24:08.593Z,148.78075,148.78487
2024-01-02T01:24:09.150Z,148.77478,148.77833
2024-01-02T01:24:09.762Z,148.77372,148.77782
2024-01-02T01:24:10.445Z,148.76756,148.77151
2024-01-02T01:24:11.119Z,148.76313,148.76677
2024-01-02T01:24:11.912Z,148.76284,148.76703
2024-01-02T01:24:12.606Z,148.75941,148.76335
2024-01-02T01:24:13.371Z,148.76823,148.77282
2024-01-02T01:24:14.523Z,148.75567,148.76021
2024-01-02T01:24:15.888Z,148.75500,148.75878
2024-01-02T01:24:16.443Z,148.74049,148.74428
2024-01-02T01:24:17.449Z,148.73246,148.73598
2024-01-02T01:24:18.552Z,148.73527,148.73940
2024-01-02T01:24:19.487Z,148.73226,148.73704
2024-01-02T01:24:19.998Z,148.72932,148.73286
2024-01-02T01:24:20.519Z,148.71529,148.71994
2024-01-02T01:24:21.896Z,148.71425,148.71827
2024-01-02T01:24:22.442Z,148.71463,148.71826
2024-01-02T01:24:23.208Z,148.72391,148.72821
2024-01-02T01:24:24.173Z,148.71221,148.71590
2024-01-02T01:24:25.401Z,148.71691,148.72164
2024-01-02T01:24:26.896Z,148.72586,148.72942
2024-01-02T01:24:27.830Z,148.71382,148.71840
2024-01-02T01:24:28.464Z,148.71439,148.71826
2024-01-02T01:24:29.949Z,148.70553,148.70957
2024-01-02T01:24:31.258Z,148.70301,148.70723
2024-01-02T01:24:31.809Z,148.71563,148.71899
2024-01-02T01:24:33.113Z,148.71710,148.72068
2024-01-02T01:24:34.220Z,148.73201,148.73563
2024-01-02T01:24:34.923Z,148.72284,148.72631
2024-01-02T01:24:36.188Z,148.71460,148.71862
2024-01-02T01:24:37.667Z,148.72830,148.73271
2024-01-02T01:24:39.072Z,148.72121,148.72591
2024-01-02T01:24:40.509Z,148.72129,148.72528
2024-01-02T01:24:41.849Z,148.71381,148.71727
2024-01-02T01:24:42.511Z,148.69675,148.70049
2024-01-02T01:24:43.021Z,148.70273,148.70609
2024-01-02T01:24:43.694Z,148.69939,148.70275
2024-01-02T01:24:45.135Z,148.69583,148.70008
2024-01-02T01:24:46.054Z,148.69609,148.69986
2024-01-02T01:24:47.031Z,148.70102,148.70508
2024-01-02T01:24:47.616Z,148.69745,148.70170
2024-01-02T01:24:48.809Z,148.69566,148.69951
2024-01-02T01:24:49.529Z,148.69713,148.70133
2024-01-02T01:24:50.657Z,148.68229,148.68553
2024-01-02T01:24:51.389Z,148.68671,148.69102
2024-01-02T01:24:51.941Z,148.69274,148.69651
2024-01-02T01:24:53.187Z,148.70227,148.70643
2024-01-02T01:24:53.968Z,148.70393,148.70726
2024-01-02T01:24:55.274Z,148.70478,148.70868
2024-01-02T01:24:55.783Z,148.69267,148.69700
2024-01-02T01:24:56.635Z,148.68158,148.68483
2024-01-02T01:24:58.082Z,148.66853,148.67214
2024-01-02T01:24:59.475Z,148.67434,148.67876
2024-01-02T01:24:59.983Z,148.67880,148.68242
2024-01-02T01:25:00.513Z,148.68699,148.69086
2024-01-02T01:25:01.228Z,148.69091,148.69456
2024-01-02T01:25:02.042Z,148.69391,148.69828
2024-01-02T01:25:03.341Z,148.69620,148.69954
2024-01-02T01:25:04.806Z,148.68680,148.69084
2024-01-02T01:25:05.933Z,148.68244,148.68711
2024-01-02T01:25:06.684Z,148.67514,148.67894
2024-01-02T01:25:07.795Z,148.66624,148.67006
2024-01-02T01:25:09.136Z,148.64832,148.65279
2024-01-02T01:25:09.746Z,148.63849,148.64303
2024-01-02T01:25:10.920Z,148.63655,148.64026
2024-01-02T01:25:11.829Z,148.62688,148.63076
2024-01-02T01:25:12.608Z,148.61474,148.61811
2024-01-02T01:25:13.288Z,148.60609,148.61046
2024-01-02T01:25:14.778Z,148.61318,148.61647
2024-01-02T01:25:15.962Z,148.61362,148.61699
2024-01-02T01:25:17.344Z,148.60273,148.60683
2024-01-02T01:25:18.141Z,148.59931,148.60364
2024-01-02T01:25:18.813Z,148.58634,148.58970
2024-01-02T01:25:20.291Z,148.58114,148.58520
2024-01-02T01:25:21.613Z,148.58237,148.58673
2024-01-02T01:25:22.856Z,148.57289,148.57661
2024-01-02T01:25:24.286Z,148.59013,148.59454
2024-01-02T01:25:25.721Z,148.59287,148.59683
2024-01-02T01:25:27.185Z,148.60264,148.60709
2024-01-02T01:25:27.698Z,148.61200,148.61633
2024-01-02T01:25:29.189Z,148.60394,148.60795
2024-01-02T01:25:29.741Z,148.60549,148.60875
2024-01-02T01:25:30.496Z,148.60540,148.60910
2024-01-02T01:25:31.202Z,148.60827,148.61255
2024-01-02T01:25:32.560Z,148.61169,148.61555
2024-01-02T01:25:33.573Z,148.61117,148.61468
2024-01-02T01:25:34.703Z,148.61105,148.61457
2024-01-02T01:25:35.220Z,148.61710,148.62135
2024-01-02T01:25:36.576Z,148.60659,148.61077
2024-01-02T01:25:37.541Z,148.59600,148.59942
2024-01-02T01:25:38.993Z,148.59917,148.60243
2024-01-02T01:25:39.964Z,148.59666,148.60074
2024-01-02T01:25:41.088Z,148.59524,148.59933
2024-01-02T01:25:42.153Z,148.60035,148.60512
2024-01-02T01:25:42.758Z,148.59837,148.60268
2024-01-02T01:25:43.599Z,148.59832,148.60198
2024-01-02T01:25:44.745Z,148.59989,148.60444
2024-01-02T01:25:46.100Z,148.59953,148.60389
2024-01-02T01:25:47.417Z,148.60048,148.60521
2024-01-02T01:25:48.437Z,148.59349,148.59764
2024-01-02T01:25:49.264Z,148.59725,148.60096
2024-01-02T01:25:50.363Z,148.59266,148.59709
2024-01-02T01:25:51.815Z,148.57922,148.58243
2024-01-02T01:25:53.304Z,148.57536,148.57922
2024-01-02T01:25:54.694Z,148.56204,148.56599
2024-01-02T01:25:55.397Z,148.55307,148.55755
2024-01-02T01:25:56.490Z,148.55808,148.56263
2024-01-02T01:25:57.585Z,148.56098,148.56429
2024-01-02T01:25:58.432Z,148.57001,148.57467
2024-01-02T01:25:59.525Z,148.57543,148.58012
2024-01-02T01:26:00.200Z,148.57382,148.57824
2024-01-02T01:26:01.611Z,148.57259,148.57614
2024-01-02T01:26:02.449Z,148.57297,148.57635
2024-01-02T01:26:03.215Z,148.57788,148.58114
2024-01-02T01:26:03.771Z,148.59190,148.59571
2024-01-02T01:26:04.423Z,148.58238,148.58705
2024-01-02T01:26:05.317Z,148.57897,148.58346
2024-01-02T01:26:06.000Z,148.58371,148.58706
2024-01-02T01:26:07.163Z,148.57524,148.57977
2024-01-02T01:26:07.950Z,148.57633,148.58068
2024-01-02T01:26:09.023Z,148.57201,148.57607
2024-01-02T01:26:09.593Z,148.58327,148.58743
2024-01-02T01:26:10.818Z,148.58222,148.58589
2024-01-02T01:26:11.688Z,148.58867,148.59216
2024-01-02T01:26:12.983Z,148.57977,148.58417
2024-01-02T01:26:14.465Z,148.57385,148.57784
2024-01-02T01:26:15.225Z,148.57962,148.58413
2024-01-02T01:26:16.550Z,148.57716,148.58172
2024-01-02T01:26:17.069Z,148.59017,148.59389
2024-01-02T01:26:18.073Z,148.60131,148.60526
2024-01-02T01:26:18.721Z,148.60580,148.61043
2024-01-02T01:26:20.113Z,148.60763,148.61228
2024-01-02T01:26:21.473Z,148.60304,148.60756
2024-01-02T01:26:22.473Z,148.60269,148.60593
2024-01-02T01:26:23.351Z,148.59880,148.60306
2024-01-02T01:26:24.517Z,148.59118,148.59583
2024-01-02T01:26:25.369Z,148.59181,148.59501
2024-01-02T01:26:26.636Z,148.57660,148.58010
2024-01-02T01:26:27.920Z,148.58241,148.58618
2024-01-02T01:26:28.645Z,148.57908,148.58269
2024-01-02T01:26:29.512Z,148.57217,148.57590
2024-01-02T01:26:30.475Z,148.57392,148.57731
2024-01-02T01:26:31.325Z,148.56902,148.57352
2024-01-02T01:26:32.377Z,148.57026,148.57433
2024-01-02T01:26:33.514Z,148.56309,148.56750
2024-01-02T01:26:34.370Z,148.55984,148.56336
2024-01-02T01:26:35.711Z,148.56274,148.56663
2024-01-02T01:26:36.296Z,148.56165,148.56558
2024-01-02T01:26:37.785Z,148.55439,148.55857
2024-01-02T01:26:39.004Z,148.55324,148.55723
2024-01-02T01:26:40.433Z,148.54969,148.55430
2024-01-02T01:26:40.961Z,148.54227,148.54592
2024-01-02T01:26:42.125Z,148.54201,148.54675
2024-01-02T01:26:42.869Z,148.53676,148.54030
2024-01-02T01:26:44.116Z,148.53904,148.54367
2024-01-02T01:26:45.594Z,148.53534,148.53911
2024-01-02T01:26:46.425Z,148.53599,148.53926
2024-01-02T01:26:47.894Z,148.53125,148.53447
2024-01-02T01:26:48.570Z,148.53877,148.54210
2024-01-02T01:26:50.004Z,148.53259,148.53687
2024-01-02T01:26:51.041Z,148.52957,148.53400
2024-01-02T01:26:52.120Z,148.52424,148.52831
2024-01-02T01:26:53.543Z,148.52520,148.52978
2024-01-02T01:26:54.606Z,148.51897,148.52366
2024-01-02T01:26:55.119Z,148.51419,148.51843
2024-01-02T01:26:56.249Z,148.51126,148.51605
2024-01-02T01:26:57.637Z,148.51083,148.51465
2024-01-02T01:26:58.984Z,148.50449,148.50800
2024-01-02T01:26:59.854Z,148.50993,148.51335
2024-01-02T01:27:01.112Z,148.50475,148.50883
2024-01-02T01:27:02.359Z,148.49851,148.50314
2024-01-02T01:27:03.144Z,148.50118,148.50534
2024-01-02T01:27:04.572Z,148.49421,148.49741
2024-01-02T01:27:05.935Z,148.49665,148.50053
2024-01-02T01:27:06.690Z,148.50000,148.50367
2024-01-02T01:27:07.321Z,148.50416,148.50756
2024-01-02T01:27:08.136Z,148.51583,148.51972
2024-01-02T01:27:08.839Z,148.51302,148.51626
2024-01-02T01:27:10.176Z,148.51316,148.51699
2024-01-02T01:27:11.407Z,148.51197,148.51622
2024-01-02T01:27:12.326Z,148.49980,148.50309
2024-01-02T01:27:13.355Z,148.48015,148.48404
2024-01-02T01:27:14.384Z,148.47585,148.48057
2024-01-02T01:27:15.373Z,148.46512,148.46888
2024-01-02T01:27:16.061Z,148.46038,148.46513
2024-01-02T01:27:17.364Z,148.45722,148.46056
2024-01-02T01:27:18.662Z,148.46180,148.46566
2024-01-02T01:27:19.269Z,148.46398,148.46757
2024-01-02T01:27:20.238Z,148.45834,148.46251
2024-01-02T01:27:20.936Z,148.44597,148.44923
2024-01-02T01:27:21.578Z,148.43500,148.43957
2024-01-02T01:27:22.811Z,148.42443,148.42857
2024-01-02T01:27:23.749Z,148.42842,148.43284
2024-01-02T01:27:24.875Z,148.43324,148.43712
2024-01-02T01:27:26.040Z,148.43736,148.44168
2024-01-02T01:27:26.541Z,148.43446,148.43811
2024-01-02T01:27:27.201Z,148.43083,148.43467
2024-01-02T01:27:27.853Z,148.44054,148.44514
2024-01-02T01:27:28.806Z,148.43573,148.43945
2024-01-02T01:27:29.588Z,148.43419,148.43879
2024-01-02T01:27:30.871Z,148.41991,148.42368
2024-01-02T01:27:32.314Z,148.42230,148.42608
2024-01-02T01:27:32.842Z,148.40402,148.40795
2024-01-02T01:27:33.921Z,148.39742,148.40095
2024-01-02T01:27:34.534Z,148.39631,148.40054
2024-01-02T01:27:35.636Z,148.39864,148.40338
2024-01-02T01:27:36.232Z,148.40983,148.41444
2024-01-02T01:27:36.895Z,148.39717,148.40081
2024-01-02T01:27:38.288Z,148.40340,148.40716
2024-01-02T01:27:39.765Z,148.39625,148.40017
2024-01-02T01:27:40.498Z,148.37995,148.38424
2024-01-02T01:27:41.126Z,148.37756,148.38221
2024-01-02T01:27:41.900Z,148.37881,148.38291
2024-01-02T01:27:42.505Z,148.39466,148.39856
2024-01-02T01:27:43.185Z,148.38191,148.38569
2024-01-02T01:27:43.734Z,148.39125,148.39495
2024-01-02T01:27:45.072Z,148.38532,148.38887
2024-01-02T01:27:46.505Z,148.37725,148.38048
2024-01-02T01:27:47.647Z,148.37015,148.37389
2024-01-02T01:27:48.578Z,148.35894,148.36238
2024-01-02T01:27:49.984Z,148.35444,148.35827
2024-01-02T01:27:51.399Z,148.34434,148.34867
2024-01-02T01:27:52.004Z,148.34246,148.34684
2024-01-02T01:27:53.378Z,148.33919,148.34314
2024-01-02T01:27:54.093Z,148.33261,148.33699
2024-01-02T01:27:55.392Z,148.33042,148.33480
2024-01-02T01:27:56.266Z,148.33043,148.33402
2024-01-02T01:27:57.457Z,148.33464,148.33819
2024-01-02T01:27:58.280Z,148.34014,148.34336
2024-01-02T01:27:59.073Z,148.34311,148.34642
2024-01-02T01:27:59.959Z,148.34027,148.34465
2024-01-02T01:28:00.555Z,148.34182,148.34565
2024-01-02T01:28:01.727Z,148.35523,148.35961
2024-01-02T01:28:02.347Z,148.34488,148.34813
2024-01-02T01:28:03.127Z,148.34724,148.35049
2024-01-02T01:28:04.162Z,148.34388,148.34752
2024-01-02T01:28:05.445Z,148.33540,148.34018
2024-01-02T01:28:06.236Z,148.32797,148.33205
2024-01-02T01:28:07.091Z,148.31777,148.32246
2024-01-02T01:28:07.944Z,148.32122,148.32537
2024-01-02T01:28:09.352Z,148.33061,148.33407
2024-01-02T01:28:10.436Z,148.31705,148.32064
2024-01-02T01:28:11.050Z,148.31432,148.31855
2024-01-02T01:28:12.342Z,148.31428,148.31777
2024-01-02T01:28:13.442Z,148.33343,148.33687
2024-01-02T01:28:14.418Z,148.34173,148.34501
2024-01-02T01:28:15.904Z,148.33853,148.34237
2024-01-02T01:28:16.813Z,148.33587,148.34050
2024-01-02T01:28:18.231Z,148.33531,148.33931
2024-01-02T01:28:19.089Z,148.32798,148.33192
2024-01-02T01:28:20.106Z,148.33356,148.33735
2024-01-02T01:28:20.782Z,148.33064,148.33530
2024-01-02T01:28:21.602Z,148.32091,148.32437
2024-01-02T01:28:22.199Z,148.32314,148.32639
2024-01-02T01:28:23.633Z,148.32573,148.33025
2024-01-02T01:28:24.266Z,148.32532,148.32911
2024-01-02T01:28:25.527Z,148.31551,148.31978
2024-01-02T01:28:26.958Z,148.31454,148.31884
2024-01-02T01:28:28.218Z,148.30381,148.30705
2024-01-02T01:28:28.919Z,148.29774,148.30116
2024-01-02T01:28:29.458Z,148.29456,148.29878
2024-01-02T01:28:30.641Z,148.30392,148.30846
2024-01-02T01:28:31.339Z,148.30022,148.30395
2024-01-02T01:28:32.233Z,148.29743,148.30207
2024-01-02T01:28:33.578Z,148.30892,148.31272
2024-01-02T01:28:34.377Z,148.31028,148.31502
2024-01-02T01:28:35.520Z,148.29679,148.30144
2024-01-02T01:28:36.622Z,148.28718,148.29171
2024-01-02T01:28:37.975Z,148.28133,148.28506
2024-01-02T01:28:39.434Z,148.29350,148.29754
2024-01-02T01:28:40.075Z,148.29473,148.29936
2024-01-02T01:28:41.504Z,148.28875,148.29209
2024-01-02T01:28:42.767Z,148.28296,148.28683
2024-01-02T01:28:44.209Z,148.27572,148.27902
2024-01-02T01:28:45.375Z,148.28831,148.29157
2024-01-02T01:28:46.418Z,148.28807,148.29192
2024-01-02T01:28:47.385Z,148.27065,148.27474
2024-01-02T01:28:48.386Z,148.27490,148.27896
2024-01-02T01:28:49.338Z,148.27712,148.28153
2024-01-02T01:28:50.723Z,148.28318,148.28757
2024-01-02T01:28:52.181Z,148.28124,148.28524
2024-01-02T01:28:53.428Z,148.27398,148.27790
2024-01-02T01:28:54.328Z,148.26265,148.26645
2024-01-02T01:28:54.939Z,148.25531,148.25851
2024-01-02T01:28:55.544Z,148.25520,148.25919
2024-01-02T01:28:56.253Z,148.26165,148.26603
2024-01-02T01:28:57.551Z,148.26056,148.26485
2024-01-02T01:28:59.003Z,148.25231,148.25638
2024-01-02T01:28:59.744Z,148.25774,148.26207
2024-01-02T01:29:00.398Z,148.24947,148.25286
2024-01-02T01:29:01.291Z,148.24613,148.24982
2024-01-02T01:29:01.806Z,148.24792,148.25213
2024-01-02T01:29:03.286Z,148.25139,148.25486
2024-01-02T01:29:04.380Z,148.25793,148.26175
2024-01-02T01:29:05.053Z,148.26925,148.27401
2024-01-02T01:29:06.452Z,148.26497,148.26946
2024-01-02T01:29:07.766Z,148.26577,148.27008
2024-01-02T01:29:08.602Z,148.27874,148.28314
2024-01-02T01:29:09.716Z,148.27776,148.28110
2024-01-02T01:29:10.840Z,148.27430,148.27873
2024-01-02T01:29:12.032Z,148.27345,148.27681
2024-01-02T01:29:12.679Z,148.27087,148.27413
2024-01-02T01:29:13.644Z,148.27848,148.28171
2024-01-02T01:29:14.638Z,148.28489,148.28891
2024-01-02T01:29:15.802Z,148.28081,148.28440
2024-01-02T01:29:16.756Z,148.26846,148.27276
2024-01-02T01:29:18.056Z,148.27045,148.27487
2024-01-02T01:29:19.419Z,148.27094,148.27442
2024-01-02T01:29:20.356Z,148.28108,148.28580
2024-01-02T01:29:21.254Z,148.26937,148.27354
2024-01-02T01:29:22.160Z,148.27678,148.28015
2024-01-02T01:29:23.301Z,148.28251,148.28705
2024-01-02T01:29:24.663Z,148.28558,148.28890
2024-01-02T01:29:25.708Z,148.28922,148.29285
2024-01-02T01:29:26.463Z,148.28457,148.28869
2024-01-02T01:29:27.404Z,148.27646,148.27990
2024-01-02T01:29:28.273Z,148.27844,148.28307
2024-01-02T01:29:29.527Z,148.27425,148.27801
2024-01-02T01:29:30.791Z,148.28616,148.29062
2024-01-02T01:29:31.394Z,148.28526,148.28884
2024-01-02T01:29:31.965Z,148.27209,148.27679
2024-01-02T01:29:32.677Z,148.28875,148.29348
2024-01-02T01:29:34.047Z,148.29178,148.29593
2024-01-02T01:29:34.812Z,148.27965,148.28423
2024-01-02T01:29:36.264Z,148.28746,148.29146
2024-01-02T01:29:37.134Z,148.28924,148.29293
2024-01-02T01:29:38.481Z,148.29243,148.29668
2024-01-02T01:29:39.616Z,148.28973,148.29364
2024-01-02T01:29:41.056Z,148.27429,148.27881
2024-01-02T01:29:41.716Z,148.26781,148.27258
2024-01-02T01:29:42.807Z,148.26313,148.26720
2024-01-02T01:29:43.823Z,148.27132,148.27560
2024-01-02T01:29:44.928Z,148.27926,148.28328
2024-01-02T01:29:46.421Z,148.27661,148.28020
2024-01-02T01:29:47.200Z,148.27991,148.28407
2024-01-02T01:29:48.514Z,148.27962,148.28348
2024-01-02T01:29:49.426Z,148.28038,148.28501
2024-01-02T01:29:50.429Z,148.26867,148.27220
2024-01-02T01:29:51.083Z,148.25719,148.26107
2024-01-02T01:29:52.535Z,148.25846,148.26199
2024-01-02T01:29:53.845Z,148.26955,148.27308
2024-01-02T01:29:55.323Z,148.25600,148.25975
2024-01-02T01:29:56.628Z,148.25597,148.26035
2024-01-02T01:29:57.630Z,148.27070,148.27520
2024-01-02T01:29:58.559Z,148.26225,148.26580
2024-01-02T01:29:59.517Z,148.26178,148.26625
2024-01-02T01:30:00.478Z,148.27279,148.27659
2024-01-02T01:30:01.000Z,148.26508,148.26926
2024-01-02T01:30:01.620Z,148.26360,148.26758
2024-01-02T01:30:02.981Z,148.26390,148.26805
2024-01-02T01:30:03.901Z,148.25339,148.25744
2024-01-02T01:30:04.954Z,148.25417,148.25749
2024-01-02T01:30:05.640Z,148.26049,148.26395
2024-01-02T01:30:06.243Z,148.25499,148.25950
2024-01-02T01:30:07.465Z,148.25387,148.25763
2024-01-02T01:30:08.559Z,148.25651,148.25986
2024-01-02T01:30:09.824Z,148.26175,148.26522
2024-01-02T01:30:10.996Z,148.25477,148.25887
2024-01-02T01:30:12.435Z,148.24734,148.25197
2024-01-02T01:30:13.641Z,148.24063,148.24407
2024-01-02T01:30:14.834Z,148.24054,148.24533
2024-01-02T01:30:15.448Z,148.24424,148.24843
2024-01-02T01:30:16.797Z,148.24926,148.25264
2024-01-02T01:30:17.838Z,148.24193,148.24581
2024-01-02T01:30:18.682Z,148.23844,148.24299
2024-01-02T01:30:19.756Z,148.24629,148.24968
2024-01-02T01:30:20.928Z,148.25277,148.25743
2024-01-02T01:30:22.419Z,148.25478,148.25885
2024-01-02T01:30:23.048Z,148.23682,148.24139
2024-01-02T01:30:24.264Z,148.24583,148.24920
2024-01-02T01:30:25.117Z,148.25929,148.26323
2024-01-02T01:30:26.178Z,148.26723,148.27109
2024-01-02T01:30:27.528Z,148.27155,148.27496
2024-01-02T01:30:28.899Z,148.27108,148.27492
2024-01-02T01:30:29.718Z,148.27293,148.27712
2024-01-02T01:30:30.512Z,148.27556,148.27904
2024-01-02T01:30:31.844Z,148.26195,148.26622
2024-01-02T01:30:32.467Z,148.27573,148.27950
2024-01-02T01:30:33.556Z,148.27890,148.28366
2024-01-02T01:30:34.483Z,148.28525,148.28865
2024-01-02T01:30:35.370Z,148.29574,148.30019
2024-01-02T01:30:36.704Z,148.29922,148.30295
2024-01-02T01:30:38.132Z,148.30301,148.30728
2024-01-02T01:30:38.867Z,148.30942,148.31263
2024-01-02T01:30:39.526Z,148.31153,148.31561
2024-01-02T01:30:40.802Z,148.29921,148.30387
2024-01-02T01:30:41.989Z,148.29814,148.30294
2024-01-02T01:30:43.299Z,148.31334,148.31787
2024-01-02T01:30:44.734Z,148.29614,148.30081
2024-01-02T01:30:45.643Z,148.29657,148.30132
2024-01-02T01:30:46.978Z,148.30232,148.30701
2024-01-02T01:30:48.293Z,148.30487,148.30924
2024-01-02T01:30:49.082Z,148.29381,148.29789
2024-01-02T01:30:49.843Z,148.29786,148.30171
2024-01-02T01:30:50.843Z,148.29607,148.30066
2024-01-02T01:30:51.430Z,148.28428,148.28836
2024-01-02T01:30:52.624Z,148.27571,148.27906
2024-01-02T01:30:53.822Z,148.27100,148.27436
2024-01-02T01:30:54.600Z,148.27271,148.27687
2024-01-02T01:30:55.804Z,148.26139,148.26604
2024-01-02T01:30:56.494Z,148.26230,148.26706
2024-01-02T01:30:57.238Z,148.26119,148.26528
2024-01-02T01:30:58.154Z,148.25247,148.25627
2024-01-02T01:30:59.481Z,148.23904,148.24247
2024-01-02T01:31:00.050Z,148.24162,148.24632
2024-01-02T01:31:00.835Z,148.24434,148.24831
2024-01-02T01:31:01.573Z,148.25377,148.25706
2024-01-02T01:31:02.223Z,148.24524,148.24947
2024-01-02T01:31:02.818Z,148.23627,148.24030
2024-01-02T01:31:04.100Z,148.23959,148.24382
2024-01-02T01:31:05.599Z,148.24178,148.24505
2024-01-02T01:31:06.113Z,148.23500,148.23960
2024-01-02T01:31:07.122Z,148.24823,148.25243
2024-01-02T01:31:08.415Z,148.25120,148.25465
2024-01-02T01:31:09.220Z,148.24105,148.24528
2024-01-02T01:31:09.721Z,148.24248,148.24606
2024-01-02T01:31:10.256Z,148.24383,148.24768
2024-01-02T01:31:11.464Z,148.25995,148.26408
2024-01-02T01:31:12.891Z,148.26181,148.26536
2024-01-02T01:31:13.640Z,148.26360,148.26699
2024-01-02T01:31:15.093Z,148.27499,148.27844
2024-01-02T01:31:16.198Z,148.27704,148.28042
2024-01-02T01:31:17.640Z,148.27697,148.28058
2024-01-02T01:31:19.043Z,148.27689,148.28053
2024-01-02T01:31:20.538Z,148.28439,148.28775
2024-01-02T01:31:21.443Z,148.26959,148.27378
2024-01-02T01:31:22.930Z,148.26874,148.27323
2024-01-02T01:31:23.501Z,148.26840,148.27189
2024-01-02T01:31:24.275Z,148.26319,148.26724
2024-01-02T01:31:25.382Z,148.25959,148.26395
2024-01-02T01:31:26.132Z,148.25819,148.26266
2024-01-02T01:31:26.737Z,148.26546,148.26892
2024-01-02T01:31:27.636Z,148.26928,148.27380
2024-01-02T01:31:28.395Z,148.26712,148.27087
2024-01-02T01:31:29.688Z,148.26411,148.26740
2024-01-02T01:31:31.150Z,148.26712,148.27093
2024-01-02T01:31:32.522Z,148.26540,148.27011
2024-01-02T01:31:33.515Z,148.26483,148.26931
2024-01-02T01:31:34.586Z,148.26317,148.26656
2024-01-02T01:31:36.021Z,148.26639,148.27040
2024-01-02T01:31:36.961Z,148.26214,148.26564
2024-01-02T01:31:38.299Z,148.25692,148.26170
2024-01-02T01:31:39.094Z,148.26908,148.27326
2024-01-02T01:31:39.752Z,148.27009,148.27443
2024-01-02T01:31:41.234Z,148.27007,148.27399
2024-01-02T01:31:41.819Z,148.26616,148.26978
2024-01-02T01:31:43.116Z,148.27937,148.28259
2024-01-02T01:31:43.995Z,148.28243,148.28612
2024-01-02T01:31:44.675Z,148.27337,148.27791
2024-01-02T01:31:45.741Z,148.28001,148.28414
2024-01-02T01:31:46.928Z,148.26477,148.26853
2024-01-02T01:31:47.727Z,148.26994,148.27401
2024-01-02T01:31:48.614Z,148.26736,148.27094
2024-01-02T01:31:49.182Z,148.26400,148.26819
2024-01-02T01:31:49.872Z,148.26764,148.27144
2024-01-02T01:31:51.341Z,148.25810,148.26252
2024-01-02T01:31:52.265Z,148.25009,148.25344
2024-01-02T01:31:53.158Z,148.24223,148.24608
2024-01-02T01:31:54.563Z,148.23467,148.23917
2024-01-02T01:31:55.584Z,148.23625,148.24077
2024-01-02T01:31:56.995Z,148.22658,148.23079
2024-01-02T01:31:58.279Z,148.24315,148.24638
2024-01-02T01:31:59.752Z,148.23709,148.24072
2024-01-02T01:32:00.921Z,148.24550,148.25008
2024-01-02T01:32:01.462Z,148.23809,148.24144
2024-01-02T01:32:02.608Z,148.22781,148.23107
2024-01-02T01:32:03.936Z,148.22269,148.22643
2024-01-02T01:32:04.991Z,148.22887,148.23250
2024-01-02T01:32:06.410Z,148.23717,148.24186
2024-01-02T01:32:07.817Z,148.25267,148.25723
2024-01-02T01:32:08.900Z,148.26407,148.26729
2024-01-02T01:32:09.414Z,148.25936,148.26405
2024-01-02T01:32:10.078Z,148.26601,148.26979
2024-01-02T01:32:11.477Z,148.27282,148.27605
2024-01-02T01:32:12.424Z,148.27358,148.27752
2024-01-02T01:32:13.310Z,148.27309,148.27756
2024-01-02T01:32:14.134Z,148.28354,148.28784
2024-01-02T01:32:15.203Z,148.29691,148.30029
2024-01-02T01:32:16.085Z,148.29837,148.30185
2024-01-02T01:32:16.953Z,148.29279,148.29674
2024-01-02T01:32:17.504Z,148.29027,148.29373
2024-01-02T01:32:18.719Z,148.29659,148.30056
2024-01-02T01:32:19.258Z,148.29910,148.30289
2024-01-02T01:32:19.953Z,148.29637,148.30029
2024-01-02T01:32:20.940Z,148.30253,148.30632
2024-01-02T01:32:22.038Z,148.30024,148.30377
2024-01-02T01:32:22.582Z,148.29510,148.29834
2024-01-02T01:32:23.136Z,148.29208,148.29655
2024-01-02T01:32:24.302Z,148.30389,148.30739
2024-01-02T01:32:25.095Z,148.30000,148.30427
2024-01-02T01:32:26.585Z,148.29810,148.30202
2024-01-02T01:32:27.433Z,148.30583,148.30961
2024-01-02T01:32:28.222Z,148.32134,148.32579
2024-01-02T01:32:29.666Z,148.31730,148.32121
2024-01-02T01:32:31.066Z,148.30215,148.30551
2024-01-02T01:32:31.671Z,148.30038,148.30457
2024-01-02T01:32:32.988Z,148.29390,148.29850
2024-01-02T01:32:34.419Z,148.28196,148.28621
2024-01-02T01:32:35.289Z,148.27169,148.27583
2024-01-02T01:32:35.839Z,148.27368,148.27832
2024-01-02T01:32:36.592Z,148.26554,148.26916
2024-01-02T01:32:37.973Z,148.25855,148.26234
2024-01-02T01:32:38.813Z,148.26621,148.26964
2024-01-02T01:32:39.549Z,148.27100,148.27517
2024-01-02T01:32:40.730Z,148.27619,148.27972
2024-01-02T01:32:42.078Z,148.28630,148.29052
2024-01-02T01:32:42.781Z,148.28065,148.28479
2024-01-02T01:32:43.404Z,148.26396,148.26751
2024-01-02T01:32:44.431Z,148.25719,148.26151
2024-01-02T01:32:45.902Z,148.25674,148.26096
2024-01-02T01:32:46.914Z,148.25944,148.26373
2024-01-02T01:32:47.690Z,148.26121,148.26557
2024-01-02T01:32:49.101Z,148.24513,148.24918
2024-01-02T01:32:50.121Z,148.25103,148.25506
2024-01-02T01:32:51.024Z,148.25886,148.26215
2024-01-02T01:32:52.026Z,148.25516,148.25872
2024-01-02T01:32:52.598Z,148.25754,148.26175
2024-01-02T01:32:53.774Z,148.25378,148.25853
2024-01-02T01:32:54.611Z,148.26069,148.26545
2024-01-02T01:32:55.490Z,148.26275,148.26669
2024-01-02T01:32:56.544Z,148.26469,148.26802
2024-01-02T01:32:57.433Z,148.26391,148.26756
2024-01-02T01:32:58.187Z,148.27936,148.28310
2024-01-02T01:32:58.709Z,148.28480,148.28849
2024-01-02T01:32:59.327Z,148.28512,148.28940
2024-01-02T01:33:00.090Z,148.28667,148.29004
2024-01-02T01:33:01.491Z,148.28023,148.28388
2024-01-02T01:33:02.598Z,148.27906,148.28356
2024-01-02T01:33:04.029Z,148.27565,148.28038
2024-01-02T01:33:05.362Z,148.28549,148.28940
2024-01-02T01:33:06.146Z,148.29702,148.30044
2024-01-02T01:33:06.833Z,148.30366,148.30712
2024-01-02T01:33:08.293Z,148.29743,148.30072
2024-01-02T01:33:08.980Z,148.29115,148.29546
2024-01-02T01:33:10.000Z,148.29692,148.30146
2024-01-02T01:33:10.718Z,148.29913,148.30363
2024-01-02T01:33:11.654Z,148.30089,148.30429
2024-01-02T01:33:12.742Z,148.29818,148.30163
2024-01-02T01:33:13.989Z,148.29151,148.29484
2024-01-02T01:33:15.438Z,148.30290,148.30643
2024-01-02T01:33:16.508Z,148.30162,148.30580
2024-01-02T01:33:17.026Z,148.30710,148.31077
2024-01-02T01:33:17.556Z,148.30443,148.30850
2024-01-02T01:33:18.668Z,148.29297,148.29662
2024-01-02T01:33:19.217Z,148.29149,148.29557
2024-01-02T01:33:19.868Z,148.29561,148.29948
2024-01-02T01:33:20.448Z,148.29214,148.29595
2024-01-02T01:33:21.300Z,148.29056,148.29522
2024-01-02T01:33:22.355Z,148.28113,148.28554
2024-01-02T01:33:23.179Z,148.28186,148.28529
2024-01-02T01:33:23.842Z,148.27803,148.28254
2024-01-02T01:33:25.026Z,148.27201,148.27663
2024-01-02T01:33:26.524Z,148.27041,148.27407
2024-01-02T01:33:27.284Z,148.27468,148.27839
2024-01-02T01:33:27.793Z,148.27188,148.27536
2024-01-02T01:33:29.006Z,148.27421,148.27890
2024-01-02T01:33:30.454Z,148.26977,148.27345
2024-01-02T01:33:31.414Z,148.26914,148.27251
2024-01-02T01:33:32.430Z,148.24739,148.25075
2024-01-02T01:33:33.714Z,148.25393,148.25770
2024-01-02T01:33:35.107Z,148.25114,148.25513
2024-01-02T01:33:36.472Z,148.24685,148.25025
2024-01-02T01:33:37.239Z,148.26543,148.26982
2024-01-02T01:33:38.065Z,148.26736,148.27154
2024-01-02T01:33:39.299Z,148.28412,148.28831
2024-01-02T01:33:40.592Z,148.27539,148.27986
2024-01-02T01:33:41.398Z,148.28306,148.28672
2024-01-02T01:33:42.460Z,148.30042,148.30473
2024-01-02T01:33:43.395Z,148.30480,148.30915
2024-01-02T01:33:44.303Z,148.30405,148.30787
2024-01-02T01:33:45.426Z,148.30182,148.30514
2024-01-02T01:33:46.820Z,148.30250,148.30651
2024-01-02T01:33:47.758Z,148.30932,148.31353
2024-01-02T01:33:49.062Z,148.29447,148.29870
2024-01-02T01:33:50.031Z,148.28710,148.29152
2024-01-02T01:33:50.869Z,148.28426,148.28785
2024-01-02T01:33:51.455Z,148.28307,148.28715
2024-01-02T01:33:52.807Z,148.28079,148.28486
2024-01-02T01:33:53.636Z,148.28194,148.28664
2024-01-02T01:33:54.890Z,148.27342,148.27748
2024-01-02T01:33:55.913Z,148.27540,148.27994
2024-01-02T01:33:57.051Z,148.27671,148.28015
2024-01-02T01:33:58.289Z,148.28089,148.28547
2024-01-02T01:33:59.446Z,148.28784,148.29247
2024-01-02T01:34:00.417Z,148.28870,148.29340
2024-01-02T01:34:01.341Z,148.29712,148.30053
2024-01-02T01:34:02.107Z,148.30283,148.30657
2024-01-02T01:34:03.209Z,148.30554,148.30982
2024-01-02T01:34:04.067Z,148.31790,148.32165
2024-01-02T01:34:04.870Z,148.30953,148.31330
2024-01-02T01:34:05.638Z,148.31290,148.31630
2024-01-02T01:34:06.656Z,148.30614,148.30947
2024-01-02T01:34:07.823Z,148.31583,148.31903
2024-01-02T01:34:09.278Z,148.31946,148.32331
2024-01-02T01:34:10.344Z,148.31268,148.31638
2024-01-02T01:34:11.796Z,148.30630,148.31098
2024-01-02T01:34:12.857Z,148.30944,148.31304
2024-01-02T01:34:14.270Z,148.30945,148.31267
2024-01-02T01:34:15.017Z,148.30776,148.31141
2024-01-02T01:34:15.835Z,148.30259,148.30593
2024-01-02T01:34:17.243Z,148.28820,148.29144
2024-01-02T01:34:18.436Z,148.29944,148.30373
2024-01-02T01:34:19.193Z,148.30115,148.30484
2024-01-02T01:34:20.558Z,148.30015,148.30363
2024-01-02T01:34:21.392Z,148.30920,148.31397
2024-01-02T01:34:22.586Z,148.29824,148.30154
2024-01-02T01:34:23.150Z,148.30103,148.30514
2024-01-02T01:34:23.925Z,148.31193,148.31626
2024-01-02T01:34:24.598Z,148.31902,148.32367
2024-01-02T01:34:25.454Z,148.32078,148.32436
2024-01-02T01:34:26.464Z,148.32288,148.32688
2024-01-02T01:34:27.923Z,148.32167,148.32518
2024-01-02T01:34:29.365Z,148.32212,148.32665
2024-01-02T01:34:30.404Z,148.32500,148.32822
2024-01-02T01:34:30.950Z,148.33529,148.33950
2024-01-02T01:34:31.528Z,148.33366,148.33819
2024-01-02T01:34:32.351Z,148.33226,148.33552
2024-01-02T01:34:33.116Z,148.34306,148.34631
2024-01-02T01:34:33.712Z,148.34004,148.34331
2024-01-02T01:34:34.721Z,148.32885,148.33263
2024-01-02T01:34:36.003Z,148.32217,148.32673
2024-01-02T01:34:37.165Z,148.32371,148.32834
2024-01-02T01:34:38.108Z,148.31422,148.31753
2024-01-02T01:34:39.372Z,148.30634,148.31037
2024-01-02T01:34:40.418Z,148.31151,148.31518
2024-01-02T01:34:41.175Z,148.31406,148.31731
2024-01-02T01:34:41.853Z,148.30687,148.31028
2024-01-02T01:34:42.731Z,148.30239,148.30671
2024-01-02T01:34:43.568Z,148.29702,148.30056
2024-01-02T01:34:44.885Z,148.29811,148.30170
2024-01-02T01:34:45.785Z,148.30633,148.31046
2024-01-02T01:34:46.488Z,148.30571,148.30977
2024-01-02T01:34:47.551Z,148.30300,148.30633
2024-01-02T01:34:49.049Z,148.29733,148.30089
2024-01-02T01:34:50.176Z,148.30992,148.31391
2024-01-02T01:34:51.435Z,148.30206,148.30539
2024-01-02T01:34:52.808Z,148.30138,148.30535
2024-01-02T01:34:53.335Z,148.30851,148.31323
2024-01-02T01:34:54.375Z,148.30990,148.31383
2024-01-02T01:34:55.698Z,148.30380,148.30855
2024-01-02T01:34:56.972Z,148.29993,148.30395
2024-01-02T01:34:57.533Z,148.29306,148.29758
2024-01-02T01:34:58.441Z,148.28708,148.29116
2024-01-02T01:34:59.354Z,148.28274,148.28709
2024-01-02T01:34:59.934Z,148.28736,148.29088
2024-01-02T01:35:01.115Z,148.29009,148.29373
2024-01-02T01:35:02.020Z,148.27979,148.28329
2024-01-02T01:35:03.298Z,148.29319,148.29752
2024-01-02T01:35:04.764Z,148.29454,148.29830
2024-01-02T01:35:05.765Z,148.29209,148.29643
2024-01-02T01:35:06.782Z,148.30392,148.30752
2024-01-02T01:35:07.311Z,148.28968,148.29357
2024-01-02T01:35:08.071Z,148.28895,148.29239
2024-01-02T01:35:09.485Z,148.28356,148.28709
2024-01-02T01:35:10.183Z,148.27938,148.28382
2024-01-02T01:35:11.038Z,148.27580,148.27934
2024-01-02T01:35:11.573Z,148.27415,148.27773
2024-01-02T01:35:12.583Z,148.28156,148.28505
2024-01-02T01:35:13.589Z,148.28278,148.28616
2024-01-02T01:35:14.559Z,148.28097,148.28466
2024-01-02T01:35:15.850Z,148.29072,148.29542
2024-01-02T01:35:16.761Z,148.29662,148.29995
2024-01-02T01:35:17.927Z,148.29507,148.29859
2024-01-02T01:35:18.926Z,148.30664,148.31012
2024-01-02T01:35:19.452Z,148.29818,148.30271
2024-01-02T01:35:20.216Z,148.28115,148.28465
2024-01-02T01:35:20.786Z,148.28786,148.29247
2024-01-02T01:35:21.516Z,148.27902,148.28358
2024-01-02T01:35:22.854Z,148.28732,148.29169
2024-01-02T01:35:23.796Z,148.28109,148.28454
2024-01-02T01:35:24.730Z,148.28657,148.29075
2024-01-02T01:35:25.615Z,148.29925,148.30298
2024-01-02T01:35:26.564Z,148.30270,148.30595
2024-01-02T01:35:27.858Z,148.30934,148.31394
2024-01-02T01:35:28.431Z,148.31566,148.31984
2024-01-02T01:35:29.288Z,148.30163,148.30618
2024-01-02T01:35:30.548Z,148.30785,148.31251
2024-01-02T01:35:31.624Z,148.31385,148.31723
2024-01-02T01:35:32.439Z,148.30602,148.30997
2024-01-02T01:35:33.409Z,148.30258,148.30737
2024-01-02T01:35:34.236Z,148.30155,148.30585
2024-01-02T01:35:35.690Z,148.30198,148.30676
2024-01-02T01:35:36.941Z,148.29958,148.30303
2024-01-02T01:35:37.703Z,148.30449,148.30905
2024-01-02T01:35:39.126Z,148.29474,148.29821
2024-01-02T01:35:40.409Z,148.28420,148.28833
2024-01-02T01:35:41.800Z,148.28835,148.29182
2024-01-02T01:35:42.918Z,148.28071,148.28427
2024-01-02T01:35:44.126Z,148.26303,148.26668
2024-01-02T01:35:45.296Z,148.27083,148.27520
2024-01-02T01:35:46.648Z,148.26500,148.26969
2024-01-02T01:35:47.602Z,148.26634,148.27030
2024-01-02T01:35:48.529Z,148.27032,148.27369
2024-01-02T01:35:49.144Z,148.27169,148.27543
2024-01-02T01:35:49.647Z,148.27034,148.27443
2024-01-02T01:35:50.490Z,148.27300,148.27714
2024-01-02T01:35:51.769Z,148.26493,148.26897
2024-01-02T01:35:52.490Z,148.27314,148.27775
2024-01-02T01:35:53.430Z,148.27066,148.27422
2024-01-02T01:35:54.502Z,148.28655,148.29016
2024-01-02T01:35:55.881Z,148.29002,148.29421
2024-01-02T01:35:56.775Z,148.30480,148.30920
2024-01-02T01:35:57.510Z,148.30570,148.30945
2024-01-02T01:35:58.395Z,148.29751,148.30189
2024-01-02T01:35:58.927Z,148.30326,148.30741
2024-01-02T01:36:00.289Z,148.29384,148.29836
2024-01-02T01:36:01.537Z,148.30340,148.30801
2024-01-02T01:36:02.977Z,148.30113,148.30464
2024-01-02T01:36:04.427Z,148.29254,148.29594
2024-01-02T01:36:05.022Z,148.28828,148.29208
2024-01-02T01:36:06.051Z,148.28471,148.28838
2024-01-02T01:36:07.380Z,148.27395,148.27738
2024-01-02T01:36:08.753Z,148.29029,148.29381
2024-01-02T01:36:09.833Z,148.29083,148.29503
2024-01-02T01:36:10.878Z,148.29481,148.29847
2024-01-02T01:36:11.798Z,148.29036,148.29464
2024-01-02T01:36:12.543Z,148.29859,148.30309
2024-01-02T01:36:13.780Z,148.30775,148.31216
2024-01-02T01:36:14.702Z,148.30187,148.30650
2024-01-02T01:36:15.298Z,148.31291,148.31642
2024-01-02T01:36:16.716Z,148.30784,148.31119
2024-01-02T01:36:18.205Z,148.31069,148.31534
2024-01-02T01:36:19.521Z,148.30179,148.30520
2024-01-02T01:36:20.680Z,148.30039,148.30481
2024-01-02T01:36:21.294Z,148.30773,148.31164
2024-01-02T01:36:22.544Z,148.31524,148.31969
2024-01-02T01:36:23.749Z,148.30971,148.31448
2024-01-02T01:36:24.613Z,148.32092,148.32470
2024-01-02T01:36:25.957Z,148.31605,148.31976
2024-01-02T01:36:27.048Z,148.31525,148.31906
2024-01-02T01:36:28.045Z,148.31723,148.32175
2024-01-02T01:36:28.908Z,148.32079,148.32541
2024-01-02T01:36:29.919Z,148.31688,148.32063
2024-01-02T01:36:30.928Z,148.29968,148.30398
2024-01-02T01:36:31.679Z,148.29419,148.29775
2024-01-02T01:36:33.156Z,148.29108,148.29522
2024-01-02T01:36:34.616Z,148.29601,148.29980
2024-01-02T01:36:35.744Z,148.29007,148.29461
2024-01-02T01:36:36.601Z,148.28924,148.29306
2024-01-02T01:36:38.066Z,148.29581,148.29986
2024-01-02T01:36:38.851Z,148.30060,148.30403
2024-01-02T01:36:39.906Z,148.28188,148.28640
2024-01-02T01:36:41.255Z,148.26957,148.27413
2024-01-02T01:36:42.043Z,148.26763,148.27120
2024-01-02T01:36:43.458Z,148.26748,148.27199
2024-01-02T01:36:44.256Z,148.26487,148.26823
2024-01-02T01:36:45.466Z,148.27086,148.27476
2024-01-02T01:36:46.663Z,148.27080,148.27480
2024-01-02T01:36:48.018Z,148.27600,148.27933
2024-01-02T01:36:49.137Z,148.28463,148.28815
2024-01-02T01:36:50.565Z,148.28343,148.28765
2024-01-02T01:36:51.374Z,148.28872,148.29221
2024-01-02T01:36:52.105Z,148.29187,148.29507
2024-01-02T01:36:53.605Z,148.29580,148.29912
2024-01-02T01:36:54.605Z,148.29478,148.29878
2024-01-02T01:36:56.091Z,148.28497,148.28947
2024-01-02T01:36:57.573Z,148.29211,148.29544
2024-01-02T01:36:58.699Z,148.28928,148.29305
2024-01-02T01:36:59.487Z,148.28145,148.28599
2024-01-02T01:37:00.640Z,148.27979,148.28325
2024-01-02T01:37:01.934Z,148.27833,148.28191
2024-01-02T01:37:02.588Z,148.28079,148.28511
2024-01-02T01:37:03.323Z,148.27697,148.28099
2024-01-02T01:37:04.293Z,148.27684,148.28078
2024-01-02T01:37:05.125Z,148.26136,148.26511
2024-01-02T01:37:05.909Z,148.26262,148.26624
2024-01-02T01:37:07.174Z,148.26305,148.26722
2024-01-02T01:37:08.291Z,148.26791,148.27194
2024-01-02T01:37:08.822Z,148.26174,148.26543
2024-01-02T01:37:09.621Z,148.26106,148.26479
2024-01-02T01:37:11.073Z,148.27066,148.27538
2024-01-02T01:37:12.484Z,148.26604,148.26964
2024-01-02T01:37:13.547Z,148.27148,148.27573
2024-01-02T01:37:14.090Z,148.26715,148.27109
2024-01-02T01:37:15.387Z,148.26393,148.26826
2024-01-02T01:37:15.942Z,148.25849,148.26325
2024-01-02T01:37:16.454Z,148.26774,148.27248
2024-01-02T01:37:17.436Z,148.28392,148.28800
2024-01-02T01:37:18.152Z,148.27821,148.28237
2024-01-02T01:37:19.046Z,148.28588,148.29004
2024-01-02T01:37:20.507Z,148.29343,148.29777
2024-01-02T01:37:21.397Z,148.29617,148.30032
2024-01-02T01:37:22.146Z,148.29406,148.29758
2024-01-02T01:37:23.090Z,148.28741,148.29062
2024-01-02T01:37:24.581Z,148.28995,148.29368
2024-01-02T01:37:25.814Z,148.29897,148.30229
2024-01-02T01:37:27.242Z,148.30263,148.30643
2024-01-02T01:37:28.652Z,148.30422,148.30862
2024-01-02T01:37:29.453Z,148.30835,148.31297
2024-01-02T01:37:30.769Z,148.30622,148.30995
2024-01-02T01:37:31.602Z,148.31192,148.31669
2024-01-02T01:37:32.607Z,148.30847,148.31285
2024-01-02T01:37:33.893Z,148.30922,148.31307
2024-01-02T01:37:34.893Z,148.31282,148.31666
2024-01-02T01:37:36.296Z,148.31899,148.32319
2024-01-02T01:37:37.431Z,148.31965,148.32330
2024-01-02T01:37:38.543Z,148.31696,148.32072
2024-01-02T01:37:39.351Z,148.31841,148.32163
2024-01-02T01:37:40.630Z,148.31919,148.32371
2024-01-02T01:37:41.996Z,148.32040,148.32400
2024-01-02T01:37:42.816Z,148.31325,148.31721
2024-01-02T01:37:43.613Z,148.32288,148.32662
2024-01-02T01:37:45.001Z,148.31507,148.31895
2024-01-02T01:37:45.800Z,148.31018,148.31455
2024-01-02T01:37:46.882Z,148.29423,148.29822
2024-01-02T01:37:47.613Z,148.29738,148.30106
2024-01-02T01:37:48.633Z,148.28074,148.28443
2024-01-02T01:37:50.049Z,148.28084,148.28532
2024-01-02T01:37:51.535Z,148.28262,148.28672
2024-01-02T01:37:52.694Z,148.28425,148.28790
2024-01-02T01:37:53.859Z,148.28528,148.28857
2024-01-02T01:37:54.604Z,148.29355,148.29692
2024-01-02T01:37:55.614Z,148.28595,148.28980
2024-01-02T01:37:56.234Z,148.28309,148.28642
2024-01-02T01:37:57.410Z,148.29409,148.29815
2024-01-02T01:37:58.226Z,148.29384,148.29762
2024-01-02T01:37:59.245Z,148.28704,148.29075
2024-01-02T01:38:00.191Z,148.29550,148.30003
2024-01-02T01:38:00.763Z,148.29420,148.29741
2024-01-02T01:38:02.116Z,148.29334,148.29666
2024-01-02T01:38:02.770Z,148.29597,148.29982
2024-01-02T01:38:03.938Z,148.28613,148.28984
2024-01-02T01:38:04.442Z,148.29258,148.29695
2024-01-02T01:38:05.571Z,148.28522,148.28887
2024-01-02T01:38:07.029Z,148.28755,148.29135
2024-01-02T01:38:07.640Z,148.29328,148.29675
2024-01-02T01:38:08.599Z,148.28613,148.28973
2024-01-02T01:38:09.521Z,148.28154,148.28538
2024-01-02T01:38:10.887Z,148.27837,148.28161
2024-01-02T01:38:12.345Z,148.28532,148.28852
2024-01-02T01:38:13.348Z,148.28505,148.28909
2024-01-02T01:38:13.999Z,148.29167,148.29567
2024-01-02T01:38:14.826Z,148.28532,148.28908
2024-01-02T01:38:16.099Z,148.28528,148.28940
2024-01-02T01:38:16.602Z,148.30508,148.30859
2024-01-02T01:38:17.577Z,148.30559,148.30889
2024-01-02T01:38:18.497Z,148.31325,148.31786
2024-01-02T01:38:19.068Z,148.31326,148.31705
2024-01-02T01:38:19.843Z,148.30610,148.31081
2024-01-02T01:38:20.981Z,148.31246,148.31721
2024-01-02T01:38:22.447Z,148.30711,148.31058
2024-01-02T01:38:23.777Z,148.30523,148.30912
2024-01-02T01:38:24.964Z,148.31395,148.31825
2024-01-02T01:38:25.707Z,148.31548,148.31876
2024-01-02T01:38:26.744Z,148.32139,148.32541
2024-01-02T01:38:27.520Z,148.31995,148.32327
2024-01-02T01:38:28.898Z,148.31489,148.31939
2024-01-02T01:38:30.162Z,148.30385,148.30748
2024-01-02T01:38:31.251Z,148.30830,148.31174
2024-01-02T01:38:31.928Z,148.30902,148.31354
2024-01-02T01:38:33.310Z,148.30450,148.30809
2024-01-02T01:38:34.728Z,148.29461,148.29808
2024-01-02T01:38:35.965Z,148.28918,148.29290
2024-01-02T01:38:37.141Z,148.30326,148.30785
2024-01-02T01:38:38.023Z,148.29938,148.30328
2024-01-02T01:38:39.199Z,148.31751,148.32162
2024-01-02T01:38:40.590Z,148.31858,148.32250
2024-01-02T01:38:41.648Z,148.30716,148.31063
2024-01-02T01:38:42.992Z,148.29858,148.30275
2024-01-02T01:38:43.629Z,148.29565,148.29999
2024-01-02T01:38:44.160Z,148.30183,148.30578
2024-01-02T01:38:45.086Z,148.31193,148.31530
2024-01-02T01:38:45.744Z,148.30742,148.31073
2024-01-02T01:38:46.467Z,148.30457,148.30822
2024-01-02T01:38:47.511Z,148.31076,148.31532
2024-01-02T01:38:48.791Z,148.30098,148.30421
2024-01-02T01:38:49.716Z,148.29700,148.30053
2024-01-02T01:38:50.940Z,148.27951,148.28350
2024-01-02T01:38:51.701Z,148.27850,148.28244
2024-01-02T01:38:52.427Z,148.27365,148.27839
2024-01-02T01:38:53.757Z,148.28360,148.28797
2024-01-02T01:38:54.683Z,148.28651,148.29013
2024-01-02T01:38:55.561Z,148.28025,148.28489
2024-01-02T01:38:56.706Z,148.29296,148.29768
2024-01-02T01:38:57.897Z,148.28648,148.28983
2024-01-02T01:38:58.542Z,148.28967,148.29335
2024-01-02T01:38:59.771Z,148.29189,148.29661
2024-01-02T01:39:00.884Z,148.30864,148.31293
2024-01-02T01:39:01.757Z,148.30487,148.30886
2024-01-02T01:39:03.139Z,148.29092,148.29485
2024-01-02T01:39:04.628Z,148.29357,148.29821
2024-01-02T01:39:05.421Z,148.28959,148.29433
2024-01-02T01:39:06.690Z,148.30427,148.30750
2024-01-02T01:39:07.995Z,148.28620,148.28956
2024-01-02T01:39:08.892Z,148.28472,148.28869
2024-01-02T01:39:10.280Z,148.28079,148.28404
2024-01-02T01:39:11.655Z,148.29072,148.29526
2024-01-02T01:39:13.069Z,148.29818,148.30209
2024-01-02T01:39:13.845Z,148.29509,148.29874
2024-01-02T01:39:15.031Z,148.29329,148.29707
2024-01-02T01:39:15.926Z,148.29586,148.30023
2024-01-02T01:39:16.478Z,148.29271,148.29626
2024-01-02T01:39:17.467Z,148.28558,148.28964
2024-01-02T01:39:18.716Z,148.28304,148.28678
2024-01-02T01:39:19.525Z,148.28926,148.29355
2024-01-02T01:39:20.656Z,148.29222,148.29679
2024-01-02T01:39:21.808Z,148.29103,148.29486
2024-01-02T01:39:22.544Z,148.29338,148.29723
2024-01-02T01:39:23.984Z,148.29149,148.29517
2024-01-02T01:39:25.076Z,148.29402,148.29877
2024-01-02T01:39:26.448Z,148.30148,148.30496
2024-01-02T01:39:27.892Z,148.30445,148.30825
2024-01-02T01:39:29.041Z,148.31894,148.32249
2024-01-02T01:39:29.606Z,148.32602,148.32982
2024-01-02T01:39:30.716Z,148.32026,148.32444
2024-01-02T01:39:32.017Z,148.31849,148.32253
2024-01-02T01:39:33.303Z,148.32997,148.33409
2024-01-02T01:39:34.563Z,148.33038,148.33396
2024-01-02T01:39:35.397Z,148.32654,148.33043
2024-01-02T01:39:36.623Z,148.31986,148.32338
2024-01-02T01:39:38.034Z,148.31849,148.32208
2024-01-02T01:39:38.730Z,148.31597,148.31919
2024-01-02T01:39:39.319Z,148.31391,148.31738
2024-01-02T01:39:40.209Z,148.30936,148.31411
2024-01-02T01:39:41.699Z,148.30786,148.31200
2024-01-02T01:39:43.155Z,148.31224,148.31568
2024-01-02T01:39:44.639Z,148.31339,148.31677
2024-01-02T01:39:45.699Z,148.29940,148.30383
2024-01-02T01:39:46.666Z,148.31511,148.31958
2024-01-02T01:39:48.147Z,148.32270,148.32696
2024-01-02T01:39:48.994Z,148.33214,148.33678
2024-01-02T01:39:50.183Z,148.33702,148.34114
2024-01-02T01:39:51.624Z,148.34568,148.35027
2024-01-02T01:39:52.753Z,148.34451,148.34899
2024-01-02T01:39:53.438Z,148.34840,148.35276
2024-01-02T01:39:54.035Z,148.35298,148.35638
2024-01-02T01:39:54.711Z,148.35036,148.35493
2024-01-02T01:39:55.914Z,148.34188,148.34640
2024-01-02T01:39:56.967Z,148.33915,148.34237
2024-01-02T01:39:57.919Z,148.32542,148.32897
2024-01-02T01:39:59.369Z,148.31494,148.31917
2024-01-02T01:40:00.040Z,148.30885,148.31274
2024-01-02T01:40:01.278Z,148.31153,148.31473
2024-01-02T01:40:02.503Z,148.32449,148.32793
2024-01-02T01:40:03.192Z,148.32712,148.33190
2024-01-02T01:40:03.986Z,148.32649,148.33093
2024-01-02T01:40:04.931Z,148.32860,148.33186
2024-01-02T01:40:05.672Z,148.32940,148.33317
2024-01-02T01:40:06.246Z,148.32399,148.32747
2024-01-02T01:40:07.311Z,148.33086,148.33515
2024-01-02T01:40:08.809Z,148.32930,148.33324
2024-01-02T01:40:09.532Z,148.32470,148.32874
2024-01-02T01:40:10.782Z,148.33500,148.33860
2024-01-02T01:40:11.645Z,148.33065,148.33434
2024-01-02T01:40:12.576Z,148.32940,148.33273
2024-01-02T01:40:13.695Z,148.31839,148.32310
2024-01-02T01:40:14.715Z,148.31700,148.32118
2024-01-02T01:40:15.928Z,148.32012,148.32458
2024-01-02T01:40:17.258Z,148.31908,148.32275
2024-01-02T01:40:18.653Z,148.31652,148.31978
2024-01-02T01:40:19.338Z,148.31657,148.32076
2024-01-02T01:40:20.062Z,148.32197,148.32571
2024-01-02T01:40:20.652Z,148.31904,148.32320
2024-01-02T01:40:22.056Z,148.32122,148.32563
2024-01-02T01:40:23.410Z,148.33715,148.34080
2024-01-02T01:40:24.256Z,148.34173,148.34585
2024-01-02T01:40:25.382Z,148.35431,148.35899
2024-01-02T01:40:26.802Z,148.35440,148.35785
2024-01-02T01:40:27.645Z,148.34900,148.35247
2024-01-02T01:40:28.963Z,148.35609,148.36084
2024-01-02T01:40:29.549Z,148.35423,148.35877
2024-01-02T01:40:30.415Z,148.34577,148.34933
2024-01-02T01:40:31.450Z,148.33321,148.33751
2024-01-02T01:40:32.679Z,148.34445,148.34789
2024-01-02T01:40:34.091Z,148.33826,148.34165
2024-01-02T01:40:34.999Z,148.34403,148.34750
2024-01-02T01:40:36.377Z,148.34740,148.35078
2024-01-02T01:40:37.498Z,148.33928,148.34286
2024-01-02T01:40:38.669Z,148.33701,148.34047
2024-01-02T01:40:39.189Z,148.35016,148.35464
2024-01-02T01:40:40.058Z,148.35064,148.35488
2024-01-02T01:40:40.839Z,148.35094,148.35439
2024-01-02T01:40:42.236Z,148.34697,148.35070
2024-01-02T01:40:43.430Z,148.35161,148.35505
2024-01-02T01:40:44.239Z,148.35775,148.36164
2024-01-02T01:40:44.884Z,148.35933,148.36311
2024-01-02T01:40:45.603Z,148.35342,148.35778
2024-01-02T01:40:46.739Z,148.35491,148.35941
2024-01-02T01:40:47.385Z,148.34989,148.35373
2024-01-02T01:40:47.948Z,148.36540,148.36912
2024-01-02T01:40:48.479Z,148.36273,148.36648
2024-01-02T01:40:49.592Z,148.36309,148.36785
2024-01-02T01:40:50.603Z,148.36349,148.36751
2024-01-02T01:40:52.008Z,148.36032,148.36447
2024-01-02T01:40:52.754Z,148.35125,148.35471
2024-01-02T01:40:53.338Z,148.37146,148.37624
2024-01-02T01:40:54.065Z,148.37580,148.38050
2024-01-02T01:40:54.708Z,148.38303,148.38776
2024-01-02T01:40:55.633Z,148.39029,148.39481
2024-01-02T01:40:56.501Z,148.39105,148.39518
2024-01-02T01:40:57.580Z,148.38190,148.38580
2024-01-02T01:40:58.363Z,148.37412,148.37882
2024-01-02T01:40:59.177Z,148.37511,148.37916
2024-01-02T01:40:59.862Z,148.37513,148.37836
2024-01-02T01:41:01.194Z,148.38052,148.38426
2024-01-02T01:41:02.571Z,148.37805,148.38257
2024-01-02T01:41:03.833Z,148.39838,148.40198
2024-01-02T01:41:04.343Z,148.39921,148.40282
2024-01-02T01:41:05.826Z,148.39850,148.40218
2024-01-02T01:41:06.997Z,148.40887,148.41268
2024-01-02T01:41:08.340Z,148.41657,148.42047
2024-01-02T01:41:09.407Z,148.42298,148.42752
2024-01-02T01:41:09.998Z,148.41312,148.41664
2024-01-02T01:41:11.269Z,148.43069,148.43432
2024-01-02T01:41:12.649Z,148.42830,148.43209
2024-01-02T01:41:13.186Z,148.42250,148.42725
2024-01-02T01:41:14.589Z,148.41827,148.42245
2024-01-02T01:41:16.062Z,148.41937,148.42412
2024-01-02T01:41:17.362Z,148.42653,148.43059
2024-01-02T01:41:18.058Z,148.44455,148.44849
2024-01-02T01:41:19.399Z,148.44320,148.44750
2024-01-02T01:41:20.529Z,148.44983,148.45316
2024-01-02T01:41:21.798Z,148.44576,148.44935
2024-01-02T01:41:22.537Z,148.43037,148.43376
2024-01-02T01:41:23.316Z,148.42433,148.42826
2024-01-02T01:41:24.338Z,148.42841,148.43288
2024-01-02T01:41:25.713Z,148.42238,148.42665
2024-01-02T01:41:26.616Z,148.42275,148.42656
2024-01-02T01:41:27.904Z,148.42600,148.42921
2024-01-02T01:41:29.263Z,148.42904,148.43278
2024-01-02T01:41:30.234Z,148.44146,148.44546
2024-01-02T01:41:31.263Z,148.44369,148.44802
2024-01-02T01:41:32.524Z,148.44260,148.44589
2024-01-02T01:41:33.728Z,148.45126,148.45500
2024-01-02T01:41:34.762Z,148.43912,148.44339
2024-01-02T01:41:36.124Z,148.43199,148.43554
2024-01-02T01:41:37.192Z,148.44322,148.44781
2024-01-02T01:41:37.967Z,148.44602,148.45001
2024-01-02T01:41:39.188Z,148.45496,148.45908
2024-01-02T01:41:40.459Z,148.45106,148.45578
2024-01-02T01:41:41.882Z,148.46013,148.46380
2024-01-02T01:41:42.667Z,148.45484,148.45826
2024-01-02T01:41:43.785Z,148.45181,148.45553
2024-01-02T01:41:44.681Z,148.45191,148.45665
2024-01-02T01:41:45.775Z,148.46118,148.46450
2024-01-02T01:41:46.349Z,148.47690,148.48156
2024-01-02T01:41:47.714Z,148.46710,148.47140
2024-01-02T01:41:49.080Z,148.46775,148.47189
2024-01-02T01:41:50.197Z,148.47983,148.48405
2024-01-02T01:41:51.115Z,148.47782,148.48223
2024-01-02T01:41:52.012Z,148.48654,148.49121
2024-01-02T01:41:52.902Z,148.50086,148.50464
2024-01-02T01:41:53.994Z,148.49935,148.50347
2024-01-02T01:41:55.161Z,148.49725,148.50053
2024-01-02T01:41:55.748Z,148.50953,148.51349
2024-01-02T01:41:56.355Z,148.51135,148.51564
2024-01-02T01:41:57.288Z,148.50181,148.50641
2024-01-02T01:41:57.978Z,148.52045,148.52522
2024-01-02T01:41:59.292Z,148.51010,148.51361
2024-01-02T01:42:00.371Z,148.49275,148.49686
2024-01-02T01:42:01.536Z,148.49166,148.49540
2024-01-02T01:42:02.993Z,148.48352,148.48825
2024-01-02T01:42:03.545Z,148.46852,148.47306
2024-01-02T01:42:04.986Z,148.47406,148.47795
2024-01-02T01:42:05.985Z,148.47965,148.48354
2024-01-02T01:42:06.881Z,148.47008,148.47364
2024-01-02T01:42:08.338Z,148.46862,148.47260
2024-01-02T01:42:09.598Z,148.46387,148.46859
2024-01-02T01:42:10.694Z,148.46025,148.46403
2024-01-02T01:42:12.094Z,148.44507,148.44927
2024-01-02T01:42:13.088Z,148.43339,148.43695
2024-01-02T01:42:13.729Z,148.43116,148.43497
2024-01-02T01:42:14.966Z,148.43411,148.43879
2024-01-02T01:42:16.346Z,148.43004,148.43354
2024-01-02T01:42:17.138Z,148.43885,148.44344
2024-01-02T01:42:18.017Z,148.44183,148.44661
2024-01-02T01:42:19.200Z,148.44266,148.44644
2024-01-02T01:42:20.434Z,148.44571,148.44992
2024-01-02T01:42:21.259Z,148.45656,148.46081
2024-01-02T01:42:21.938Z,148.46189,148.46636
2024-01-02T01:42:22.625Z,148.46837,148.47236
2024-01-02T01:42:23.574Z,148.46238,148.46651
2024-01-02T01:42:24.770Z,148.47211,148.47610
2024-01-02T01:42:26.239Z,148.46821,148.47254
2024-01-02T01:42:27.467Z,148.47283,148.47721
2024-01-02T01:42:28.846Z,148.46075,148.46429
2024-01-02T01:42:30.243Z,148.46077,148.46426
2024-01-02T01:42:31.081Z,148.45928,148.46403
2024-01-02T01:42:32.510Z,148.46948,148.47304
2024-01-02T01:42:33.991Z,148.47159,148.47491
2024-01-02T01:42:35.354Z,148.47666,148.48068
2024-01-02T01:42:36.412Z,148.48528,148.48883
2024-01-02T01:42:37.855Z,148.49038,148.49387
2024-01-02T01:42:39.085Z,148.48280,148.48683
2024-01-02T01:42:40.020Z,148.48714,148.49068
2024-01-02T01:42:40.895Z,148.48689,148.49121
2024-01-02T01:42:41.941Z,148.50119,148.50440
2024-01-02T01:42:43.279Z,148.50073,148.50426
2024-01-02T01:42:44.279Z,148.49911,148.50321
2024-01-02T01:42:45.454Z,148.49322,148.49666
2024-01-02T01:42:46.422Z,148.49411,148.49778
2024-01-02T01:42:47.576Z,148.49897,148.50355
2024-01-02T01:42:48.400Z,148.50038,148.50390
2024-01-02T01:42:49.757Z,148.50116,148.50595
2024-01-02T01:42:51.196Z,148.50778,148.51141
2024-01-02T01:42:52.265Z,148.52683,148.53058
2024-01-02T01:42:53.559Z,148.53494,148.53955
2024-01-02T01:42:54.200Z,148.53302,148.53709
2024-01-02T01:42:55.217Z,148.53383,148.53749
2024-01-02T01:42:55.783Z,148.52785,148.53135
2024-01-02T01:42:57.175Z,148.53333,148.53699
2024-01-02T01:42:58.270Z,148.54324,148.54792
2024-01-02T01:42:58.923Z,148.53443,148.53887
2024-01-02T01:43:00.060Z,148.54382,148.54858
2024-01-02T01:43:01.455Z,148.54533,148.54940
2024-01-02T01:43:02.282Z,148.55102,148.55505
2024-01-02T01:43:03.584Z,148.55222,148.55689
2024-01-02T01:43:04.834Z,148.55114,148.55541
2024-01-02T01:43:06.235Z,148.56083,148.56542
2024-01-02T01:43:07.641Z,148.56594,148.57051
2024-01-02T01:43:08.210Z,148.57420,148.57890
2024-01-02T01:43:09.073Z,148.58244,148.58611
2024-01-02T01:43:10.363Z,148.56871,148.57292
2024-01-02T01:43:10.890Z,148.57075,148.57404
2024-01-02T01:43:11.713Z,148.56466,148.56792
2024-01-02T01:43:12.256Z,148.56506,148.56963
2024-01-02T01:43:13.678Z,148.58379,148.58819
2024-01-02T01:43:14.660Z,148.57791,148.58158
2024-01-02T01:43:15.499Z,148.57700,148.58078
2024-01-02T01:43:16.319Z,148.56733,148.57096
2024-01-02T01:43:16.953Z,148.57091,148.57521
2024-01-02T01:43:17.488Z,148.57766,148.58087
2024-01-02T01:43:18.366Z,148.57108,148.57461
2024-01-02T01:43:19.116Z,148.56186,148.56596
2024-01-02T01:43:19.822Z,148.56203,148.56591
2024-01-02T01:43:20.633Z,148.56053,148.56429
2024-01-02T01:43:21.638Z,148.54640,148.54969
2024-01-02T01:43:22.485Z,148.53498,148.53822
2024-01-02T01:43:23.451Z,148.52282,148.52651
2024-01-02T01:43:24.567Z,148.52797,148.53215
2024-01-02T01:43:25.992Z,148.52695,148.53053
2024-01-02T01:43:27.048Z,148.52840,148.53251
2024-01-02T01:43:28.255Z,148.54247,148.54587
2024-01-02T01:43:29.631Z,148.54738,148.55134
2024-01-02T01:43:30.525Z,148.54146,148.54589
2024-01-02T01:43:31.296Z,148.53849,148.54242
2024-01-02T01:43:32.685Z,148.53077,148.53464
2024-01-02T01:43:33.382Z,148.53525,148.53935
2024-01-02T01:43:33.943Z,148.53191,148.53669
2024-01-02T01:43:35.342Z,148.53221,148.53662
2024-01-02T01:43:36.666Z,148.52340,148.52771
2024-01-02T01:43:37.474Z,148.52216,148.52661
2024-01-02T01:43:38.352Z,148.53090,148.53497
2024-01-02T01:43:39.165Z,148.52632,148.53100
2024-01-02T01:43:40.040Z,148.52696,148.53040
2024-01-02T01:43:41.004Z,148.50851,148.51238
2024-01-02T01:43:41.587Z,148.50394,148.50866
2024-01-02T01:43:43.016Z,148.50976,148.51304
2024-01-02T01:43:43.533Z,148.51742,148.52184
2024-01-02T01:43:44.556Z,148.52185,148.52575
2024-01-02T01:43:45.069Z,148.53829,148.54162
2024-01-02T01:43:45.906Z,148.53995,148.54412
2024-01-02T01:43:47.054Z,148.55123,148.55598
2024-01-02T01:43:48.407Z,148.55773,148.56159
2024-01-02T01:43:49.391Z,148.55737,148.56200
2024-01-02T01:43:50.335Z,148.55405,148.55800
2024-01-02T01:43:51.313Z,148.55457,148.55937
2024-01-02T01:43:52.469Z,148.55681,148.56074
2024-01-02T01:43:53.959Z,148.54455,148.54841
2024-01-02T01:43:55.252Z,148.54909,148.55248
2024-01-02T01:43:56.548Z,148.54685,148.55022
2024-01-02T01:43:57.607Z,148.54980,148.55347
2024-01-02T01:43:58.318Z,148.55072,148.55496
2024-01-02T01:43:59.123Z,148.54924,148.55345
2024-01-02T01:43:59.999Z,148.54700,148.55096
2024-01-02T01:44:00.702Z,148.55174,148.55617
2024-01-02T01:44:01.906Z,148.55068,148.55425
2024-01-02T01:44:02.742Z,148.56483,148.56855
2024-01-02T01:44:04.164Z,148.56907,148.57338
2024-01-02T01:44:05.501Z,148.56688,148.57064
2024-01-02T01:44:06.251Z,148.58478,148.58956
2024-01-02T01:44:06.975Z,148.58489,148.58937
2024-01-02T01:44:07.681Z,148.59007,148.59327
2024-01-02T01:44:09.149Z,148.59487,148.59855
2024-01-02T01:44:09.987Z,148.60120,148.60532
2024-01-02T01:44:10.904Z,148.60640,148.61001
2024-01-02T01:44:12.102Z,148.60771,148.61206
2024-01-02T01:44:13.592Z,148.61492,148.61938
2024-01-02T01:44:14.547Z,148.60802,148.61258
2024-01-02T01:44:15.791Z,148.61466,148.61803
2024-01-02T01:44:16.618Z,148.62892,148.63323
2024-01-02T01:44:17.824Z,148.62621,148.62987
2024-01-02T01:44:19.046Z,148.62849,148.63221
2024-01-02T01:44:20.142Z,148.62633,148.63032
2024-01-02T01:44:21.438Z,148.62641,148.62972
2024-01-02T01:44:22.749Z,148.63598,148.63940
2024-01-02T01:44:24.031Z,148.63157,148.63634
2024-01-02T01:44:25.024Z,148.64288,148.64669
2024-01-02T01:44:26.083Z,148.64143,148.64545
2024-01-02T01:44:27.164Z,148.63960,148.64431
2024-01-02T01:44:27.737Z,148.65233,148.65688
2024-01-02T01:44:28.661Z,148.64961,148.65436
2024-01-02T01:44:29.879Z,148.64877,148.65230
2024-01-02T01:44:31.198Z,148.63722,148.64147
2024-01-02T01:44:31.821Z,148.63138,148.63477
2024-01-02T01:44:32.391Z,148.64224,148.64684
2024-01-02T01:44:33.680Z,148.62553,148.62942
2024-01-02T01:44:34.467Z,148.62631,148.63014
2024-01-02T01:44:35.045Z,148.64204,148.64543
2024-01-02T01:44:35.891Z,148.63070,148.63496
2024-01-02T01:44:36.885Z,148.63971,148.64415
2024-01-02T01:44:37.916Z,148.64458,148.64931
2024-01-02T01:44:38.691Z,148.64310,148.64785
2024-01-02T01:44:39.982Z,148.63782,148.64148
2024-01-02T01:44:41.008Z,148.63249,148.63579
2024-01-02T01:44:42.394Z,148.62920,148.63317
2024-01-02T01:44:43.484Z,148.63850,148.64324
2024-01-02T01:44:44.690Z,148.65002,148.65430
2024-01-02T01:44:45.404Z,148.64704,148.65149
2024-01-02T01:44:46.621Z,148.64469,148.64856
2024-01-02T01:44:47.323Z,148.64718,148.65143
2024-01-02T01:44:48.724Z,148.64843,148.65282
2024-01-02T01:44:49.678Z,148.64485,148.64958
2024-01-02T01:44:50.804Z,148.65529,148.65861
2024-01-02T01:44:51.487Z,148.65426,148.65784
2024-01-02T01:44:52.454Z,148.65153,148.65629
2024-01-02T01:44:53.556Z,148.65072,148.65542
2024-01-02T01:44:55.026Z,148.65071,148.65547
2024-01-02T01:44:55.634Z,148.65546,148.65910
2024-01-02T01:44:56.544Z,148.65391,148.65806
2024-01-02T01:44:57.401Z,148.64471,148.64885
2024-01-02T01:44:58.694Z,148.63633,148.64095
2024-01-02T01:44:59.509Z,148.62990,148.63330
2024-01-02T01:45:00.599Z,148.63750,148.64114
2024-01-02T01:45:01.788Z,148.63704,148.64172
2024-01-02T01:45:03.000Z,148.63783,148.64241
2024-01-02T01:45:03.792Z,148.63633,148.64072
2024-01-02T01:45:04.539Z,148.63858,148.64302
2024-01-02T01:45:05.766Z,148.64359,148.64679
2024-01-02T01:45:07.203Z,148.64501,148.64916
2024-01-02T01:45:08.278Z,148.64790,148.65220
2024-01-02T01:45:08.913Z,148.64756,148.65140
2024-01-02T01:45:09.422Z,148.65042,148.65516
2024-01-02T01:45:10.349Z,148.65778,148.66173
2024-01-02T01:45:11.081Z,148.65885,148.66318
2024-01-02T01:45:12.330Z,148.66954,148.67345
2024-01-02T01:45:13.820Z,148.67844,148.68198
2024-01-02T01:45:15.201Z,148.66269,148.66719
2024-01-02T01:45:16.651Z,148.68045,148.68500
2024-01-02T01:45:17.239Z,148.68181,148.68636
2024-01-02T01:45:18.487Z,148.68557,148.68962
2024-01-02T01:45:19.527Z,148.67561,148.67908
2024-01-02T01:45:20.450Z,148.66901,148.67335
2024-01-02T01:45:21.021Z,148.68151,148.68570
2024-01-02T01:45:21.756Z,148.68690,148.69028
2024-01-02T01:45:22.294Z,148.69733,148.70200
2024-01-02T01:45:22.975Z,148.70603,148.71048
2024-01-02T01:45:23.598Z,148.70610,148.70958
2024-01-02T01:45:24.336Z,148.70430,148.70841
2024-01-02T01:45:25.334Z,148.69422,148.69827
2024-01-02T01:45:26.216Z,148.67557,148.67995
2024-01-02T01:45:27.321Z,148.69698,148.70132
2024-01-02T01:45:28.357Z,148.69975,148.70316
2024-01-02T01:45:29.256Z,148.68608,148.69074
2024-01-02T01:45:30.045Z,148.69449,148.69881
2024-01-02T01:45:31.082Z,148.68864,148.69218
2024-01-02T01:45:32.086Z,148.68537,148.68916
2024-01-02T01:45:33.568Z,148.67978,148.68446
2024-01-02T01:45:34.339Z,148.67178,148.67503
2024-01-02T01:45:34.873Z,148.68624,148.69049
2024-01-02T01:45:35.484Z,148.69114,148.69538
2024-01-02T01:45:36.863Z,148.69896,148.70326
2024-01-02T01:45:38.019Z,148.70020,148.70422
2024-01-02T01:45:38.677Z,148.70581,148.71011
2024-01-02T01:45:39.809Z,148.71169,148.71569
2024-01-02T01:45:40.789Z,148.71098,148.71495
2024-01-02T01:45:41.643Z,148.70630,148.70961
2024-01-02T01:45:42.624Z,148.70433,148.70874
2024-01-02T01:45:43.180Z,148.71918,148.72247
2024-01-02T01:45:43.755Z,148.72743,148.73201
2024-01-02T01:45:44.625Z,148.72144,148.72559
2024-01-02T01:45:45.380Z,148.72186,148.72598
2024-01-02T01:45:46.743Z,148.72099,148.72544
2024-01-02T01:45:47.393Z,148.71826,148.72186
2024-01-02T01:45:48.455Z,148.71608,148.72036
2024-01-02T01:45:49.678Z,148.69879,148.70319
2024-01-02T01:45:50.956Z,148.69247,148.69670
2024-01-02T01:45:51.803Z,148.69292,148.69642
2024-01-02T01:45:52.335Z,148.68391,148.68868
2024-01-02T01:45:53.571Z,148.67953,148.68352
2024-01-02T01:45:54.367Z,148.67180,148.67580
2024-01-02T01:45:55.829Z,148.68010,148.68460
2024-01-02T01:45:56.771Z,148.66403,148.66770
2024-01-02T01:45:57.874Z,148.67257,148.67630
2024-01-02T01:45:59.090Z,148.68806,148.69197
2024-01-02T01:46:00.346Z,148.67663,148.68049
2024-01-02T01:46:01.756Z,148.68333,148.68802
2024-01-02T01:46:02.980Z,148.68616,148.69079
2024-01-02T01:46:03.811Z,148.69584,148.69980
2024-01-02T01:46:04.979Z,148.70418,148.70861
2024-01-02T01:46:05.968Z,148.70551,148.70908
2024-01-02T01:46:06.898Z,148.69797,148.70201
2024-01-02T01:46:07.604Z,148.69938,148.70307
2024-01-02T01:46:08.612Z,148.70666,148.71119
2024-01-02T01:46:09.356Z,148.71087,148.71485
2024-01-02T01:46:09.931Z,148.71492,148.71913
2024-01-02T01:46:11.357Z,148.71695,148.72123
2024-01-02T01:46:12.632Z,148.71835,148.72208
2024-01-02T01:46:14.009Z,148.71207,148.71671
2024-01-02T01:46:15.081Z,148.72874,148.73348
2024-01-02T01:46:15.886Z,148.72415,148.72870
2024-01-02T01:46:17.026Z,148.72199,148.72549
2024-01-02T01:46:18.333Z,148.71374,148.71801
2024-01-02T01:46:19.006Z,148.70761,148.71087
2024-01-02T01:46:20.082Z,148.71247,148.71713
2024-01-02T01:46:21.456Z,148.71287,148.71729
2024-01-02T01:46:22.140Z,148.72639,148.73085
2024-01-02T01:46:23.254Z,148.71890,148.72362
2024-01-02T01:46:24.690Z,148.70974,148.71354
2024-01-02T01:46:25.695Z,148.69285,148.69750
2024-01-02T01:46:26.255Z,148.69750,148.70161
2024-01-02T01:46:27.125Z,148.69003,148.69472
2024-01-02T01:46:28.356Z,148.69398,148.69802
2024-01-02T01:46:29.546Z,148.69110,148.69508
2024-01-02T01:46:30.496Z,148.68590,148.68994
2024-01-02T01:46:31.424Z,148.68380,148.68815
2024-01-02T01:46:32.235Z,148.68084,148.68552
2024-01-02T01:46:33.467Z,148.67614,148.68034
2024-01-02T01:46:34.172Z,148.66248,148.66673
2024-01-02T01:46:34.948Z,148.65288,148.65701
2024-01-02T01:46:36.249Z,148.64666,148.65066
2024-01-02T01:46:36.759Z,148.65073,148.65458
2024-01-02T01:46:37.811Z,148.65620,148.65963
2024-01-02T01:46:38.444Z,148.65411,148.65744
2024-01-02T01:46:39.793Z,148.65548,148.65940
2024-01-02T01:46:41.255Z,148.64211,148.64659
2024-01-02T01:46:42.660Z,148.63241,148.63625
2024-01-02T01:46:43.258Z,148.62965,148.63329
2024-01-02T01:46:43.909Z,148.64172,148.64581
2024-01-02T01:46:44.642Z,148.65477,148.65845
2024-01-02T01:46:45.882Z,148.64858,148.65242
2024-01-02T01:46:46.985Z,148.65679,148.66155
2024-01-02T01:46:47.783Z,148.66697,148.67069
2024-01-02T01:46:48.343Z,148.65877,148.66245
2024-01-02T01:46:49.044Z,148.67344,148.67696
2024-01-02T01:46:49.863Z,148.66626,148.66992
2024-01-02T01:46:50.545Z,148.65901,148.66353
2024-01-02T01:46:51.301Z,148.66422,148.66857
2024-01-02T01:46:52.113Z,148.66264,148.66743
2024-01-02T01:46:53.198Z,148.67218,148.67564
2024-01-02T01:46:54.250Z,148.67299,148.67765
2024-01-02T01:46:55.418Z,148.66929,148.67257
2024-01-02T01:46:56.450Z,148.67029,148.67365
2024-01-02T01:46:57.487Z,148.66548,148.66933
2024-01-02T01:46:58.434Z,148.66538,148.67005
2024-01-02T01:46:59.769Z,148.66247,148.66690
2024-01-02T01:47:01.090Z,148.65758,148.66219
2024-01-02T01:47:01.823Z,148.65530,148.65856
2024-01-02T01:47:02.356Z,148.65568,148.65998
2024-01-02T01:47:03.033Z,148.65650,148.66089
2024-01-02T01:47:03.796Z,148.64656,148.65033
2024-01-02T01:47:04.840Z,148.63646,148.64034
2024-01-02T01:47:05.937Z,148.64507,148.64849
2024-01-02T01:47:06.800Z,148.65897,148.66353
2024-01-02T01:47:08.199Z,148.67037,148.67466
2024-01-02T01:47:08.961Z,148.66856,148.67190
2024-01-02T01:47:10.025Z,148.65899,148.66320
2024-01-02T01:47:10.951Z,148.65071,148.65550
2024-01-02T01:47:12.418Z,148.65243,148.65620
2024-01-02T01:47:13.458Z,148.64130,148.64587
2024-01-02T01:47:14.159Z,148.63090,148.63458
2024-01-02T01:47:14.860Z,148.64350,148.64818
2024-01-02T01:47:15.832Z,148.63878,148.64301
2024-01-02T01:47:17.095Z,148.64546,148.65005
2024-01-02T01:47:18.132Z,148.64584,148.65059
2024-01-02T01:47:18.956Z,148.63958,148.64369
2024-01-02T01:47:19.963Z,148.63176,148.63608
2024-01-02T01:47:21.373Z,148.64129,148.64550
2024-01-02T01:47:22.535Z,148.64421,148.64837
2024-01-02T01:47:23.494Z,148.64900,148.65301
2024-01-02T01:47:24.570Z,148.65194,148.65609
2024-01-02T01:47:25.536Z,148.64954,148.65360
2024-01-02T01:47:26.158Z,148.64617,148.65020
2024-01-02T01:47:26.956Z,148.64443,148.64784
2024-01-02T01:47:28.418Z,148.64873,148.65225
2024-01-02T01:47:29.100Z,148.64539,148.64994
2024-01-02T01:47:30.054Z,148.63745,148.64089
2024-01-02T01:47:30.744Z,148.61818,148.62151
2024-01-02T01:47:31.409Z,148.61628,148.62019
2024-01-02T01:47:32.290Z,148.61503,148.61968
2024-01-02T01:47:32.997Z,148.61845,148.62178
2024-01-02T01:47:33.503Z,148.61681,148.62093
2024-01-02T01:47:34.718Z,148.61568,148.61961
2024-01-02T01:47:35.657Z,148.61975,148.62331
2024-01-02T01:47:36.811Z,148.62928,148.63321
2024-01-02T01:47:38.257Z,148.63567,148.64010
2024-01-02T01:47:38.805Z,148.64702,148.65114
2024-01-02T01:47:39.667Z,148.64382,148.64837
2024-01-02T01:47:40.513Z,148.63568,148.64029
2024-01-02T01:47:41.813Z,148.62897,148.63249
2024-01-02T01:47:42.473Z,148.62324,148.62716
2024-01-02T01:47:43.423Z,148.61219,148.61558
2024-01-02T01:47:43.937Z,148.61573,148.61968
2024-01-02T01:47:45.192Z,148.63209,148.63536
2024-01-02T01:47:45.728Z,148.62910,148.63238
2024-01-02T01:47:46.452Z,148.63160,148.63544
2024-01-02T01:47:47.480Z,148.62940,148.63416
2024-01-02T01:47:48.240Z,148.62538,148.62968
2024-01-02T01:47:49.348Z,148.63734,148.64177
2024-01-02T01:47:50.227Z,148.63994,148.64337
2024-01-02T01:47:51.345Z,148.64128,148.64477
2024-01-02T01:47:52.203Z,148.65239,148.65583
2024-01-02T01:47:52.761Z,148.64933,148.65391
2024-01-02T01:47:53.499Z,148.64889,148.65231
2024-01-02T01:47:54.446Z,148.64297,148.64745
2024-01-02T01:47:55.520Z,148.63109,148.63467
2024-01-02T01:47:56.325Z,148.62694,148.63126
2024-01-02T01:47:57.175Z,148.63941,148.64369
2024-01-02T01:47:57.900Z,148.63690,148.64115
2024-01-02T01:47:58.627Z,148.64679,148.65082
2024-01-02T01:47:59.133Z,148.65070,148.65537
2024-01-02T01:48:00.242Z,148.64874,148.65212
2024-01-02T01:48:01.032Z,148.63284,148.63758
2024-01-02T01:48:02.306Z,148.61752,148.62192
2024-01-02T01:48:03.438Z,148.61126,148.61533
2024-01-02T01:48:04.199Z,148.60463,148.60927
2024-01-02T01:48:05.656Z,148.61239,148.61598
2024-01-02T01:48:07.062Z,148.61654,148.62085
2024-01-02T01:48:08.501Z,148.61652,148.62002
2024-01-02T01:48:09.541Z,148.61930,148.62372
2024-01-02T01:48:10.415Z,148.61557,148.61937
2024-01-02T01:48:11.682Z,148.62458,148.62836
2024-01-02T01:48:13.151Z,148.61668,148.62026
2024-01-02T01:48:13.945Z,148.60842,148.61214
2024-01-02T01:48:15.440Z,148.60953,148.61321
2024-01-02T01:48:16.558Z,148.60608,148.60954
2024-01-02T01:48:17.366Z,148.60662,148.61062
2024-01-02T01:48:17.883Z,148.60986,148.61428
2024-01-02T01:48:19.059Z,148.60262,148.60655
2024-01-02T01:48:19.703Z,148.59465,148.59920
2024-01-02T01:48:20.548Z,148.59460,148.59904
2024-01-02T01:48:21.460Z,148.59633,148.60055
2024-01-02T01:48:22.263Z,148.59054,148.59450
2024-01-02T01:48:23.397Z,148.58727,148.59095
2024-01-02T01:48:24.439Z,148.58953,148.59355
2024-01-02T01:48:25.642Z,148.57727,148.58165
2024-01-02T01:48:26.149Z,148.56463,148.56900
2024-01-02T01:48:26.707Z,148.56080,148.56451
2024-01-02T01:48:27.519Z,148.56527,148.56979
2024-01-02T01:48:28.715Z,148.54884,148.55324
2024-01-02T01:48:29.447Z,148.54449,148.54919
2024-01-02T01:48:30.071Z,148.54217,148.54620
2024-01-02T01:48:30.815Z,148.53294,148.53684
2024-01-02T01:48:31.888Z,148.53460,148.53812
2024-01-02T01:48:33.208Z,148.53082,148.53456
2024-01-02T01:48:34.405Z,148.51586,148.52026
2024-01-02T01:48:35.216Z,148.51474,148.51845
2024-01-02T01:48:35.795Z,148.50755,148.51230
2024-01-02T01:48:36.577Z,148.51107,148.51571
2024-01-02T01:48:37.100Z,148.49589,148.49947
2024-01-02T01:48:38.564Z,148.49458,148.49846
2024-01-02T01:48:39.937Z,148.49676,148.50005
2024-01-02T01:48:41.295Z,148.48286,148.48629
2024-01-02T01:48:42.471Z,148.48332,148.48739
2024-01-02T01:48:43.826Z,148.48335,148.48686
2024-01-02T01:48:45.319Z,148.47495,148.47926
2024-01-02T01:48:46.387Z,148.48219,148.48586
2024-01-02T01:48:47.594Z,148.48651,148.49003
2024-01-02T01:48:48.551Z,148.48670,148.49101
2024-01-02T01:48:49.970Z,148.49161,148.49510
2024-01-02T01:48:51.291Z,148.50131,148.50545
2024-01-02T01:48:52.288Z,148.50390,148.50835
2024-01-02T01:48:53.207Z,148.49997,148.50453
2024-01-02T01:48:54.199Z,148.48815,148.49149
2024-01-02T01:48:54.996Z,148.48437,148.48892
2024-01-02T01:48:56.250Z,148.49614,148.49960
2024-01-02T01:48:57.584Z,148.49242,148.49648
2024-01-02T01:48:58.864Z,148.50056,148.50526
2024-01-02T01:48:59.957Z,148.50169,148.50623
2024-01-02T01:49:00.910Z,148.50173,148.50523
2024-01-02T01:49:01.477Z,148.49904,148.50287
2024-01-02T01:49:02.307Z,148.49536,148.49928
2024-01-02T01:49:03.488Z,148.49298,148.49691
2024-01-02T01:49:04.705Z,148.49799,148.50231
2024-01-02T01:49:05.887Z,148.49589,148.49996
2024-01-02T01:49:06.701Z,148.49053,148.49374
2024-01-02T01:49:07.233Z,148.48288,148.48725
2024-01-02T01:49:08.038Z,148.47523,148.47878
2024-01-02T01:49:08.593Z,148.47992,148.48464
2024-01-02T01:49:09.966Z,148.48981,148.49315
2024-01-02T01:49:10.968Z,148.47817,148.48273
2024-01-02T01:49:12.129Z,148.47248,148.47695
2024-01-02T01:49:12.976Z,148.47705,148.48069
2024-01-02T01:49:14.246Z,148.48107,148.48451
2024-01-02T01:49:15.725Z,148.46909,148.47257
2024-01-02T01:49:17.111Z,148.46868,148.47296
2024-01-02T01:49:17.840Z,148.47217,148.47631
2024-01-02T01:49:18.649Z,148.47889,148.48292
2024-01-02T01:49:19.738Z,148.47787,148.48260
2024-01-02T01:49:20.948Z,148.45974,148.46333
2024-01-02T01:49:21.941Z,148.47299,148.47648
2024-01-02T01:49:22.791Z,148.47859,148.48301
2024-01-02T01:49:23.900Z,148.48978,148.49388
2024-01-02T01:49:24.461Z,148.47834,148.48306
2024-01-02T01:49:25.067Z,148.47938,148.48319
2024-01-02T01:49:25.781Z,148.46327,148.46779
2024-01-02T01:49:27.117Z,148.47722,148.48165
2024-01-02T01:49:27.683Z,148.46402,148.46865
2024-01-02T01:49:28.517Z,148.46147,148.46523
2024-01-02T01:49:29.431Z,148.47010,148.47372
2024-01-02T01:49:30.106Z,148.46055,148.46472
2024-01-02T01:49:31.461Z,148.46089,148.46445
2024-01-02T01:49:32.679Z,148.46457,148.46920
2024-01-02T01:49:33.447Z,148.46130,148.46594
2024-01-02T01:49:34.615Z,148.46136,148.46604
2024-01-02T01:49:35.844Z,148.45756,148.46122
2024-01-02T01:49:36.976Z,148.45310,148.45777
2024-01-02T01:49:37.907Z,148.45447,148.45888
2024-01-02T01:49:39.113Z,148.44709,148.45149
2024-01-02T01:49:40.061Z,148.44487,148.44878
2024-01-02T01:49:41.314Z,148.45252,148.45729
2024-01-02T01:49:42.557Z,148.44963,148.45311
2024-01-02T01:49:43.721Z,148.43806,148.44226
2024-01-02T01:49:44.321Z,148.44256,148.44653
2024-01-02T01:49:45.786Z,148.45290,148.45708
2024-01-02T01:49:46.525Z,148.42973,148.43373
2024-01-02T01:49:48.020Z,148.43327,148.43654
2024-01-02T01:49:48.888Z,148.42554,148.42918
2024-01-02T01:49:50.079Z,148.43077,148.43449
2024-01-02T01:49:50.774Z,148.43626,148.43984
2024-01-02T01:49:51.579Z,148.44666,148.45120
2024-01-02T01:49:52.183Z,148.45669,148.46147
2024-01-02T01:49:53.514Z,148.45965,148.46334
2024-01-02T01:49:54.659Z,148.47236,148.47671
2024-01-02T01:49:55.483Z,148.47095,148.47463
2024-01-02T01:49:56.078Z,148.47507,148.47839
2024-01-02T01:49:57.137Z,148.48489,148.48952
2024-01-02T01:49:58.484Z,148.48977,148.49424
2024-01-02T01:49:59.587Z,148.49290,148.49673
2024-01-02T01:50:00.977Z,148.49711,148.50147
2024-01-02T01:50:02.198Z,148.49581,148.49939
2024-01-02T01:50:03.667Z,148.49263,148.49617
2024-01-02T01:50:04.440Z,148.48520,148.48888
2024-01-02T01:50:05.611Z,148.49190,148.49597
2024-01-02T01:50:07.092Z,148.50053,148.50445
2024-01-02T01:50:07.921Z,148.49603,148.49934
2024-01-02T01:50:09.267Z,148.48740,148.49167
2024-01-02T01:50:10.399Z,148.48268,148.48599
2024-01-02T01:50:11.033Z,148.47842,148.48182
2024-01-02T01:50:12.249Z,148.46953,148.47310
2024-01-02T01:50:13.124Z,148.46889,148.47304
2024-01-02T01:50:13.874Z,148.45735,148.46108
2024-01-02T01:50:14.979Z,148.46265,148.46734
2024-01-02T01:50:15.509Z,148.46397,148.46824
2024-01-02T01:50:16.788Z,148.47587,148.48014
2024-01-02T01:50:18.097Z,148.47704,148.48107
2024-01-02T01:50:19.011Z,148.47265,148.47683
2024-01-02T01:50:19.568Z,148.47556,148.47880
2024-01-02T01:50:20.130Z,148.47002,148.47394
2024-01-02T01:50:21.450Z,148.46664,148.47112
2024-01-02T01:50:22.324Z,148.45349,148.45770
2024-01-02T01:50:23.816Z,148.45579,148.45993
2024-01-02T01:50:24.608Z,148.45706,148.46087
2024-01-02T01:50:25.870Z,148.46212,148.46643
2024-01-02T01:50:26.451Z,148.45862,148.46254
2024-01-02T01:50:27.087Z,148.44980,148.45324
2024-01-02T01:50:28.126Z,148.44193,148.44559
2024-01-02T01:50:29.258Z,148.43979,148.44374
2024-01-02T01:50:29.796Z,148.43515,148.43884
2024-01-02T01:50:30.883Z,148.43095,148.43520
2024-01-02T01:50:31.626Z,148.42140,148.42508
2024-01-02T01:50:32.952Z,148.41586,148.42002
2024-01-02T01:50:34.183Z,148.42588,148.42971
2024-01-02T01:50:35.532Z,148.42913,148.43393
2024-01-02T01:50:36.605Z,148.42861,148.43318
2024-01-02T01:50:37.105Z,148.43447,148.43828
2024-01-02T01:50:38.358Z,148.43353,148.43699
2024-01-02T01:50:39.234Z,148.43104,148.43558
2024-01-02T01:50:39.807Z,148.42938,148.43304
2024-01-02T01:50:40.902Z,148.42363,148.42825
2024-01-02T01:50:41.906Z,148.42307,148.42642
2024-01-02T01:50:42.580Z,148.41158,148.41594
2024-01-02T01:50:44.042Z,148.40258,148.40653
2024-01-02T01:50:45.094Z,148.40032,148.40466
2024-01-02T01:50:46.342Z,148.40563,148.40944
2024-01-02T01:50:46.847Z,148.40136,148.40603
2024-01-02T01:50:47.709Z,148.39792,148.40118
2024-01-02T01:50:49.179Z,148.39079,148.39486
2024-01-02T01:50:49.722Z,148.38853,148.39328
2024-01-02T01:50:50.404Z,148.38553,148.38988
2024-01-02T01:50:51.601Z,148.38097,148.38556
2024-01-02T01:50:52.844Z,148.37456,148.37877
2024-01-02T01:50:53.877Z,148.37225,148.37550
2024-01-02T01:50:55.231Z,148.37272,148.37622
2024-01-02T01:50:55.777Z,148.37481,148.37866
2024-01-02T01:50:56.699Z,148.37973,148.38318
2024-01-02T01:50:58.031Z,148.38378,148.38710
2024-01-02T01:50:58.708Z,148.38538,148.38970
2024-01-02T01:51:00.148Z,148.37503,148.37982
2024-01-02T01:51:00.664Z,148.37364,148.37725
2024-01-02T01:51:01.249Z,148.37947,148.38424
2024-01-02T01:51:02.710Z,148.37830,148.38229
2024-01-02T01:51:03.334Z,148.37688,148.38015
2024-01-02T01:51:04.827Z,148.38374,148.38833
2024-01-02T01:51:05.921Z,148.38281,148.38608
2024-01-02T01:51:06.735Z,148.39331,148.39689
2024-01-02T01:51:07.656Z,148.38177,148.38571
2024-01-02T01:51:08.666Z,148.38806,148.39264
2024-01-02T01:51:09.318Z,148.39474,148.39884
2024-01-02T01:51:09.965Z,148.38721,148.39076
2024-01-02T01:51:11.018Z,148.37521,148.37861
2024-01-02T01:51:12.021Z,148.38072,148.38506
2024-01-02T01:51:12.573Z,148.37841,148.38208
2024-01-02T01:51:13.626Z,148.38545,148.39010
2024-01-02T01:51:14.773Z,148.38108,148.38581
2024-01-02T01:51:15.680Z,148.37796,148.38273
2024-01-02T01:51:16.965Z,148.37481,148.37904
2024-01-02T01:51:18.118Z,148.37468,148.37899
2024-01-02T01:51:19.218Z,148.37231,148.37554
2024-01-02T01:51:19.870Z,148.37384,148.37736
2024-01-02T01:51:20.900Z,148.37482,148.37891
2024-01-02T01:51:21.607Z,148.36655,148.37081
2024-01-02T01:51:23.003Z,148.35495,148.35898
2024-01-02T01:51:24.027Z,148.34231,148.34639
2024-01-02T01:51:25.068Z,148.35464,148.35893
2024-01-02T01:51:26.474Z,148.35935,148.36316
2024-01-02T01:51:27.029Z,148.36893,148.37280
2024-01-02T01:51:27.591Z,148.38387,148.38863
2024-01-02T01:51:28.755Z,148.38854,148.39320
2024-01-02T01:51:29.982Z,148.37968,148.38300
2024-01-02T01:51:31.319Z,148.36188,148.36665
2024-01-02T01:51:31.823Z,148.37502,148.37867
2024-01-02T01:51:32.733Z,148.37927,148.38312
2024-01-02T01:51:33.652Z,148.38099,148.38437
2024-01-02T01:51:34.739Z,148.36458,148.36884
2024-01-02T01:51:36.066Z,148.35974,148.36440
2024-01-02T01:51:36.601Z,148.34987,148.35351
2024-01-02T01:51:37.626Z,148.34918,148.35296
2024-01-02T01:51:38.200Z,148.35848,148.36199
2024-01-02T01:51:39.399Z,148.36105,148.36551
2024-01-02T01:51:40.836Z,148.34498,148.34822
2024-01-02T01:51:41.955Z,148.34701,148.35072
2024-01-02T01:51:42.971Z,148.36336,148.36722
2024-01-02T01:51:43.789Z,148.36791,148.37192
2024-01-02T01:51:44.787Z,148.37086,148.37479
2024-01-02T01:51:45.493Z,148.36234,148.36601
2024-01-02T01:51:46.263Z,148.36660,148.37108
2024-01-02T01:51:47.122Z,148.36770,148.37219
2024-01-02T01:51:48.521Z,148.35629,148.36084
2024-01-02T01:51:49.565Z,148.34623,148.35011
2024-01-02T01:51:50.960Z,148.35505,148.35875
2024-01-02T01:51:51.802Z,148.34546,148.34997
2024-01-02T01:51:52.428Z,148.34806,148.35142
2024-01-02T01:51:53.587Z,148.33797,148.34226
2024-01-02T01:51:55.071Z,148.32773,148.33222
2024-01-02T01:51:56.405Z,148.33455,148.33859
2024-01-02T01:51:57.218Z,148.32134,148.32576
2024-01-02T01:51:58.407Z,148.32075,148.32515
2024-01-02T01:51:59.381Z,148.32032,148.32458
2024-01-02T01:52:00.542Z,148.32431,148.32790
2024-01-02T01:52:01.279Z,148.33101,148.33500
2024-01-02T01:52:02.724Z,148.32398,148.32742
2024-01-02T01:52:03.521Z,148.32052,148.32381
2024-01-02T01:52:04.609Z,148.31661,148.32134
2024-01-02T01:52:05.507Z,148.32019,148.32372
2024-01-02T01:52:06.618Z,148.31976,148.32337
2024-01-02T01:52:07.429Z,148.31437,148.31768
2024-01-02T01:52:08.291Z,148.32990,148.33313
2024-01-02T01:52:09.094Z,148.33596,148.34005
2024-01-02T01:52:09.728Z,148.33287,148.33710
2024-01-02T01:52:10.289Z,148.33272,148.33630
2024-01-02T01:52:11.209Z,148.33614,148.34013
2024-01-02T01:52:11.993Z,148.33774,148.34241
2024-01-02T01:52:13.423Z,148.33518,148.33993
2024-01-02T01:52:14.822Z,148.33413,148.33791
2024-01-02T01:52:16.123Z,148.33581,148.34014
2024-01-02T01:52:17.335Z,148.34075,148.34493
2024-01-02T01:52:17.845Z,148.32118,148.32588
2024-01-02T01:52:18.747Z,148.33201,148.33635
2024-01-02T01:52:19.986Z,148.32708,148.33071
2024-01-02T01:52:21.417Z,148.31819,148.32267
2024-01-02T01:52:21.993Z,148.32208,148.32679
2024-01-02T01:52:22.589Z,148.31408,148.31835
2024-01-02T01:52:23.544Z,148.31799,148.32154
2024-01-02T01:52:24.407Z,148.31796,148.32248
2024-01-02T01:52:25.425Z,148.31557,148.31945
2024-01-02T01:52:26.730Z,148.31321,148.31666
2024-01-02T01:52:27.538Z,148.32288,148.32639
2024-01-02T01:52:28.612Z,148.33572,148.33958
2024-01-02T01:52:29.173Z,148.34234,148.34707
2024-01-02T01:52:29.867Z,148.34605,148.34999
2024-01-02T01:52:31.262Z,148.35017,148.35420
2024-01-02T01:52:32.572Z,148.33738,148.34117
2024-01-02T01:52:33.366Z,148.33806,148.34250
2024-01-02T01:52:34.610Z,148.31923,148.32249
2024-01-02T01:52:36.044Z,148.31662,148.32117
2024-01-02T01:52:37.054Z,148.31327,148.31770
2024-01-02T01:52:38.135Z,148.32516,148.32970
2024-01-02T01:52:39.356Z,148.33315,148.33738
2024-01-02T01:52:39.996Z,148.32322,148.32705
2024-01-02T01:52:40.990Z,148.33496,148.33974
2024-01-02T01:52:42.386Z,148.32331,148.32792
2024-01-02T01:52:43.021Z,148.31700,148.32071
2024-01-02T01:52:43.693Z,148.31619,148.31977
2024-01-02T01:52:44.476Z,148.32599,148.32936
2024-01-02T01:52:45.929Z,148.32286,148.32663
2024-01-02T01:52:47.029Z,148.32294,148.32621
2024-01-02T01:52:47.729Z,148.33280,148.33626
2024-01-02T01:52:48.292Z,148.34594,148.34957
2024-01-02T01:52:49.268Z,148.34168,148.34543
2024-01-02T01:52:50.621Z,148.33538,148.33961
2024-01-02T01:52:52.102Z,148.33726,148.34056
2024-01-02T01:52:53.039Z,148.34264,148.34666
2024-01-02T01:52:53.856Z,148.35533,148.35981
2024-01-02T01:52:54.863Z,148.36230,148.36611
2024-01-02T01:52:55.475Z,148.36511,148.36872
2024-01-02T01:52:56.354Z,148.35694,148.36149
2024-01-02T01:52:57.487Z,148.35663,148.36078
2024-01-02T01:52:58.207Z,148.34958,148.35424
2024-01-02T01:52:59.482Z,148.35079,148.35467
2024-01-02T01:53:00.492Z,148.34469,148.34863
2024-01-02T01:53:01.617Z,148.35265,148.35646
2024-01-02T01:53:02.591Z,148.34695,148.35060
2024-01-02T01:53:03.610Z,148.34228,148.34631
2024-01-02T01:53:04.453Z,148.32943,148.33341
2024-01-02T01:53:05.652Z,148.33060,148.33399
2024-01-02T01:53:06.382Z,148.33025,148.33496
2024-01-02T01:53:07.696Z,148.33728,148.34087
2024-01-02T01:53:08.931Z,148.33257,148.33653
2024-01-02T01:53:09.635Z,148.33608,148.34070
2024-01-02T01:53:10.559Z,148.34193,148.34626
2024-01-02T01:53:11.707Z,148.33428,148.33830
2024-01-02T01:53:12.770Z,148.32882,148.33281
2024-01-02T01:53:14.141Z,148.34612,148.34965
2024-01-02T01:53:15.358Z,148.35038,148.35508
2024-01-02T01:53:16.066Z,148.33932,148.34316
2024-01-02T01:53:17.551Z,148.33575,148.33949
2024-01-02T01:53:18.099Z,148.31155,148.31558
2024-01-02T01:53:19.189Z,148.31344,148.31747
2024-01-02T01:53:20.264Z,148.31287,148.31711
2024-01-02T01:53:21.324Z,148.31472,148.31810
2024-01-02T01:53:22.489Z,148.31765,148.32163
2024-01-02T01:53:23.933Z,148.31989,148.32375
2024-01-02T01:53:24.636Z,148.32414,148.32887
2024-01-02T01:53:25.943Z,148.32774,148.33224
2024-01-02T01:53:26.777Z,148.31431,148.31849
2024-01-02T01:53:27.416Z,148.31628,148.32008
2024-01-02T01:53:28.681Z,148.30464,148.30789
2024-01-02T01:53:29.636Z,148.30760,148.31134
2024-01-02T01:53:30.757Z,148.30765,148.31211
2024-01-02T01:53:31.586Z,148.30431,148.30842
2024-01-02T01:53:32.133Z,148.29547,148.29978
2024-01-02T01:53:32.653Z,148.28566,148.28944
2024-01-02T01:53:34.054Z,148.28422,148.28868
2024-01-02T01:53:35.442Z,148.28983,148.29417
2024-01-02T01:53:36.891Z,148.29331,148.29725
2024-01-02T01:53:37.772Z,148.30846,148.31178
2024-01-02T01:53:38.438Z,148.29892,148.30247
2024-01-02T01:53:39.577Z,148.30839,148.31172
2024-01-02T01:53:40.467Z,148.30806,148.31216
2024-01-02T01:53:41.135Z,148.31284,148.31758
2024-01-02T01:53:42.397Z,148.31563,148.31974
2024-01-02T01:53:43.377Z,148.30364,148.30694
2024-01-02T01:53:44.371Z,148.30785,148.31215
2024-01-02T01:53:45.611Z,148.29958,148.30280
2024-01-02T01:53:46.748Z,148.28675,148.29081
2024-01-02T01:53:47.988Z,148.28477,148.28816
2024-01-02T01:53:49.247Z,148.28776,148.29186
2024-01-02T01:53:50.640Z,148.29216,148.29587
2024-01-02T01:53:51.783Z,148.29736,148.30211
2024-01-02T01:53:52.756Z,148.29031,148.29370
2024-01-02T01:53:53.569Z,148.27437,148.27885
2024-01-02T01:53:54.189Z,148.27398,148.27809
2024-01-02T01:53:55.059Z,148.28755,148.29139
2024-01-02T01:53:55.773Z,148.28232,148.28622
2024-01-02T01:53:56.424Z,148.28004,148.28388
2024-01-02T01:53:57.037Z,148.28288,148.28681
2024-01-02T01:53:57.927Z,148.27759,148.28156
2024-01-02T01:53:58.639Z,148.27831,148.28200
2024-01-02T01:53:59.554Z,148.27767,148.28201
2024-01-02T01:54:00.814Z,148.27960,148.28354
2024-01-02T01:54:01.756Z,148.26912,148.27234
2024-01-02T01:54:02.947Z,148.27528,148.27958
2024-01-02T01:54:03.658Z,148.26600,148.27042
2024-01-02T01:54:04.162Z,148.25905,148.26240
2024-01-02T01:54:05.144Z,148.26138,148.26547
2024-01-02T01:54:06.186Z,148.25967,148.26420
2024-01-02T01:54:07.538Z,148.26767,148.27193
2024-01-02T01:54:08.925Z,148.26750,148.27137
2024-01-02T01:54:10.267Z,148.26326,148.26652
2024-01-02T01:54:11.108Z,148.26231,148.26603
2024-01-02T01:54:12.272Z,148.26991,148.27331
2024-01-02T01:54:13.024Z,148.25244,148.25693
2024-01-02T01:54:14.406Z,148.24618,148.25064
2024-01-02T01:54:15.413Z,148.25091,148.25500
2024-01-02T01:54:16.789Z,148.25100,148.25421
2024-01-02T01:54:17.342Z,148.24815,148.25294
2024-01-02T01:54:18.842Z,148.25436,148.25774
2024-01-02T01:54:20.158Z,148.25703,148.26033
2024-01-02T01:54:21.558Z,148.25950,148.26397
2024-01-02T01:54:22.615Z,148.26501,148.26917
2024-01-02T01:54:23.765Z,148.26608,148.27088
2024-01-02T01:54:24.730Z,148.27267,148.27693
2024-01-02T01:54:25.642Z,148.26219,148.26667
2024-01-02T01:54:26.574Z,148.26264,148.26649
2024-01-02T01:54:27.551Z,148.26535,148.27004
2024-01-02T01:54:29.001Z,148.26849,148.27297
2024-01-02T01:54:29.583Z,148.27891,148.28366
2024-01-02T01:54:30.768Z,148.27880,148.28299
2024-01-02T01:54:31.683Z,148.29939,148.30276
2024-01-02T01:54:33.058Z,148.28969,148.29360
2024-01-02T01:54:34.100Z,148.28978,148.29374
2024-01-02T01:54:35.591Z,148.28467,148.28946
2024-01-02T01:54:36.872Z,148.28961,148.29283
2024-01-02T01:54:37.535Z,148.29107,148.29507
2024-01-02T01:54:38.615Z,148.27751,148.28075
2024-01-02T01:54:39.968Z,148.28131,148.28521
2024-01-02T01:54:40.701Z,148.27931,148.28392
2024-01-02T01:54:41.244Z,148.26927,148.27405
2024-01-02T01:54:42.013Z,148.27653,148.28027
2024-01-02T01:54:43.077Z,148.24454,148.24933
2024-01-02T01:54:44.269Z,148.24349,148.24814
2024-01-02T01:54:45.079Z,148.24569,148.24918
2024-01-02T01:54:46.236Z,148.24563,148.24885
2024-01-02T01:54:47.631Z,148.24645,148.24974
2024-01-02T01:54:48.867Z,148.24591,148.24922
2024-01-02T01:54:49.375Z,148.23258,148.23585
2024-01-02T01:54:50.697Z,148.22670,148.23018
2024-01-02T01:54:51.253Z,148.22249,148.22671
2024-01-02T01:54:52.377Z,148.21832,148.22241
2024-01-02T01:54:53.447Z,148.21782,148.22198
2024-01-02T01:54:54.294Z,148.20960,148.21286
2024-01-02T01:54:54.821Z,148.21418,148.21775
2024-01-02T01:54:56.137Z,148.21747,148.22131
2024-01-02T01:54:57.157Z,148.22885,148.23309
2024-01-02T01:54:57.995Z,148.23221,148.23586
2024-01-02T01:54:58.648Z,148.23638,148.24100
2024-01-02T01:54:59.370Z,148.22648,148.23014
2024-01-02T01:55:00.640Z,148.22299,148.22716
2024-01-02T01:55:01.327Z,148.22581,148.23038
2024-01-02T01:55:02.677Z,148.22234,148.22687
2024-01-02T01:55:03.633Z,148.21915,148.22274
2024-01-02T01:55:04.381Z,148.23560,148.23957
2024-01-02T01:55:05.690Z,148.25130,148.25500
2024-01-02T01:55:06.847Z,148.25686,148.26060
2024-01-02T01:55:07.940Z,148.25264,148.25695
2024-01-02T01:55:09.014Z,148.25551,148.25937
2024-01-02T01:55:10.437Z,148.25297,148.25646
2024-01-02T01:55:11.554Z,148.25924,148.26263
2024-01-02T01:55:12.095Z,148.24950,148.25340
2024-01-02T01:55:13.392Z,148.24679,148.25108
2024-01-02T01:55:14.191Z,148.25006,148.25403
2024-01-02T01:55:15.235Z,148.25174,148.25640
2024-01-02T01:55:15.978Z,148.24952,148.25341
2024-01-02T01:55:16.582Z,148.25348,148.25696
2024-01-02T01:55:17.814Z,148.25397,148.25818
2024-01-02T01:55:18.777Z,148.26273,148.26734
2024-01-02T01:55:19.734Z,148.26353,148.26759
2024-01-02T01:55:20.880Z,148.26449,148.26917
2024-01-02T01:55:22.112Z,148.27682,148.28113
2024-01-02T01:55:22.958Z,148.27508,148.27939
2024-01-02T01:55:23.955Z,148.27404,148.27805
2024-01-02T01:55:24.803Z,148.28313,148.28695
2024-01-02T01:55:25.975Z,148.27451,148.27892
2024-01-02T01:55:26.871Z,148.28566,148.28904
2024-01-02T01:55:28.295Z,148.28516,148.28843
2024-01-02T01:55:29.036Z,148.28325,148.28682
2024-01-02T01:55:30.254Z,148.27660,148.28045
2024-01-02T01:55:31.176Z,148.27745,148.28217
2024-01-02T01:55:31.795Z,148.27324,148.27695
2024-01-02T01:55:32.595Z,148.27731,148.28104
2024-01-02T01:55:33.567Z,148.27229,148.27640
2024-01-02T01:55:34.491Z,148.26554,148.26901
2024-01-02T01:55:35.553Z,148.26439,148.26824
2024-01-02T01:55:36.532Z,148.27704,148.28080
2024-01-02T01:55:37.131Z,148.27312,148.27659
2024-01-02T01:55:37.790Z,148.26247,148.26588
2024-01-02T01:55:39.027Z,148.27486,148.27826
2024-01-02T01:55:40.170Z,148.26522,148.26980
2024-01-02T01:55:41.342Z,148.26904,148.27327
2024-01-02T01:55:41.862Z,148.27508,148.27925
2024-01-02T01:55:43.309Z,148.27578,148.28025
2024-01-02T01:55:43.892Z,148.28404,148.28868
2024-01-02T01:55:44.718Z,148.28716,148.29172
2024-01-02T01:55:45.804Z,148.29097,148.29508
2024-01-02T01:55:46.455Z,148.30676,148.31078
2024-01-02T01:55:47.329Z,148.29219,148.29598
2024-01-02T01:55:48.040Z,148.28808,148.29202
2024-01-02T01:55:48.725Z,148.27864,148.28254
2024-01-02T01:55:50.016Z,148.27764,148.28095
2024-01-02T01:55:51.016Z,148.28157,148.28593
2024-01-02T01:55:52.267Z,148.29456,148.29832
2024-01-02T01:55:52.988Z,148.29995,148.30321
2024-01-02T01:55:54.080Z,148.29974,148.30400
2024-01-02T01:55:55.425Z,148.29776,148.30102
2024-01-02T01:55:56.118Z,148.30619,148.31041
2024-01-02T01:55:56.979Z,148.30784,148.31241
2024-01-02T01:55:58.199Z,148.29445,148.29910
2024-01-02T01:55:59.027Z,148.28885,148.29267
2024-01-02T01:56:00.471Z,148.29196,148.29520
2024-01-02T01:56:01.648Z,148.28502,148.28852
2024-01-02T01:56:02.785Z,148.28549,148.29015
2024-01-02T01:56:04.189Z,148.27131,148.27557
2024-01-02T01:56:05.426Z,148.28530,148.28867
2024-01-02T01:56:06.735Z,148.28921,148.29318
2024-01-02T01:56:07.822Z,148.28982,148.29351
2024-01-02T01:56:09.013Z,148.29004,148.29414
2024-01-02T01:56:10.304Z,148.27936,148.28388
2024-01-02T01:56:11.305Z,148.27727,148.28142
2024-01-02T01:56:12.425Z,148.27495,148.27919
2024-01-02T01:56:13.816Z,148.27455,148.27914
2024-01-02T01:56:14.458Z,148.27689,148.28122
2024-01-02T01:56:15.556Z,148.27951,148.28310
2024-01-02T01:56:16.763Z,148.27645,148.28114
2024-01-02T01:56:17.586Z,148.27198,148.27602
2024-01-02T01:56:18.752Z,148.27558,148.27944
2024-01-02T01:56:19.749Z,148.28325,148.28661
2024-01-02T01:56:20.926Z,148.28824,148.29147
2024-01-02T01:56:22.082Z,148.27963,148.28425
2024-01-02T01:56:23.385Z,148.27931,148.28331
2024-01-02T01:56:24.730Z,148.26683,148.27096
2024-01-02T01:56:25.476Z,148.25953,148.26274
2024-01-02T01:56:26.631Z,148.25892,148.26280
2024-01-02T01:56:27.755Z,148.25543,148.25865
2024-01-02T01:56:28.982Z,148.24853,148.25230
2024-01-02T01:56:29.849Z,148.24668,148.25015
2024-01-02T01:56:30.562Z,148.26279,148.26622
2024-01-02T01:56:31.558Z,148.26961,148.27371
2024-01-02T01:56:33.002Z,148.27744,148.28098
2024-01-02T01:56:34.070Z,148.29156,148.29483
2024-01-02T01:56:35.028Z,148.27107,148.27451
2024-01-02T01:56:36.056Z,148.26339,148.26806
2024-01-02T01:56:37.147Z,148.26861,148.27301
2024-01-02T01:56:37.863Z,148.26863,148.27314
2024-01-02T01:56:38.478Z,148.27023,148.27460
2024-01-02T01:56:39.009Z,148.27443,148.27891
2024-01-02T01:56:40.366Z,148.27661,148.28131
2024-01-02T01:56:41.063Z,148.27633,148.28011
2024-01-02T01:56:42.031Z,148.26021,148.26488
2024-01-02T01:56:43.304Z,148.27586,148.28024
2024-01-02T01:56:43.964Z,148.28284,148.28758
2024-01-02T01:56:45.229Z,148.27994,148.28358
2024-01-02T01:56:46.063Z,148.27582,148.27902
2024-01-02T01:56:46.927Z,148.28267,148.28599
2024-01-02T01:56:47.699Z,148.27897,148.28232
2024-01-02T01:56:48.841Z,148.27105,148.27557
2024-01-02T01:56:49.892Z,148.26585,148.26930
2024-01-02T01:56:50.551Z,148.28192,148.28538
2024-01-02T01:56:51.096Z,148.28506,148.28895
2024-01-02T01:56:52.339Z,148.28854,148.29279
2024-01-02T01:56:53.287Z,148.27773,148.28201
2024-01-02T01:56:54.569Z,148.28450,148.28819
2024-01-02T01:56:55.266Z,148.28918,148.29260
2024-01-02T01:56:56.028Z,148.29522,148.29971
2024-01-02T01:56:57.134Z,148.30907,148.31278
2024-01-02T01:56:57.745Z,148.29170,148.29644
2024-01-02T01:56:58.791Z,148.29424,148.29892
2024-01-02T01:57:00.263Z,148.29095,148.29471
2024-01-02T01:57:01.217Z,148.28420,148.28841
2024-01-02T01:57:02.582Z,148.28582,148.29026
2024-01-02T01:57:03.939Z,148.29278,148.29674
2024-01-02T01:57:05.095Z,148.29833,148.30170
2024-01-02T01:57:06.174Z,148.30653,148.31053
2024-01-02T01:57:07.652Z,148.30797,148.31274
2024-01-02T01:57:08.596Z,148.31736,148.32165
2024-01-02T01:57:09.755Z,148.31577,148.31925
2024-01-02T01:57:11.196Z,148.32285,148.32753
2024-01-02T01:57:12.172Z,148.32023,148.32421
2024-01-02T01:57:12.690Z,148.31612,148.32026
2024-01-02T01:57:13.540Z,148.31717,148.32185
2024-01-02T01:57:15.031Z,148.31858,148.32220
2024-01-02T01:57:16.282Z,148.31014,148.31472
2024-01-02T01:57:17.486Z,148.29047,148.29491
2024-01-02T01:57:18.281Z,148.27705,148.28053
2024-01-02T01:57:19.732Z,148.26999,148.27414
2024-01-02T01:57:20.435Z,148.25970,148.26370
2024-01-02T01:57:21.823Z,148.26535,148.26971
2024-01-02T01:57:23.311Z,148.27364,148.27798
2024-01-02T01:57:24.347Z,148.26454,148.26776
2024-01-02T01:57:25.227Z,148.27078,148.27538
2024-01-02T01:57:26.108Z,148.28439,148.28771
2024-01-02T01:57:27.190Z,148.28326,148.28656
2024-01-02T01:57:27.800Z,148.29011,148.29370
2024-01-02T01:57:29.032Z,148.29023,148.29451
2024-01-02T01:57:30.048Z,148.30256,148.30720
2024-01-02T01:57:31.485Z,148.32034,148.32503
2024-01-02T01:57:32.913Z,148.31844,148.32316
2024-01-02T01:57:33.706Z,148.30607,148.30932
2024-01-02T01:57:34.624Z,148.30949,148.31407
2024-01-02T01:57:35.904Z,148.30748,148.31120
2024-01-02T01:57:36.824Z,148.31390,148.31848
2024-01-02T01:57:37.466Z,148.32622,148.33038
2024-01-02T01:57:38.471Z,148.32333,148.32668
2024-01-02T01:57:39.831Z,148.32044,148.32494
2024-01-02T01:57:41.073Z,148.31667,148.32132
2024-01-02T01:57:42.025Z,148.33051,148.33455
2024-01-02T01:57:43.496Z,148.32624,148.32992
2024-01-02T01:57:44.957Z,148.34085,148.34488
2024-01-02T01:57:46.070Z,148.33455,148.33836
2024-01-02T01:57:46.595Z,148.32589,148.32917
2024-01-02T01:57:47.577Z,148.32781,148.33139
2024-01-02T01:57:48.660Z,148.31783,148.32142
2024-01-02T01:57:49.950Z,148.33428,148.33781
2024-01-02T01:57:50.907Z,148.33213,148.33656
2024-01-02T01:57:51.597Z,148.33065,148.33456
2024-01-02T01:57:52.106Z,148.33494,148.33862
2024-01-02T01:57:52.874Z,148.33777,148.34171
2024-01-02T01:57:54.157Z,148.33158,148.33517
2024-01-02T01:57:55.072Z,148.31903,148.32278
2024-01-02T01:57:55.720Z,148.32543,148.32924
2024-01-02T01:57:56.972Z,148.33684,148.34040
2024-01-02T01:57:58.127Z,148.33299,148.33772
2024-01-02T01:57:58.672Z,148.34174,148.34645
2024-01-02T01:57:59.275Z,148.34822,148.35271
2024-01-02T01:58:00.722Z,148.34698,148.35105
2024-01-02T01:58:01.273Z,148.34480,148.34853
2024-01-02T01:58:01.909Z,148.33381,148.33852
2024-01-02T01:58:02.956Z,148.34108,148.34584
2024-01-02T01:58:04.210Z,148.34212,148.34691
2024-01-02T01:58:05.618Z,148.32928,148.33277
2024-01-02T01:58:06.848Z,148.32607,148.32994
2024-01-02T01:58:08.263Z,148.33963,148.34316
2024-01-02T01:58:09.390Z,148.33810,148.34251
2024-01-02T01:58:09.931Z,148.34052,148.34468
2024-01-02T01:58:11.385Z,148.34226,148.34620
2024-01-02T01:58:11.922Z,148.33299,148.33698
2024-01-02T01:58:13.243Z,148.33776,148.34156
2024-01-02T01:58:13.817Z,148.33603,148.34056
2024-01-02T01:58:15.311Z,148.32653,148.33001
2024-01-02T01:58:16.072Z,148.33084,148.33557
2024-01-02T01:58:16.736Z,148.33421,148.33819
2024-01-02T01:58:17.594Z,148.34214,148.34664
2024-01-02T01:58:18.272Z,148.33434,148.33903
2024-01-02T01:58:19.388Z,148.32698,148.33163
2024-01-02T01:58:20.116Z,148.32937,148.33343
2024-01-02T01:58:21.197Z,148.32830,148.33223
2024-01-02T01:58:22.233Z,148.33134,148.33490
2024-01-02T01:58:22.938Z,148.33854,148.34241
2024-01-02T01:58:24.388Z,148.33188,148.33516
2024-01-02T01:58:25.193Z,148.33501,148.33861
2024-01-02T01:58:26.036Z,148.32418,148.32841
2024-01-02T01:58:26.538Z,148.33648,148.33973
2024-01-02T01:58:27.339Z,148.33811,148.34173
2024-01-02T01:58:27.990Z,148.33643,148.34110
2024-01-02T01:58:28.984Z,148.33407,148.33872
2024-01-02T01:58:29.648Z,148.33143,148.33516
2024-01-02T01:58:31.096Z,148.33129,148.33460
2024-01-02T01:58:31.787Z,148.33583,148.33938
2024-01-02T01:58:32.739Z,148.34406,148.34754
2024-01-02T01:58:33.917Z,148.35717,148.36134
2024-01-02T01:58:34.862Z,148.36063,148.36384
2024-01-02T01:58:36.049Z,148.36544,148.36922
2024-01-02T01:58:36.773Z,148.37136,148.37571
2024-01-02T01:58:37.880Z,148.38442,148.38803
2024-01-02T01:58:38.736Z,148.38848,148.39307
2024-01-02T01:58:39.558Z,148.38192,148.38565
2024-01-02T01:58:40.429Z,148.37536,148.37939
2024-01-02T01:58:41.532Z,148.37508,148.37862
2024-01-02T01:58:42.574Z,148.37427,148.37762
2024-01-02T01:58:43.481Z,148.37663,148.38053
2024-01-02T01:58:44.571Z,148.38150,148.38525
2024-01-02T01:58:46.067Z,148.38409,148.38758
2024-01-02T01:58:46.729Z,148.39933,148.40411
2024-01-02T01:58:47.704Z,148.40013,148.40459
2024-01-02T01:58:48.956Z,148.40335,148.40740
2024-01-02T01:58:50.148Z,148.38663,148.39097
2024-01-02T01:58:51.337Z,148.38909,148.39385
2024-01-02T01:58:52.609Z,148.38645,148.39034
2024-01-02T01:58:53.436Z,148.38134,148.38564
2024-01-02T01:58:54.436Z,148.36766,148.37095
2024-01-02T01:58:55.812Z,148.35775,148.36183
2024-01-02T01:58:57.246Z,148.37720,148.38196
2024-01-02T01:58:58.731Z,148.38089,148.38454
2024-01-02T01:58:59.433Z,148.38086,148.38465
2024-01-02T01:59:00.628Z,148.37888,148.38210
2024-01-02T01:59:01.750Z,148.36727,148.37113
2024-01-02T01:59:03.216Z,148.36673,148.37136
2024-01-02T01:59:04.602Z,148.37513,148.37970
2024-01-02T01:59:05.187Z,148.38503,148.38980
2024-01-02T01:59:06.599Z,148.38757,148.39181
2024-01-02T01:59:08.011Z,148.38576,148.38958
2024-01-02T01:59:09.197Z,148.39395,148.39780
2024-01-02T01:59:10.479Z,148.39569,148.39920
2024-01-02T01:59:11.526Z,148.40457,148.40860
2024-01-02T01:59:12.483Z,148.40499,148.40895
2024-01-02T01:59:13.656Z,148.40959,148.41389
2024-01-02T01:59:14.859Z,148.42185,148.42653
2024-01-02T01:59:15.576Z,148.42080,148.42481
2024-01-02T01:59:16.393Z,148.41823,148.42212
2024-01-02T01:59:17.764Z,148.42010,148.42352
2024-01-02T01:59:18.491Z,148.41391,148.41803
2024-01-02T01:59:19.711Z,148.41577,148.42036
2024-01-02T01:59:21.086Z,148.41921,148.42352
2024-01-02T01:59:21.997Z,148.42248,148.42582
2024-01-02T01:59:23.081Z,148.42461,148.42840
2024-01-02T01:59:23.695Z,148.40731,148.41116
2024-01-02T01:59:24.283Z,148.40537,148.40912
2024-01-02T01:59:25.507Z,148.40690,148.41027
2024-01-02T01:59:26.122Z,148.40177,148.40502
2024-01-02T01:59:27.295Z,148.39414,148.39751
2024-01-02T01:59:28.199Z,148.39011,148.39466
2024-01-02T01:59:28.797Z,148.39129,148.39533
2024-01-02T01:59:29.402Z,148.37338,148.37781
2024-01-02T01:59:30.551Z,148.37867,148.38205
2024-01-02T01:59:31.394Z,148.37689,148.38066
2024-01-02T01:59:32.521Z,148.36602,148.36937
2024-01-02T01:59:33.606Z,148.36831,148.37165
2024-01-02T01:59:34.369Z,148.37314,148.37755
2024-01-02T01:59:35.730Z,148.37012,148.37442
2024-01-02T01:59:36.878Z,148.37936,148.38295
2024-01-02T01:59:37.945Z,148.38411,148.38814
2024-01-02T01:59:38.797Z,148.38558,148.38999
2024-01-02T01:59:40.154Z,148.37830,148.38188
2024-01-02T01:59:41.561Z,148.38117,148.38528
2024-01-02T01:59:43.027Z,148.39226,148.39607
2024-01-02T01:59:44.337Z,148.39890,148.40218
2024-01-02T01:59:45.554Z,148.39675,148.40139
2024-01-02T01:59:46.959Z,148.40801,148.41236
2024-01-02T01:59:48.133Z,148.41178,148.41592
2024-01-02T01:59:49.173Z,148.41212,148.41670
2024-01-02T01:59:50.520Z,148.41303,148.41718
2024-01-02T01:59:51.486Z,148.41103,148.41507
2024-01-02T01:59:52.188Z,148.40008,148.40372
2024-01-02T01:59:53.309Z,148.39639,148.40019
2024-01-02T01:59:54.099Z,148.40150,148.40491
2024-01-02T01:59:55.440Z,148.40311,148.40689
2024-01-02T01:59:56.693Z,148.40067,148.40389
2024-01-02T01:59:57.531Z,148.40169,148.40525
2024-01-02T01:59:58.265Z,148.39773,148.40214
2024-01-02T01:59:58.796Z,148.39675,148.40032
2024-01-02T01:59:59.831Z,148.39195,148.39542
2024-01-02T02:00:00.560Z,148.38569,148.39014
2024-01-02T02:00:01.622Z,148.38795,148.39180
2024-01-02T02:00:02.263Z,148.39321,148.39794
2024-01-02T02:00:03.329Z,148.40153,148.40479
2024-01-02T02:00:04.376Z,148.40586,148.40990
2024-01-02T02:00:04.929Z,148.40339,148.40728
2024-01-02T02:00:06.034Z,148.40239,148.40628
2024-01-02T02:00:06.978Z,148.41524,148.41913
2024-01-02T02:00:08.000Z,148.41742,148.42077
2024-01-02T02:00:08.876Z,148.40610,148.40952
2024-01-02T02:00:10.217Z,148.40698,148.41142
2024-01-02T02:00:11.170Z,148.40169,148.40609
2024-01-02T02:00:12.308Z,148.40437,148.40882
2024-01-02T02:00:13.593Z,148.39956,148.40366
2024-01-02T02:00:14.342Z,148.39320,148.39766
2024-01-02T02:00:15.031Z,148.38443,148.38787
2024-01-02T02:00:16.489Z,148.38579,148.38921
2024-01-02T02:00:17.264Z,148.39245,148.39592
2024-01-02T02:00:17.804Z,148.38871,148.39244
2024-01-02T02:00:18.909Z,148.39248,148.39685
2024-01-02T02:00:20.357Z,148.39149,148.39599
2024-01-02T02:00:21.397Z,148.39473,148.39943
2024-01-02T02:00:22.429Z,148.39474,148.39931
2024-01-02T02:00:23.657Z,148.39123,148.39468
2024-01-02T02:00:24.651Z,148.38421,148.38807
2024-01-02T02:00:26.127Z,148.38614,148.39054
2024-01-02T02:00:26.635Z,148.37409,148.37873
2024-01-02T02:00:27.915Z,148.36749,148.37190
2024-01-02T02:00:29.380Z,148.36821,148.37224
2024-01-02T02:00:30.175Z,148.36687,148.37119
2024-01-02T02:00:30.726Z,148.36011,148.36480
2024-01-02T02:00:31.559Z,148.36008,148.36343
2024-01-02T02:00:32.957Z,148.36640,148.37030
2024-01-02T02:00:33.848Z,148.36243,148.36568
2024-01-02T02:00:35.158Z,148.36597,148.37060
2024-01-02T02:00:36.211Z,148.35492,148.35902
2024-01-02T02:00:36.927Z,148.36897,148.37237
2024-01-02T02:00:38.251Z,148.37001,148.37435
2024-01-02T02:00:39.226Z,148.38506,148.38923
2024-01-02T02:00:40.572Z,148.38968,148.39444
2024-01-02T02:00:41.311Z,148.39112,148.39509
2024-01-02T02:00:42.145Z,148.38224,148.38602
2024-01-02T02:00:42.774Z,148.37891,148.38321
2024-01-02T02:00:44.085Z,148.37105,148.37491
2024-01-02T02:00:45.196Z,148.34877,148.35217
2024-01-02T02:00:46.467Z,148.35647,148.36113
2024-01-02T02:00:47.439Z,148.35167,148.35605
2024-01-02T02:00:48.019Z,148.35188,148.35649
2024-01-02T02:00:49.497Z,148.35545,148.35958
2024-01-02T02:00:50.641Z,148.35245,148.35644
2024-01-02T02:00:51.880Z,148.35812,148.36229
2024-01-02T02:00:52.841Z,148.34813,148.35191
2024-01-02T02:00:54.146Z,148.36481,148.36850
2024-01-02T02:00:55.107Z,148.36425,148.36756
2024-01-02T02:00:56.382Z,148.36140,148.36583
2024-01-02T02:00:57.533Z,148.35989,148.36335
2024-01-02T02:00:58.413Z,148.34762,148.35221
2024-01-02T02:00:59.845Z,148.34619,148.35082
2024-01-02T02:01:00.697Z,148.33939,148.34418
2024-01-02T02:01:01.628Z,148.34360,148.34722
2024-01-02T02:01:02.182Z,148.32917,148.33276
2024-01-02T02:01:03.461Z,148.32641,148.32972
2024-01-02T02:01:04.578Z,148.33185,148.33569
2024-01-02T02:01:05.891Z,148.32720,148.33185
2024-01-02T02:01:07.086Z,148.31858,148.32243
2024-01-02T02:01:08.007Z,148.31542,148.31959
2024-01-02T02:01:08.568Z,148.32155,148.32623
2024-01-02T02:01:09.414Z,148.32206,148.32589
2024-01-02T02:01:10.169Z,148.32407,148.32854
2024-01-02T02:01:11.285Z,148.32013,148.32488
2024-01-02T02:01:12.444Z,148.31330,148.31710
2024-01-02T02:01:13.706Z,148.30435,148.30824
2024-01-02T02:01:14.435Z,148.30526,148.30928
2024-01-02T02:01:14.990Z,148.31416,148.31859
2024-01-02T02:01:15.553Z,148.31514,148.31921
2024-01-02T02:01:16.411Z,148.31386,148.31829
2024-01-02T02:01:17.278Z,148.31337,148.31726
2024-01-02T02:01:18.280Z,148.33491,148.33917
2024-01-02T02:01:19.207Z,148.34494,148.34967
2024-01-02T02:01:20.385Z,148.33416,148.33807
2024-01-02T02:01:21.487Z,148.32887,148.33255
2024-01-02T02:01:22.324Z,148.33413,148.33767
2024-01-02T02:01:23.445Z,148.33006,148.33387
2024-01-02T02:01:24.265Z,148.34005,148.34438
2024-01-02T02:01:25.046Z,148.34405,148.34809
2024-01-02T02:01:26.257Z,148.33713,148.34108
2024-01-02T02:01:27.547Z,148.33794,148.34242
2024-01-02T02:01:28.313Z,148.34104,148.34497
2024-01-02T02:01:29.116Z,148.33367,148.33689
2024-01-02T02:01:30.005Z,148.33889,148.34305
2024-01-02T02:01:30.779Z,148.32865,148.33331
2024-01-02T02:01:31.938Z,148.33897,148.34241
2024-01-02T02:01:32.761Z,148.33853,148.34186
2024-01-02T02:01:33.682Z,148.33089,148.33471
2024-01-02T02:01:34.673Z,148.32310,148.32701
2024-01-02T02:01:35.847Z,148.31261,148.31676
2024-01-02T02:01:36.625Z,148.32376,148.32794
2024-01-02T02:01:37.498Z,148.31647,148.32057
2024-01-02T02:01:38.731Z,148.31667,148.31991
2024-01-02T02:01:39.393Z,148.31097,148.31548
2024-01-02T02:01:40.546Z,148.31343,148.31671
2024-01-02T02:01:41.164Z,148.31243,148.31647
2024-01-02T02:01:41.966Z,148.30474,148.30834
2024-01-02T02:01:43.380Z,148.31106,148.31544
2024-01-02T02:01:44.536Z,148.31166,148.31622
2024-01-02T02:01:45.216Z,148.32694,148.33023
2024-01-02T02:01:46.652Z,148.33144,148.33564
2024-01-02T02:01:47.869Z,148.34029,148.34479
2024-01-02T02:01:48.610Z,148.32873,148.33217
2024-01-02T02:01:49.306Z,148.33067,148.33502
2024-01-02T02:01:50.429Z,148.32765,148.33184
2024-01-02T02:01:50.990Z,148.33373,148.33695
2024-01-02T02:01:52.218Z,148.31660,148.31999
2024-01-02T02:01:53.660Z,148.32037,148.32426
2024-01-02T02:01:54.765Z,148.32032,148.32360
2024-01-02T02:01:55.304Z,148.32469,148.32807
2024-01-02T02:01:55.809Z,148.33971,148.34438
2024-01-02T02:01:56.332Z,148.34334,148.34735
2024-01-02T02:01:57.035Z,148.33483,148.33831
2024-01-02T02:01:58.263Z,148.34663,148.35118
2024-01-02T02:01:59.496Z,148.33254,148.33639
2024-01-02T02:02:00.087Z,148.32263,148.32589
2024-01-02T02:02:01.554Z,148.31967,148.32375
2024-01-02T02:02:02.410Z,148.31759,148.32195
2024-01-02T02:02:03.425Z,148.31895,148.32261
2024-01-02T02:02:04.242Z,148.32174,148.32535
2024-01-02T02:02:05.641Z,148.32763,148.33115
2024-01-02T02:02:07.061Z,148.32613,148.33070
2024-01-02T02:02:08.219Z,148.32682,148.33015
2024-01-02T02:02:08.806Z,148.31882,148.32295
2024-01-02T02:02:09.878Z,148.32296,148.32621
2024-01-02T02:02:11.313Z,148.32206,148.32585
2024-01-02T02:02:12.336Z,148.32079,148.32452
2024-01-02T02:02:12.931Z,148.33591,148.34067
2024-01-02T02:02:13.639Z,148.32005,148.32416
2024-01-02T02:02:14.585Z,148.31379,148.31838
2024-01-02T02:02:15.897Z,148.30392,148.30717
2024-01-02T02:02:16.981Z,148.29898,148.30344
2024-01-02T02:02:18.339Z,148.30664,148.31021
2024-01-02T02:02:19.699Z,148.30254,148.30594
2024-01-02T02:02:20.570Z,148.30648,148.31122
2024-01-02T02:02:21.841Z,148.29069,148.29544
2024-01-02T02:02:23.018Z,148.30407,148.30856
2024-01-02T02:02:23.708Z,148.31049,148.31427
2024-01-02T02:02:24.648Z,148.31171,148.31547
2024-01-02T02:02:25.308Z,148.31355,148.31810
2024-01-02T02:02:26.041Z,148.30562,148.31015
2024-01-02T02:02:27.271Z,148.30782,148.31113
2024-01-02T02:02:28.686Z,148.30425,148.30828
2024-01-02T02:02:29.366Z,148.29316,148.29774
2024-01-02T02:02:30.198Z,148.30555,148.31015
2024-01-02T02:02:30.869Z,148.29839,148.30250
2024-01-02T02:02:31.370Z,148.29960,148.30351
2024-01-02T02:02:32.506Z,148.28561,148.28886
2024-01-02T02:02:33.797Z,148.27983,148.28447
2024-01-02T02:02:35.015Z,148.28103,148.28433
2024-01-02T02:02:36.408Z,148.28846,148.29322
2024-01-02T02:02:37.060Z,148.29353,148.29738
2024-01-02T02:02:38.535Z,148.28723,148.29186
2024-01-02T02:02:39.069Z,148.28754,148.29211
2024-01-02T02:02:39.800Z,148.29180,148.29526
2024-01-02T02:02:40.451Z,148.29239,148.29659
2024-01-02T02:02:41.923Z,148.30503,148.30959
2024-01-02T02:02:42.448Z,148.29549,148.29972
2024-01-02T02:02:43.185Z,148.29167,148.29588
2024-01-02T02:02:43.872Z,148.29173,148.29615
2024-01-02T02:02:44.871Z,148.30238,148.30690
2024-01-02T02:02:45.535Z,148.31009,148.31402
2024-01-02T02:02:46.945Z,148.30148,148.30575
2024-01-02T02:02:48.136Z,148.30632,148.30981
2024-01-02T02:02:49.014Z,148.31269,148.31716
2024-01-02T02:02:50.126Z,148.30947,148.31383
2024-01-02T02:02:51.383Z,148.30424,148.30833
2024-01-02T02:02:52.618Z,148.31658,148.32074
2024-01-02T02:02:53.757Z,148.32013,148.32418
2024-01-02T02:02:54.398Z,148.32364,148.32747
2024-01-02T02:02:55.853Z,148.31398,148.31864
2024-01-02T02:02:57.160Z,148.31542,148.32014
2024-01-02T02:02:58.195Z,148.31384,148.31823
2024-01-02T02:02:58.760Z,148.31542,148.32014
2024-01-02T02:02:59.804Z,148.31792,148.32264
2024-01-02T02:03:00.963Z,148.32436,148.32911
2024-01-02T02:03:02.212Z,148.32562,148.33021
2024-01-02T02:03:03.489Z,148.32762,148.33236
2024-01-02T02:03:04.043Z,148.33405,148.33856
2024-01-02T02:03:04.871Z,148.32330,148.32673
2024-01-02T02:03:05.749Z,148.32546,148.32887
2024-01-02T02:03:06.972Z,148.31971,148.32304
2024-01-02T02:03:07.849Z,148.32948,148.33387
2024-01-02T02:03:08.402Z,148.33808,148.34155
2024-01-02T02:03:09.595Z,148.33975,148.34315
2024-01-02T02:03:11.069Z,148.34688,148.35073
2024-01-02T02:03:12.569Z,148.35686,148.36033
2024-01-02T02:03:13.492Z,148.34780,148.35148
2024-01-02T02:03:14.174Z,148.34744,148.35162
2024-01-02T02:03:14.786Z,148.33118,148.33468
2024-01-02T02:03:15.940Z,148.32851,148.33323
2024-01-02T02:03:17.332Z,148.32364,148.32725
2024-01-02T02:03:18.585Z,148.32244,148.32720
2024-01-02T02:03:19.684Z,148.32386,148.32776
2024-01-02T02:03:20.624Z,148.33691,148.34130
2024-01-02T02:03:21.379Z,148.33584,148.34050
2024-01-02T02:03:21.982Z,148.33507,148.33884
2024-01-02T02:03:22.748Z,148.32719,148.33190
2024-01-02T02:03:23.510Z,148.33642,148.33986
2024-01-02T02:03:24.815Z,148.33408,148.33881
2024-01-02T02:03:25.653Z,148.33684,148.34140
2024-01-02T02:03:26.262Z,148.34901,148.35358
2024-01-02T02:03:26.882Z,148.35651,148.36047
2024-01-02T02:03:27.831Z,148.35484,148.35900
2024-01-02T02:03:28.756Z,148.36529,148.36945
2024-01-02T02:03:29.447Z,148.37938,148.38380
2024-01-02T02:03:30.299Z,148.37323,148.37673
2024-01-02T02:03:31.182Z,148.37905,148.38373
2024-01-02T02:03:31.690Z,148.39219,148.39595
2024-01-02T02:03:32.299Z,148.41538,148.41871
2024-01-02T02:03:33.454Z,148.40329,148.40755
2024-01-02T02:03:34.143Z,148.41027,148.41379
2024-01-02T02:03:34.753Z,148.41615,148.41949
2024-01-02T02:03:35.871Z,148.40475,148.40824
2024-01-02T02:03:36.776Z,148.40855,148.41275
2024-01-02T02:03:37.365Z,148.40408,148.40844
2024-01-02T02:03:38.177Z,148.39069,148.39514
2024-01-02T02:03:39.287Z,148.39616,148.40084
2024-01-02T02:03:40.697Z,148.38879,148.39303
2024-01-02T02:03:41.203Z,148.38975,148.39363
2024-01-02T02:03:41.771Z,148.39116,148.39544
2024-01-02T02:03:42.825Z,148.38781,148.39257
2024-01-02T02:03:43.414Z,148.37746,148.38070
2024-01-02T02:03:44.424Z,148.37036,148.37504
2024-01-02T02:03:44.983Z,148.37388,148.37754
2024-01-02T02:03:46.135Z,148.37217,148.37562
2024-01-02T02:03:47.504Z,148.37315,148.37763
2024-01-02T02:03:48.987Z,148.36603,148.37067
2024-01-02T02:03:49.730Z,148.36191,148.36642
2024-01-02T02:03:50.482Z,148.35645,148.36060
2024-01-02T02:03:51.518Z,148.36671,148.37119
2024-01-02T02:03:52.055Z,148.36336,148.36688
2024-01-02T02:03:52.817Z,148.37115,148.37491
2024-01-02T02:03:54.202Z,148.36693,148.37063
2024-01-02T02:03:55.082Z,148.36903,148.37359
2024-01-02T02:03:56.443Z,148.35791,148.36219
2024-01-02T02:03:57.369Z,148.36457,148.36859
2024-01-02T02:03:58.342Z,148.36916,148.37257
2024-01-02T02:03:59.776Z,148.38275,148.38641
2024-01-02T02:04:01.165Z,148.39165,148.39580
2024-01-02T02:04:02.572Z,148.39359,148.39696
2024-01-02T02:04:03.996Z,148.39339,148.39700
2024-01-02T02:04:04.980Z,148.39218,148.39588
2024-01-02T02:04:05.884Z,148.38128,148.38587
2024-01-02T02:04:06.643Z,148.39090,148.39560
2024-01-02T02:04:07.721Z,148.38152,148.38498
2024-01-02T02:04:08.973Z,148.39347,148.39724
2024-01-02T02:04:10.269Z,148.37660,148.38118
2024-01-02T02:04:11.306Z,148.38204,148.38546
2024-01-02T02:04:12.776Z,148.38116,148.38460
2024-01-02T02:04:14.190Z,148.38552,148.38902
2024-01-02T02:04:14.970Z,148.37285,148.37760
2024-01-02T02:04:16.249Z,148.36370,148.36802
2024-01-02T02:04:17.292Z,148.36553,148.36914
2024-01-02T02:04:18.096Z,148.35851,148.36269
2024-01-02T02:04:19.048Z,148.35261,148.35683
2024-01-02T02:04:20.026Z,148.36071,148.36439
2024-01-02T02:04:21.047Z,148.37456,148.37889
2024-01-02T02:04:22.524Z,148.38060,148.38478
2024-01-02T02:04:23.433Z,148.37919,148.38371
2024-01-02T02:04:24.013Z,148.37569,148.37990
2024-01-02T02:04:24.922Z,148.37601,148.38078
2024-01-02T02:04:26.066Z,148.38610,148.39016
2024-01-02T02:04:26.937Z,148.38355,148.38826
2024-01-02T02:04:28.228Z,148.38813,148.39164
2024-01-02T02:04:29.158Z,148.38895,148.39226
2024-01-02T02:04:29.675Z,148.38298,148.38627
2024-01-02T02:04:31.102Z,148.39219,148.39619
2024-01-02T02:04:32.098Z,148.39208,148.39641
2024-01-02T02:04:33.528Z,148.39110,148.39439
2024-01-02T02:04:34.696Z,148.39052,148.39529
2024-01-02T02:04:35.829Z,148.39091,148.39519
2024-01-02T02:04:36.446Z,148.38498,148.38831
2024-01-02T02:04:37.238Z,148.38705,148.39047
2024-01-02T02:04:38.483Z,148.39728,148.40168
2024-01-02T02:04:39.971Z,148.39635,148.40078
2024-01-02T02:04:41.074Z,148.38498,148.38970
2024-01-02T02:04:41.691Z,148.37535,148.37943
2024-01-02T02:04:42.789Z,148.38087,148.38470
2024-01-02T02:04:43.597Z,148.37351,148.37709
2024-01-02T02:04:44.491Z,148.38575,148.39031
2024-01-02T02:04:45.349Z,148.38121,148.38456
2024-01-02T02:04:45.867Z,148.37948,148.38319
2024-01-02T02:04:46.809Z,148.37670,148.38033
2024-01-02T02:04:48.034Z,148.37917,148.38287
2024-01-02T02:04:49.120Z,148.38172,148.38564
2024-01-02T02:04:50.055Z,148.37863,148.38331
2024-01-02T02:04:50.638Z,148.37420,148.37821
2024-01-02T02:04:51.180Z,148.37504,148.37938
2024-01-02T02:04:52.527Z,148.36867,148.37326
2024-01-02T02:04:53.692Z,148.36212,148.36648
2024-01-02T02:04:55.111Z,148.36326,148.36731
2024-01-02T02:04:56.097Z,148.36293,148.36696
2024-01-02T02:04:57.048Z,148.37098,148.37550
2024-01-02T02:04:58.060Z,148.37435,148.37839
2024-01-02T02:04:59.231Z,148.37359,148.37817
2024-01-02T02:05:00.506Z,148.37437,148.37819
2024-01-02T02:05:01.818Z,148.36885,148.37334
2024-01-02T02:05:02.714Z,148.37674,148.38030
2024-01-02T02:05:03.674Z,148.38527,148.38980
2024-01-02T02:05:05.022Z,148.37178,148.37610
2024-01-02T02:05:05.942Z,148.36217,148.36601
2024-01-02T02:05:06.847Z,148.35869,148.36337
2024-01-02T02:05:07.386Z,148.35494,148.35848
2024-01-02T02:05:08.336Z,148.33709,148.34158
2024-01-02T02:05:08.860Z,148.32932,148.33339
2024-01-02T02:05:09.601Z,148.33024,148.33400
2024-01-02T02:05:10.215Z,148.32052,148.32463
2024-01-02T02:05:11.530Z,148.31820,148.32269
2024-01-02T02:05:12.273Z,148.31143,148.31482
2024-01-02T02:05:13.378Z,148.30222,148.30622
2024-01-02T02:05:14.873Z,148.30751,148.31207
2024-01-02T02:05:16.136Z,148.31595,148.31994
2024-01-02T02:05:17.252Z,148.31011,148.31348
2024-01-02T02:05:18.616Z,148.29419,148.29827
2024-01-02T02:05:19.969Z,148.29517,148.29896
2024-01-02T02:05:21.032Z,148.29691,148.30046
2024-01-02T02:05:21.740Z,148.29775,148.30236
2024-01-02T02:05:22.692Z,148.29478,148.29800
2024-01-02T02:05:23.703Z,148.29813,148.30286
2024-01-02T02:05:24.731Z,148.30978,148.31411
2024-01-02T02:05:25.851Z,148.31640,148.32019
2024-01-02T02:05:26.885Z,148.31375,148.31723
2024-01-02T02:05:27.564Z,148.31394,148.31751
2024-01-02T02:05:28.462Z,148.32042,148.32391
2024-01-02T02:05:29.418Z,148.31244,148.31712
2024-01-02T02:05:30.502Z,148.32303,148.32658
2024-01-02T02:05:31.146Z,148.33391,148.33796
2024-01-02T02:05:32.623Z,148.34206,148.34615
2024-01-02T02:05:33.754Z,148.35034,148.35388
2024-01-02T02:05:34.595Z,148.34125,148.34468
2024-01-02T02:05:35.210Z,148.34298,148.34631
2024-01-02T02:05:36.081Z,148.33474,148.33813
2024-01-02T02:05:36.666Z,148.34475,148.34861
2024-01-02T02:05:37.197Z,148.34789,148.35133
2024-01-02T02:05:38.259Z,148.34736,148.35208
2024-01-02T02:05:39.655Z,148.35167,148.35551
2024-01-02T02:05:40.664Z,148.35145,148.35476
2024-01-02T02:05:41.337Z,148.33983,148.34309
2024-01-02T02:05:42.453Z,148.33606,148.33969
2024-01-02T02:05:43.041Z,148.32857,148.33238
2024-01-02T02:05:44.224Z,148.34037,148.34504
2024-01-02T02:05:45.447Z,148.33854,148.34204
2024-01-02T02:05:46.294Z,148.32744,148.33068
2024-01-02T02:05:46.859Z,148.32612,148.32992
2024-01-02T02:05:47.440Z,148.33955,148.34351
2024-01-02T02:05:48.244Z,148.33758,148.34148
2024-01-02T02:05:49.312Z,148.34363,148.34721
2024-01-02T02:05:50.063Z,148.34705,148.35160
2024-01-02T02:05:51.295Z,148.35705,148.36110
2024-01-02T02:05:52.778Z,148.35167,148.35637
2024-01-02T02:05:54.088Z,148.34413,148.34734
2024-01-02T02:05:54.714Z,148.32627,148.32987
2024-01-02T02:05:55.480Z,148.32787,148.33116
2024-01-02T02:05:56.155Z,148.33239,148.33636
2024-01-02T02:05:57.384Z,148.33652,148.34131
2024-01-02T02:05:58.587Z,148.33456,148.33850
2024-01-02T02:05:59.989Z,148.33999,148.34417
2024-01-02T02:06:00.693Z,148.34649,148.35083
2024-01-02T02:06:01.308Z,148.35087,148.35546
2024-01-02T02:06:02.582Z,148.33386,148.33766
2024-01-02T02:06:03.802Z,148.33185,148.33570
2024-01-02T02:06:04.344Z,148.33643,148.34073
2024-01-02T02:06:05.768Z,148.35021,148.35452
2024-01-02T02:06:06.926Z,148.34257,148.34581
2024-01-02T02:06:07.751Z,148.34643,148.35050
2024-01-02T02:06:08.487Z,148.33973,148.34432
2024-01-02T02:06:09.187Z,148.33674,148.34047
2024-01-02T02:06:10.075Z,148.33980,148.34431
2024-01-02T02:06:11.319Z,148.36422,148.36742
2024-01-02T02:06:11.994Z,148.36880,148.37208
2024-01-02T02:06:12.651Z,148.37388,148.37834
2024-01-02T02:06:13.326Z,148.36525,148.36935
2024-01-02T02:06:14.376Z,148.37680,148.38011
2024-01-02T02:06:15.397Z,148.37388,148.37789
2024-01-02T02:06:16.343Z,148.36800,148.37235
2024-01-02T02:06:16.884Z,148.37118,148.37445
2024-01-02T02:06:18.114Z,148.37729,148.38159
2024-01-02T02:06:19.017Z,148.38086,148.38450
2024-01-02T02:06:19.646Z,148.38809,148.39133
2024-01-02T02:06:20.985Z,148.38061,148.38392
2024-01-02T02:06:21.660Z,148.38182,148.38518
2024-01-02T02:06:22.299Z,148.37962,148.38334
2024-01-02T02:06:23.084Z,148.37886,148.38334
2024-01-02T02:06:24.225Z,148.38587,148.39010
2024-01-02T02:06:25.636Z,148.38847,148.39255
2024-01-02T02:06:26.604Z,148.39428,148.39819
2024-01-02T02:06:28.066Z,148.39998,148.40422
2024-01-02T02:06:28.687Z,148.40365,148.40837
2024-01-02T02:06:29.726Z,148.40699,148.41064
2024-01-02T02:06:30.966Z,148.41565,148.41950
2024-01-02T02:06:32.253Z,148.41746,148.42216
2024-01-02T02:06:33.307Z,148.40593,148.41050
2024-01-02T02:06:34.583Z,148.39360,148.39837
2024-01-02T02:06:35.111Z,148.39170,148.39527
2024-01-02T02:06:36.214Z,148.39144,148.39557
2024-01-02T02:06:36.877Z,148.38597,148.39048
2024-01-02T02:06:37.996Z,148.37515,148.37909
2024-01-02T02:06:38.734Z,148.37142,148.37533
2024-01-02T02:06:39.351Z,148.36983,148.37344
2024-01-02T02:06:39.892Z,148.37138,148.37545
2024-01-02T02:06:40.661Z,148.36061,148.36482
2024-01-02T02:06:41.820Z,148.35429,148.35891
2024-01-02T02:06:43.186Z,148.35547,148.35875
2024-01-02T02:06:43.921Z,148.35160,148.35487
2024-01-02T02:06:44.426Z,148.34156,148.34623
2024-01-02T02:06:45.607Z,148.35397,148.35845
2024-01-02T02:06:46.886Z,148.33549,148.33938
2024-01-02T02:06:48.342Z,148.34239,148.34658
2024-01-02T02:06:49.758Z,148.33714,148.34146
2024-01-02T02:06:50.935Z,148.33834,148.34163
2024-01-02T02:06:51.928Z,148.32540,148.32967
2024-01-02T02:06:52.803Z,148.32519,148.32985
2024-01-02T02:06:53.468Z,148.31654,148.32066
2024-01-02T02:06:54.407Z,148.31119,148.31577
2024-01-02T02:06:55.829Z,148.30117,148.30592
2024-01-02T02:06:56.505Z,148.30866,148.31301
2024-01-02T02:06:57.607Z,148.31645,148.31968
2024-01-02T02:06:58.957Z,148.31538,148.31928
2024-01-02T02:06:59.796Z,148.31339,148.31674
2024-01-02T02:07:00.415Z,148.30445,148.30910
2024-01-02T02:07:01.048Z,148.29214,148.29677
2024-01-02T02:07:01.946Z,148.30037,148.30462
2024-01-02T02:07:03.394Z,148.29712,148.30126
2024-01-02T02:07:04.651Z,148.28662,148.29081
2024-01-02T02:07:05.801Z,148.29385,148.29809
2024-01-02T02:07:07.110Z,148.28201,148.28596
2024-01-02T02:07:07.705Z,148.26984,148.27379
2024-01-02T02:07:08.958Z,148.25785,148.26198
2024-01-02T02:07:09.557Z,148.25582,148.25988
2024-01-02T02:07:10.933Z,148.25596,148.25978
2024-01-02T02:07:11.682Z,148.26202,148.26579
2024-01-02T02:07:12.549Z,148.25832,148.26311
2024-01-02T02:07:13.139Z,148.25061,148.25450
2024-01-02T02:07:13.899Z,148.23413,148.23803
2024-01-02T02:07:14.809Z,148.22179,148.22524
2024-01-02T02:07:15.595Z,148.21445,148.21842
2024-01-02T02:07:16.381Z,148.20932,148.21310
2024-01-02T02:07:16.927Z,148.20706,148.21112
2024-01-02T02:07:18.237Z,148.20442,148.20895
2024-01-02T02:07:18.759Z,148.19920,148.20251
2024-01-02T02:07:19.665Z,148.18559,148.19028
2024-01-02T02:07:20.579Z,148.18182,148.18620
2024-01-02T02:07:21.759Z,148.18591,148.18932
2024-01-02T02:07:22.275Z,148.18139,148.18565
2024-01-02T02:07:23.419Z,148.17855,148.18229
2024-01-02T02:07:24.874Z,148.18685,148.19015
2024-01-02T02:07:26.322Z,148.17712,148.18158
2024-01-02T02:07:27.802Z,148.17336,148.17721
2024-01-02T02:07:28.332Z,148.17333,148.17711
2024-01-02T02:07:29.387Z,148.16679,148.17040
2024-01-02T02:07:30.878Z,148.16124,148.16552
2024-01-02T02:07:32.173Z,148.15027,148.15503
2024-01-02T02:07:32.725Z,148.15385,148.15797
2024-01-02T02:07:33.741Z,148.15493,148.15956
2024-01-02T02:07:34.446Z,148.15208,148.15549
2024-01-02T02:07:35.139Z,148.14204,148.14606
2024-01-02T02:07:36.002Z,148.13911,148.14283
2024-01-02T02:07:37.096Z,148.13288,148.13695
2024-01-02T02:07:38.560Z,148.11966,148.12332
2024-01-02T02:07:39.890Z,148.10475,148.10837
2024-01-02T02:07:40.950Z,148.09954,148.10372
2024-01-02T02:07:41.947Z,148.09216,148.09647
2024-01-02T02:07:42.617Z,148.09338,148.09791
2024-01-02T02:07:43.890Z,148.09975,148.10326
2024-01-02T02:07:44.600Z,148.09697,148.10086
2024-01-02T02:07:45.789Z,148.09701,148.10124
2024-01-02T02:07:46.710Z,148.07780,148.08198
2024-01-02T02:07:48.120Z,148.07234,148.07659
2024-01-02T02:07:48.767Z,148.08475,148.08844
2024-01-02T02:07:49.445Z,148.08535,148.08991
2024-01-02T02:07:50.275Z,148.08378,148.08795
2024-01-02T02:07:50.942Z,148.07970,148.08396
2024-01-02T02:07:51.883Z,148.08255,148.08603
2024-01-02T02:07:52.966Z,148.07994,148.08458
2024-01-02T02:07:54.206Z,148.08070,148.08445
2024-01-02T02:07:55.575Z,148.07361,148.07794
2024-01-02T02:07:56.199Z,148.06768,148.07187
2024-01-02T02:07:57.413Z,148.06976,148.07432
2024-01-02T02:07:58.380Z,148.07071,148.07480
2024-01-02T02:07:59.465Z,148.07712,148.08104
2024-01-02T02:08:00.440Z,148.06765,148.07098
2024-01-02T02:08:01.546Z,148.05861,148.06242
2024-01-02T02:08:02.246Z,148.05404,148.05730
2024-01-02T02:08:02.939Z,148.04396,148.04767
2024-01-02T02:08:03.442Z,148.03959,148.04304
2024-01-02T02:08:03.996Z,148.04624,148.05087
2024-01-02T02:08:05.073Z,148.04668,148.05002
2024-01-02T02:08:05.871Z,148.05424,148.05900
2024-01-02T02:08:06.989Z,148.06014,148.06387
2024-01-02T02:08:07.906Z,148.07784,148.08228
2024-01-02T02:08:08.943Z,148.07741,148.08179
2024-01-02T02:08:10.269Z,148.07123,148.07588
2024-01-02T02:08:11.003Z,148.06793,148.07171
2024-01-02T02:08:11.973Z,148.07516,148.07948
2024-01-02T02:08:13.321Z,148.07670,148.07998
2024-01-02T02:08:14.491Z,148.08693,148.09101
2024-01-02T02:08:15.142Z,148.08256,148.08620
2024-01-02T02:08:16.359Z,148.07907,148.08320
2024-01-02T02:08:17.302Z,148.08149,148.08579
2024-01-02T02:08:18.715Z,148.09174,148.09500
2024-01-02T02:08:19.348Z,148.09251,148.09632
2024-01-02T02:08:20.333Z,148.08857,148.09233
2024-01-02T02:08:20.865Z,148.07816,148.08180
2024-01-02T02:08:22.012Z,148.08099,148.08549
2024-01-02T02:08:23.356Z,148.09414,148.09800
2024-01-02T02:08:24.132Z,148.10328,148.10738
2024-01-02T02:08:25.012Z,148.08099,148.08475
2024-01-02T02:08:25.569Z,148.08804,148.09169
2024-01-02T02:08:26.148Z,148.07712,148.08088
2024-01-02T02:08:27.427Z,148.07191,148.07668
2024-01-02T02:08:28.518Z,148.07851,148.08230
2024-01-02T02:08:29.288Z,148.07664,148.08059
2024-01-02T02:08:30.246Z,148.06554,148.06948
2024-01-02T02:08:31.218Z,148.06539,148.06971
2024-01-02T02:08:31.853Z,148.06909,148.07389
2024-01-02T02:08:33.241Z,148.04973,148.05312
2024-01-02T02:08:34.239Z,148.05352,148.05705
2024-01-02T02:08:35.120Z,148.05169,148.05529
2024-01-02T02:08:35.871Z,148.07394,148.07757
2024-01-02T02:08:37.188Z,148.08837,148.09266
2024-01-02T02:08:38.440Z,148.08537,148.08941
2024-01-02T02:08:39.538Z,148.07868,148.08237
2024-01-02T02:08:40.905Z,148.08851,148.09318
2024-01-02T02:08:41.982Z,148.08757,148.09122
2024-01-02T02:08:43.278Z,148.07930,148.08300
2024-01-02T02:08:43.858Z,148.06934,148.07265
2024-01-02T02:08:44.985Z,148.06838,148.07219
2024-01-02T02:08:46.074Z,148.04777,148.05132
2024-01-02T02:08:46.867Z,148.04982,148.05324
2024-01-02T02:08:48.216Z,148.04933,148.05304
2024-01-02T02:08:49.007Z,148.04740,148.05085
2024-01-02T02:08:49.740Z,148.03981,148.04427
2024-01-02T02:08:50.380Z,148.05028,148.05356
2024-01-02T02:08:51.220Z,148.04683,148.05102
2024-01-02T02:08:52.310Z,148.04057,148.04434
2024-01-02T02:08:52.879Z,148.03742,148.04126
2024-01-02T02:08:53.613Z,148.03365,148.03794
2024-01-02T02:08:54.619Z,148.03852,148.04326
2024-01-02T02:08:55.837Z,148.02883,148.03316
2024-01-02T02:08:56.685Z,148.02829,148.03177
2024-01-02T02:08:57.186Z,148.02340,148.02788
2024-01-02T02:08:58.379Z,148.01795,148.02209
2024-01-02T02:08:59.713Z,148.01003,148.01406
2024-01-02T02:09:00.578Z,148.00536,148.00988
2024-01-02T02:09:01.879Z,147.99043,147.99462
2024-01-02T02:09:03.263Z,147.98876,147.99243
2024-01-02T02:09:03.853Z,147.98205,147.98615
2024-01-02T02:09:04.527Z,147.98988,147.99397
2024-01-02T02:09:05.449Z,147.99441,147.99805
2024-01-02T02:09:06.386Z,148.00112,148.00517
2024-01-02T02:09:06.928Z,147.99567,148.00001
2024-01-02T02:09:08.365Z,147.98266,147.98703
2024-01-02T02:09:09.103Z,147.98599,147.99069
2024-01-02T02:09:10.530Z,147.97903,147.98364
2024-01-02T02:09:12.002Z,147.97774,147.98145
2024-01-02T02:09:12.852Z,147.97619,147.97959
2024-01-02T02:09:14.269Z,147.97544,147.97878
2024-01-02T02:09:15.643Z,147.97317,147.97705
2024-01-02T02:09:16.733Z,147.98396,147.98798
2024-01-02T02:09:17.985Z,147.99816,148.00159
2024-01-02T02:09:19.075Z,148.00442,148.00828
2024-01-02T02:09:20.290Z,148.00596,148.00955
2024-01-02T02:09:21.733Z,147.99892,148.00251
2024-01-02T02:09:22.407Z,148.00028,148.00492
2024-01-02T02:09:23.799Z,147.99354,147.99820
2024-01-02T02:09:25.257Z,147.99364,147.99772
2024-01-02T02:09:26.422Z,147.97888,147.98358
2024-01-02T02:09:27.692Z,147.97656,147.97995
2024-01-02T02:09:28.967Z,147.97581,147.98023
2024-01-02T02:09:30.336Z,147.98850,147.99279
2024-01-02T02:09:31.742Z,147.96597,147.97065
2024-01-02T02:09:32.562Z,147.96106,147.96485
2024-01-02T02:09:33.352Z,147.95880,147.96250
2024-01-02T02:09:34.407Z,147.95873,147.96264
2024-01-02T02:09:35.151Z,147.97120,147.97477
2024-01-02T02:09:35.993Z,147.97521,147.97905
2024-01-02T02:09:37.190Z,147.97338,147.97736
2024-01-02T02:09:38.394Z,147.96990,147.97416
2024-01-02T02:09:39.152Z,147.95790,147.96184
2024-01-02T02:09:39.925Z,147.94054,147.94399
2024-01-02T02:09:40.549Z,147.95104,147.95576
2024-01-02T02:09:41.525Z,147.95377,147.95807
2024-01-02T02:09:42.154Z,147.95482,147.95918
2024-01-02T02:09:42.927Z,147.97058,147.97488
2024-01-02T02:09:44.296Z,147.96151,147.96561
2024-01-02T02:09:45.523Z,147.96369,147.96708
2024-01-02T02:09:46.281Z,147.96397,147.96733
2024-01-02T02:09:46.836Z,147.96376,147.96738
2024-01-02T02:09:47.456Z,147.96339,147.96735
2024-01-02T02:09:48.272Z,147.96248,147.96690
2024-01-02T02:09:49.708Z,147.95641,147.96060
2024-01-02T02:09:50.784Z,147.95608,147.96025
2024-01-02T02:09:52.250Z,147.94851,147.95259
2024-01-02T02:09:53.506Z,147.93783,147.94147
2024-01-02T02:09:54.592Z,147.94089,147.94514
2024-01-02T02:09:55.108Z,147.93807,147.94261
2024-01-02T02:09:56.035Z,147.92419,147.92842
2024-01-02T02:09:56.542Z,147.92819,147.93230
2024-01-02T02:09:57.154Z,147.93123,147.93480
2024-01-02T02:09:57.915Z,147.93615,147.93959
2024-01-02T02:09:58.822Z,147.94400,147.94872
2024-01-02T02:09:59.853Z,147.93323,147.93714
2024-01-02T02:10:00.580Z,147.92589,147.93045
2024-01-02T02:10:02.038Z,147.92343,147.92722
2024-01-02T02:10:02.584Z,147.92250,147.92597
2024-01-02T02:10:03.507Z,147.91350,147.91805
2024-01-02T02:10:04.621Z,147.91267,147.91687
2024-01-02T02:10:05.435Z,147.91193,147.91525
2024-01-02T02:10:06.789Z,147.91525,147.91940
2024-01-02T02:10:07.843Z,147.90794,147.91169
2024-01-02T02:10:08.517Z,147.90486,147.90840
2024-01-02T02:10:09.404Z,147.90596,147.91056
2024-01-02T02:10:10.243Z,147.91842,147.92214
2024-01-02T02:10:11.549Z,147.90846,147.91320
2024-01-02T02:10:12.555Z,147.90859,147.91312
2024-01-02T02:10:13.937Z,147.91183,147.91577
2024-01-02T02:10:15.261Z,147.90771,147.91204
2024-01-02T02:10:16.623Z,147.90346,147.90707
2024-01-02T02:10:17.878Z,147.91143,147.91498
2024-01-02T02:10:18.608Z,147.91120,147.91543
2024-01-02T02:10:19.469Z,147.90460,147.90841
2024-01-02T02:10:20.657Z,147.90745,147.91208
2024-01-02T02:10:21.421Z,147.91042,147.91423
2024-01-02T02:10:22.118Z,147.91746,147.92219
2024-01-02T02:10:23.181Z,147.90589,147.91049
2024-01-02T02:10:24.560Z,147.91306,147.91767
2024-01-02T02:10:25.845Z,147.90704,147.91098
2024-01-02T02:10:27.331Z,147.89979,147.90430
2024-01-02T02:10:28.788Z,147.89299,147.89632
2024-01-02T02:10:29.640Z,147.87926,147.88255
2024-01-02T02:10:30.988Z,147.87338,147.87682
2024-01-02T02:10:31.554Z,147.87078,147.87447
2024-01-02T02:10:32.501Z,147.87149,147.87509
2024-01-02T02:10:33.128Z,147.88921,147.89349
2024-01-02T02:10:33.918Z,147.88473,147.88911
2024-01-02T02:10:35.099Z,147.89071,147.89462
2024-01-02T02:10:36.121Z,147.89407,147.89829
2024-01-02T02:10:37.209Z,147.90035,147.90406
2024-01-02T02:10:37.751Z,147.90028,147.90361
2024-01-02T02:10:39.021Z,147.89950,147.90300
2024-01-02T02:10:40.056Z,147.89433,147.89805
2024-01-02T02:10:41.511Z,147.88879,147.89355
2024-01-02T02:10:42.751Z,147.88779,147.89166
2024-01-02T02:10:44.013Z,147.88892,147.89226
2024-01-02T02:10:45.368Z,147.90015,147.90440
2024-01-02T02:10:46.433Z,147.89774,147.90197
2024-01-02T02:10:47.508Z,147.87471,147.87795
2024-01-02T02:10:48.040Z,147.86807,147.87255
2024-01-02T02:10:48.740Z,147.85725,147.86201
2024-01-02T02:10:49.868Z,147.85949,147.86298
2024-01-02T02:10:50.948Z,147.86436,147.86773
2024-01-02T02:10:51.629Z,147.85360,147.85744
2024-01-02T02:10:53.099Z,147.85674,147.86006
2024-01-02T02:10:54.503Z,147.85882,147.86302
2024-01-02T02:10:55.971Z,147.85547,147.85888
2024-01-02T02:10:56.956Z,147.83643,147.84086
2024-01-02T02:10:57.463Z,147.83630,147.84051
2024-01-02T02:10:58.323Z,147.83219,147.83611
2024-01-02T02:10:59.554Z,147.83510,147.83945
2024-01-02T02:11:00.635Z,147.83888,147.84306
2024-01-02T02:11:01.828Z,147.85062,147.85495
2024-01-02T02:11:03.119Z,147.85046,147.85380
2024-01-02T02:11:04.211Z,147.85352,147.85765
2024-01-02T02:11:05.507Z,147.86080,147.86555
2024-01-02T02:11:06.388Z,147.86741,147.87153
2024-01-02T02:11:07.791Z,147.86801,147.87277
2024-01-02T02:11:08.876Z,147.86076,147.86492
2024-01-02T02:11:09.409Z,147.85869,147.86246
2024-01-02T02:11:10.108Z,147.85655,147.86128
2024-01-02T02:11:10.817Z,147.85643,147.86008
2024-01-02T02:11:11.319Z,147.86716,147.87159
2024-01-02T02:11:12.771Z,147.87064,147.87384
2024-01-02T02:11:13.958Z,147.87515,147.87860
2024-01-02T02:11:15.292Z,147.87847,147.88290
2024-01-02T02:11:16.004Z,147.88470,147.88799
2024-01-02T02:11:17.281Z,147.89437,147.89860
2024-01-02T02:11:18.671Z,147.89165,147.89610
2024-01-02T02:11:19.693Z,147.90090,147.90443
2024-01-02T02:11:20.396Z,147.89363,147.89751
2024-01-02T02:11:21.424Z,147.89246,147.89643
2024-01-02T02:11:22.877Z,147.88794,147.89123
2024-01-02T02:11:24.013Z,147.89637,147.89965
2024-01-02T02:11:25.295Z,147.88883,147.89322
2024-01-02T02:11:26.544Z,147.88925,147.89300
2024-01-02T02:11:27.286Z,147.88387,147.88759
2024-01-02T02:11:27.811Z,147.88670,147.89057
2024-01-02T02:11:29.282Z,147.89702,147.90116
2024-01-02T02:11:30.668Z,147.90207,147.90589
2024-01-02T02:11:31.169Z,147.90917,147.91326
2024-01-02T02:11:32.250Z,147.91504,147.91899
2024-01-02T02:11:33.067Z,147.91061,147.91534
2024-01-02T02:11:33.926Z,147.90305,147.90688
2024-01-02T02:11:34.543Z,147.91311,147.91710
2024-01-02T02:11:35.517Z,147.91511,147.91956
2024-01-02T02:11:36.369Z,147.91831,147.92266
2024-01-02T02:11:37.692Z,147.92958,147.93287
2024-01-02T02:11:38.577Z,147.92909,147.93300
2024-01-02T02:11:40.031Z,147.92501,147.92879
2024-01-02T02:11:41.505Z,147.91228,147.91665
2024-01-02T02:11:42.860Z,147.91510,147.91970
2024-01-02T02:11:44.292Z,147.91131,147.91557
2024-01-02T02:11:45.738Z,147.90307,147.90684
2024-01-02T02:11:46.639Z,147.91409,147.91864
2024-01-02T02:11:47.235Z,147.90275,147.90678
2024-01-02T02:11:48.479Z,147.89732,147.90164
2024-01-02T02:11:49.027Z,147.89001,147.89351
2024-01-02T02:11:49.965Z,147.88945,147.89424
2024-01-02T02:11:50.569Z,147.89047,147.89484
2024-01-02T02:11:51.415Z,147.89228,147.89675
2024-01-02T02:11:52.692Z,147.89457,147.89922
2024-01-02T02:11:53.443Z,147.88492,147.88874
2024-01-02T02:11:54.448Z,147.89125,147.89513
2024-01-02T02:11:55.560Z,147.88846,147.89180
2024-01-02T02:11:56.552Z,147.88659,147.89008
2024-01-02T02:11:57.308Z,147.88757,147.89089
2024-01-02T02:11:58.252Z,147.89546,147.89972
2024-01-02T02:11:59.486Z,147.90777,147.91174
2024-01-02T02:12:00.295Z,147.91337,147.91745
2024-01-02T02:12:00.902Z,147.92190,147.92566
2024-01-02T02:12:02.176Z,147.91893,147.92342
2024-01-02T02:12:03.359Z,147.91084,147.91411
2024-01-02T02:12:04.015Z,147.91809,147.92186
2024-01-02T02:12:05.145Z,147.91786,147.92166
2024-01-02T02:12:06.186Z,147.92718,147.93092
2024-01-02T02:12:06.912Z,147.91914,147.92295
2024-01-02T02:12:08.089Z,147.91955,147.92329
2024-01-02T02:12:08.653Z,147.93176,147.93521
2024-01-02T02:12:09.914Z,147.92189,147.92568
2024-01-02T02:12:10.427Z,147.90672,147.91081
2024-01-02T02:12:11.277Z,147.90798,147.91211
2024-01-02T02:12:12.090Z,147.91166,147.91641
2024-01-02T02:12:12.986Z,147.92324,147.92698
2024-01-02T02:12:14.079Z,147.91694,147.92067
2024-01-02T02:12:14.616Z,147.91921,147.92378
2024-01-02T02:12:15.539Z,147.91988,147.92344
2024-01-02T02:12:16.824Z,147.92591,147.92957
2024-01-02T02:12:17.946Z,147.92035,147.92390
2024-01-02T02:12:18.746Z,147.91642,147.92082
2024-01-02T02:12:19.405Z,147.91833,147.92164
2024-01-02T02:12:19.977Z,147.92511,147.92919
2024-01-02T02:12:20.786Z,147.92341,147.92764
2024-01-02T02:12:22.085Z,147.92015,147.92442
2024-01-02T02:12:22.670Z,147.92457,147.92848
2024-01-02T02:12:23.501Z,147.93191,147.93518
2024-01-02T02:12:24.540Z,147.92972,147.93339
2024-01-02T02:12:25.373Z,147.91671,147.92090
2024-01-02T02:12:26.263Z,147.91953,147.92283
2024-01-02T02:12:26.870Z,147.91280,147.91720
2024-01-02T02:12:27.817Z,147.91014,147.91376
2024-01-02T02:12:28.554Z,147.91524,147.91957
2024-01-02T02:12:29.154Z,147.91629,147.92087
2024-01-02T02:12:30.217Z,147.90147,147.90565
2024-01-02T02:12:31.335Z,147.90298,147.90729
2024-01-02T02:12:32.485Z,147.89645,147.90117
2024-01-02T02:12:33.234Z,147.88622,147.89002
2024-01-02T02:12:34.529Z,147.88393,147.88754
2024-01-02T02:12:35.928Z,147.87831,147.88244
2024-01-02T02:12:36.890Z,147.87868,147.88262
2024-01-02T02:12:38.024Z,147.88352,147.88731
2024-01-02T02:12:38.983Z,147.88139,147.88582
2024-01-02T02:12:39.659Z,147.87586,147.88053
2024-01-02T02:12:40.651Z,147.87739,147.88171
2024-01-02T02:12:41.963Z,147.87799,147.88255
2024-01-02T02:12:43.195Z,147.87850,147.88309
2024-01-02T02:12:44.137Z,147.87864,147.88247
2024-01-02T02:12:44.989Z,147.88816,147.89139
2024-01-02T02:12:46.238Z,147.88666,147.89097
2024-01-02T02:12:47.068Z,147.89917,147.90265
2024-01-02T02:12:48.138Z,147.90096,147.90472
2024-01-02T02:12:49.395Z,147.90785,147.91155
2024-01-02T02:12:50.600Z,147.89868,147.90342
2024-01-02T02:12:51.183Z,147.89794,147.90124
2024-01-02T02:12:52.440Z,147.88907,147.89355
2024-01-02T02:12:53.148Z,147.87841,147.88294
2024-01-02T02:12:54.408Z,147.87691,147.88056
2024-01-02T02:12:55.008Z,147.87310,147.87788
2024-01-02T02:12:55.549Z,147.86919,147.87384
2024-01-02T02:12:57.013Z,147.87690,147.88157
2024-01-02T02:12:58.432Z,147.87012,147.87390
2024-01-02T02:12:59.586Z,147.86931,147.87346
2024-01-02T02:13:00.732Z,147.86843,147.87305
2024-01-02T02:13:02.157Z,147.87065,147.87479
2024-01-02T02:13:03.369Z,147.86802,147.87244
2024-01-02T02:13:04.665Z,147.86141,147.86531
2024-01-02T02:13:05.216Z,147.87642,147.87991
2024-01-02T02:13:06.072Z,147.87986,147.88343
2024-01-02T02:13:06.774Z,147.88345,147.88756
2024-01-02T02:13:07.977Z,147.87722,147.88112
2024-01-02T02:13:09.440Z,147.87193,147.87636
2024-01-02T02:13:09.997Z,147.86695,147.87041
2024-01-02T02:13:10.777Z,147.87235,147.87696
2024-01-02T02:13:11.727Z,147.86076,147.86446
2024-01-02T02:13:12.518Z,147.86206,147.86598
2024-01-02T02:13:13.699Z,147.84997,147.85415
2024-01-02T02:13:15.074Z,147.85849,147.86205
2024-01-02T02:13:16.092Z,147.84945,147.85388
2024-01-02T02:13:17.438Z,147.84568,147.84948
2024-01-02T02:13:18.305Z,147.83795,147.84170
2024-01-02T02:13:19.497Z,147.82366,147.82795
2024-01-02T02:13:20.088Z,147.82122,147.82569
2024-01-02T02:13:21.321Z,147.81839,147.82228
2024-01-02T02:13:21.912Z,147.81198,147.81538
2024-01-02T02:13:22.689Z,147.81713,147.82086
2024-01-02T02:13:23.566Z,147.82426,147.82823
2024-01-02T02:13:24.652Z,147.82515,147.82864
2024-01-02T02:13:25.774Z,147.81161,147.81583
2024-01-02T02:13:26.325Z,147.81157,147.81510
2024-01-02T02:13:26.959Z,147.80612,147.81042
2024-01-02T02:13:27.583Z,147.81546,147.82014
2024-01-02T02:13:28.320Z,147.80997,147.81447
2024-01-02T02:13:29.409Z,147.80455,147.80781
2024-01-02T02:13:30.419Z,147.80443,147.80898
2024-01-02T02:13:31.539Z,147.79985,147.80331
2024-01-02T02:13:32.826Z,147.79100,147.79557
2024-01-02T02:13:34.121Z,147.79217,147.79669
2024-01-02T02:13:35.571Z,147.78388,147.78750
2024-01-02T02:13:36.554Z,147.77851,147.78313
2024-01-02T02:13:37.982Z,147.78388,147.78846
2024-01-02T02:13:39.056Z,147.77661,147.78091
2024-01-02T02:13:39.882Z,147.76524,147.76870
2024-01-02T02:13:40.766Z,147.76740,147.77116
2024-01-02T02:13:41.935Z,147.76571,147.76946
2024-01-02T02:13:42.972Z,147.74793,147.75118
2024-01-02T02:13:43.961Z,147.74195,147.74654
2024-01-02T02:13:44.789Z,147.73404,147.73819
2024-01-02T02:13:45.296Z,147.72750,147.73133
2024-01-02T02:13:46.167Z,147.73261,147.73599
2024-01-02T02:13:47.625Z,147.72097,147.72568
2024-01-02T02:13:48.245Z,147.72521,147.72932
2024-01-02T02:13:49.331Z,147.72291,147.72687
2024-01-02T02:13:49.935Z,147.71702,147.72026
2024-01-02T02:13:50.833Z,147.71200,147.71558
2024-01-02T02:13:51.625Z,147.70780,147.71187
2024-01-02T02:13:52.804Z,147.71213,147.71648
2024-01-02T02:13:54.191Z,147.71498,147.71949
2024-01-02T02:13:54.853Z,147.71437,147.71808
2024-01-02T02:13:56.107Z,147.70638,147.71074
2024-01-02T02:13:57.012Z,147.71148,147.71572
2024-01-02T02:13:57.628Z,147.70163,147.70505
2024-01-02T02:13:58.193Z,147.69778,147.70201
2024-01-02T02:13:59.043Z,147.70110,147.70564
2024-01-02T02:13:59.813Z,147.69158,147.69487
2024-01-02T02:14:00.742Z,147.68790,147.69169
2024-01-02T02:14:02.223Z,147.69077,147.69513
2024-01-02T02:14:03.602Z,147.68492,147.68956
2024-01-02T02:14:04.494Z,147.69460,147.69889
2024-01-02T02:14:05.438Z,147.68636,147.69077
2024-01-02T02:14:05.992Z,147.67688,147.68112
2024-01-02T02:14:07.017Z,147.67241,147.67702
2024-01-02T02:14:07.761Z,147.67325,147.67783
2024-01-02T02:14:08.858Z,147.67245,147.67659
2024-01-02T02:14:10.262Z,147.67439,147.67786
2024-01-02T02:14:11.253Z,147.66389,147.66821
2024-01-02T02:14:12.502Z,147.67713,147.68190
2024-01-02T02:14:13.975Z,147.67618,147.68052
2024-01-02T02:14:14.773Z,147.68495,147.68816
2024-01-02T02:14:15.685Z,147.69261,147.69719
2024-01-02T02:14:16.591Z,147.69076,147.69546
2024-01-02T02:14:17.118Z,147.67953,147.68374
2024-01-02T02:14:18.181Z,147.68249,147.68601
2024-01-02T02:14:18.905Z,147.68023,147.68406
2024-01-02T02:14:19.954Z,147.67735,147.68151
2024-01-02T02:14:21.440Z,147.66996,147.67374
2024-01-02T02:14:22.036Z,147.67195,147.67543
2024-01-02T02:14:23.245Z,147.66911,147.67305
2024-01-02T02:14:24.587Z,147.66489,147.66958
2024-01-02T02:14:25.274Z,147.65826,147.66305
2024-01-02T02:14:26.440Z,147.65956,147.66331
2024-01-02T02:14:27.826Z,147.64938,147.65350
2024-01-02T02:14:29.247Z,147.64552,147.64943
2024-01-02T02:14:29.895Z,147.64447,147.64835
2024-01-02T02:14:30.695Z,147.64620,147.65000
2024-01-02T02:14:31.708Z,147.64674,147.65149
2024-01-02T02:14:32.589Z,147.63038,147.63374
2024-01-02T02:14:33.364Z,147.63128,147.63597
2024-01-02T02:14:34.850Z,147.62970,147.63354
2024-01-02T02:14:35.761Z,147.62752,147.63083
2024-01-02T02:14:36.927Z,147.62516,147.62902
2024-01-02T02:14:37.964Z,147.62188,147.62571
2024-01-02T02:14:38.577Z,147.61843,147.62244
2024-01-02T02:14:39.215Z,147.61268,147.61661
2024-01-02T02:14:40.087Z,147.61660,147.62012
2024-01-02T02:14:41.214Z,147.62194,147.62580
2024-01-02T02:14:41.716Z,147.61908,147.62297
2024-01-02T02:14:42.771Z,147.63273,147.63611
2024-01-02T02:14:43.827Z,147.62017,147.62464
2024-01-02T02:14:45.094Z,147.62336,147.62727
2024-01-02T02:14:46.278Z,147.61208,147.61649
2024-01-02T02:14:47.500Z,147.62367,147.62805
2024-01-02T02:14:48.782Z,147.62332,147.62804
2024-01-02T02:14:49.911Z,147.62192,147.62578
2024-01-02T02:14:51.311Z,147.62734,147.63103
2024-01-02T02:14:52.433Z,147.60713,147.61048
2024-01-02T02:14:53.279Z,147.60363,147.60740
2024-01-02T02:14:54.148Z,147.60336,147.60758
2024-01-02T02:14:55.267Z,147.60903,147.61336
2024-01-02T02:14:55.932Z,147.60734,147.61056
2024-01-02T02:14:57.068Z,147.60655,147.61086
2024-01-02T02:14:58.321Z,147.59133,147.59599
2024-01-02T02:14:59.736Z,147.60068,147.60468
2024-01-02T02:15:00.611Z,147.59933,147.60345
2024-01-02T02:15:01.845Z,147.59663,147.59995
2024-01-02T02:15:03.275Z,147.59009,147.59427
2024-01-02T02:15:04.336Z,147.58563,147.58972
2024-01-02T02:15:05.064Z,147.58097,147.58569
2024-01-02T02:15:05.742Z,147.59161,147.59593
2024-01-02T02:15:07.221Z,147.58638,147.59104
2024-01-02T02:15:08.123Z,147.59296,147.59697
2024-01-02T02:15:08.775Z,147.57860,147.58318
2024-01-02T02:15:09.973Z,147.58581,147.59047
2024-01-02T02:15:11.269Z,147.58952,147.59338
2024-01-02T02:15:12.164Z,147.59816,147.60295
2024-01-02T02:15:12.774Z,147.60075,147.60435
2024-01-02T02:15:13.298Z,147.59473,147.59928
2024-01-02T02:15:14.744Z,147.58884,147.59357
2024-01-02T02:15:15.785Z,147.58644,147.59036
2024-01-02T02:15:17.025Z,147.57631,147.58098
2024-01-02T02:15:18.347Z,147.57008,147.57459
2024-01-02T02:15:19.642Z,147.56791,147.57180
2024-01-02T02:15:20.706Z,147.57254,147.57680
2024-01-02T02:15:22.166Z,147.57398,147.57730
2024-01-02T02:15:23.031Z,147.57922,147.58382
2024-01-02T02:15:23.826Z,147.58752,147.59151
2024-01-02T02:15:24.604Z,147.59199,147.59638
2024-01-02T02:15:25.279Z,147.58668,147.59083
2024-01-02T02:15:25.970Z,147.59509,147.59916
2024-01-02T02:15:27.445Z,147.59820,147.60224
2024-01-02T02:15:28.018Z,147.59693,147.60086
2024-01-02T02:15:28.590Z,147.59472,147.59855
2024-01-02T02:15:29.765Z,147.59326,147.59695
2024-01-02T02:15:30.377Z,147.60612,147.60995
2024-01-02T02:15:30.996Z,147.59998,147.60361
2024-01-02T02:15:31.627Z,147.60114,147.60559
2024-01-02T02:15:32.880Z,147.60936,147.61399
2024-01-02T02:15:33.775Z,147.61283,147.61720
2024-01-02T02:15:34.961Z,147.61746,147.62097
2024-01-02T02:15:36.452Z,147.61809,147.62288
2024-01-02T02:15:37.195Z,147.60270,147.60638
2024-01-02T02:15:38.248Z,147.61382,147.61732
2024-01-02T02:15:39.692Z,147.63183,147.63655
2024-01-02T02:15:40.780Z,147.62768,147.63177
2024-01-02T02:15:41.290Z,147.64382,147.64753
2024-01-02T02:15:42.005Z,147.65305,147.65752
2024-01-02T02:15:42.696Z,147.65501,147.65908
2024-01-02T02:15:43.678Z,147.66601,147.67008
2024-01-02T02:15:44.731Z,147.66687,147.67025
2024-01-02T02:15:45.975Z,147.68400,147.68853
2024-01-02T02:15:46.915Z,147.70267,147.70592
2024-01-02T02:15:48.184Z,147.70691,147.71036
2024-01-02T02:15:48.985Z,147.70449,147.70797
2024-01-02T02:15:50.409Z,147.70642,147.71021
2024-01-02T02:15:51.421Z,147.71396,147.71803
2024-01-02T02:15:52.326Z,147.70963,147.71329
2024-01-02T02:15:53.572Z,147.69715,147.70054
2024-01-02T02:15:54.179Z,147.69818,147.70291
2024-01-02T02:15:54.842Z,147.70113,147.70502
2024-01-02T02:15:55.710Z,147.68949,147.69276
2024-01-02T02:15:56.367Z,147.68891,147.69339
2024-01-02T02:15:57.866Z,147.67294,147.67680
2024-01-02T02:15:59.180Z,147.67179,147.67651
2024-01-02T02:16:00.559Z,147.67337,147.67738
2024-01-02T02:16:01.516Z,147.67377,147.67757
2024-01-02T02:16:02.639Z,147.67249,147.67652
2024-01-02T02:16:04.132Z,147.66003,147.66353
2024-01-02T02:16:05.142Z,147.64265,147.64743
2024-01-02T02:16:06.212Z,147.63509,147.63911
2024-01-02T02:16:06.871Z,147.63020,147.63358
2024-01-02T02:16:08.217Z,147.63719,147.64088
2024-01-02T02:16:08.765Z,147.64045,147.64422
2024-01-02T02:16:10.243Z,147.63570,147.63914
2024-01-02T02:16:11.439Z,147.62790,147.63202
2024-01-02T02:16:12.641Z,147.63176,147.63511
2024-01-02T02:16:13.245Z,147.64986,147.65326
2024-01-02T02:16:14.175Z,147.63217,147.63635
2024-01-02T02:16:14.896Z,147.62489,147.62935
2024-01-02T02:16:16.367Z,147.61557,147.61994
2024-01-02T02:16:17.638Z,147.61862,147.62280
2024-01-02T02:16:18.377Z,147.61601,147.61985
2024-01-02T02:16:19.100Z,147.60665,147.61085
2024-01-02T02:16:19.646Z,147.59831,147.60162
2024-01-02T02:16:21.118Z,147.59185,147.59527
2024-01-02T02:16:22.337Z,147.59210,147.59547
2024-01-02T02:16:23.548Z,147.59308,147.59653
2024-01-02T02:16:24.365Z,147.59964,147.60328
2024-01-02T02:16:25.379Z,147.59571,147.59982
2024-01-02T02:16:26.674Z,147.58494,147.58962
2024-01-02T02:16:27.821Z,147.59032,147.59461
2024-01-02T02:16:28.562Z,147.58901,147.59285
2024-01-02T02:16:29.178Z,147.59239,147.59582
2024-01-02T02:16:30.069Z,147.60286,147.60749
2024-01-02T02:16:31.425Z,147.59944,147.60338
2024-01-02T02:16:32.258Z,147.60612,147.61040
2024-01-02T02:16:32.805Z,147.61292,147.61667
2024-01-02T02:16:33.359Z,147.61278,147.61734
2024-01-02T02:16:33.899Z,147.60539,147.60884
2024-01-02T02:16:34.987Z,147.60247,147.60592
2024-01-02T02:16:35.817Z,147.61372,147.61823
2024-01-02T02:16:36.650Z,147.62885,147.63236
2024-01-02T02:16:37.958Z,147.63342,147.63798
2024-01-02T02:16:39.349Z,147.63257,147.63666
2024-01-02T02:16:40.362Z,147.62932,147.63308
2024-01-02T02:16:41.074Z,147.62806,147.63166
2024-01-02T02:16:41.867Z,147.62757,147.63167
2024-01-02T02:16:43.169Z,147.63138,147.63594
2024-01-02T02:16:43.919Z,147.62105,147.62430
2024-01-02T02:16:44.979Z,147.63710,147.64112
2024-01-02T02:16:45.957Z,147.63380,147.63703
2024-01-02T02:16:47.304Z,147.63472,147.63931
2024-01-02T02:16:48.351Z,147.63917,147.64284
2024-01-02T02:16:49.345Z,147.62755,147.63165
2024-01-02T02:16:50.222Z,147.61835,147.62175
2024-01-02T02:16:51.145Z,147.62716,147.63110
2024-01-02T02:16:52.312Z,147.62767,147.63209
2024-01-02T02:16:53.397Z,147.62221,147.62589
2024-01-02T02:16:53.980Z,147.62453,147.62827
2024-01-02T02:16:55.396Z,147.63382,147.63780
2024-01-02T02:16:56.136Z,147.62457,147.62902
2024-01-02T02:16:57.427Z,147.62331,147.62706
2024-01-02T02:16:58.444Z,147.62988,147.63459
2024-01-02T02:16:59.477Z,147.64584,147.64961
2024-01-02T02:17:00.687Z,147.65383,147.65792
2024-01-02T02:17:01.871Z,147.64978,147.65453
2024-01-02T02:17:02.542Z,147.64867,147.65254
2024-01-02T02:17:03.693Z,147.64691,147.65073
2024-01-02T02:17:05.186Z,147.66099,147.66443
2024-01-02T02:17:06.049Z,147.65936,147.66264
2024-01-02T02:17:07.039Z,147.65130,147.65604
2024-01-02T02:17:07.606Z,147.65765,147.66156
2024-01-02T02:17:08.141Z,147.66269,147.66637
2024-01-02T02:17:09.164Z,147.66993,147.67455
2024-01-02T02:17:10.095Z,147.65802,147.66269
2024-01-02T02:17:11.221Z,147.65016,147.65450
2024-01-02T02:17:12.040Z,147.64661,147.65130
2024-01-02T02:17:13.399Z,147.65110,147.65437
2024-01-02T02:17:14.670Z,147.64762,147.65120
2024-01-02T02:17:15.503Z,147.65810,147.66194
2024-01-02T02:17:16.166Z,147.66205,147.66587
2024-01-02T02:17:17.243Z,147.66762,147.67165
2024-01-02T02:17:18.642Z,147.67707,147.68133
2024-01-02T02:17:20.126Z,147.66184,147.66553
2024-01-02T02:17:21.343Z,147.66857,147.67231
2024-01-02T02:17:22.651Z,147.66190,147.66565
2024-01-02T02:17:23.361Z,147.66703,147.67069
2024-01-02T02:17:24.510Z,147.67286,147.67648
2024-01-02T02:17:25.012Z,147.65839,147.66165
2024-01-02T02:17:26.133Z,147.65467,147.65841
2024-01-02T02:17:27.195Z,147.64352,147.64817
2024-01-02T02:17:28.224Z,147.64717,147.65173
2024-01-02T02:17:29.100Z,147.65457,147.65933
2024-01-02T02:17:29.606Z,147.64909,147.65306
2024-01-02T02:17:30.367Z,147.64221,147.64665
2024-01-02T02:17:30.946Z,147.63813,147.64220
2024-01-02T02:17:31.491Z,147.63458,147.63816
2024-01-02T02:17:32.335Z,147.63231,147.63557
2024-01-02T02:17:33.728Z,147.61503,147.61846
2024-01-02T02:17:34.359Z,147.61329,147.61798
2024-01-02T02:17:35.135Z,147.61101,147.61510
2024-01-02T02:17:36.167Z,147.61534,147.61917
2024-01-02T02:17:37.242Z,147.60904,147.61323
2024-01-02T02:17:38.107Z,147.59907,147.60248
2024-01-02T02:17:38.854Z,147.59809,147.60166
2024-01-02T02:17:39.774Z,147.59216,147.59577
2024-01-02T02:17:40.887Z,147.59540,147.59979
2024-01-02T02:17:42.297Z,147.59881,147.60317
2024-01-02T02:17:43.233Z,147.61038,147.61427
2024-01-02T02:17:44.223Z,147.61826,147.62195
2024-01-02T02:17:45.244Z,147.61524,147.61925
2024-01-02T02:17:46.085Z,147.61418,147.61750
2024-01-02T02:17:46.764Z,147.61213,147.61556
2024-01-02T02:17:48.086Z,147.60641,147.61016
2024-01-02T02:17:49.582Z,147.60620,147.61037
2024-01-02T02:17:50.874Z,147.60633,147.61010
2024-01-02T02:17:51.931Z,147.59333,147.59752
2024-01-02T02:17:52.954Z,147.57876,147.58305
2024-01-02T02:17:54.310Z,147.60530,147.60978
2024-01-02T02:17:55.502Z,147.60341,147.60720
2024-01-02T02:17:56.860Z,147.59786,147.60147
2024-01-02T02:17:57.833Z,147.60272,147.60617
2024-01-02T02:17:58.920Z,147.60217,147.60607
2024-01-02T02:17:59.511Z,147.60591,147.60945
2024-01-02T02:18:00.481Z,147.61317,147.61724
2024-01-02T02:18:01.014Z,147.61198,147.61606
2024-01-02T02:18:02.024Z,147.60090,147.60466
2024-01-02T02:18:02.578Z,147.60010,147.60448
2024-01-02T02:18:03.961Z,147.60620,147.61010
2024-01-02T02:18:04.656Z,147.60205,147.60622
2024-01-02T02:18:05.341Z,147.59964,147.60285
2024-01-02T02:18:06.222Z,147.59767,147.60126
2024-01-02T02:18:07.611Z,147.58347,147.58749
2024-01-02T02:18:08.869Z,147.58675,147.59064
2024-01-02T02:18:09.655Z,147.58531,147.58937
2024-01-02T02:18:11.104Z,147.58333,147.58731
2024-01-02T02:18:12.111Z,147.58026,147.58486
2024-01-02T02:18:13.055Z,147.57508,147.57977
2024-01-02T02:18:14.430Z,147.57406,147.57859
2024-01-02T02:18:15.348Z,147.57759,147.58220
2024-01-02T02:18:16.419Z,147.58316,147.58782
2024-01-02T02:18:17.912Z,147.58564,147.58953
2024-01-02T02:18:19.157Z,147.59803,147.60126
2024-01-02T02:18:19.928Z,147.58943,147.59358
2024-01-02T02:18:21.348Z,147.58688,147.59050
2024-01-02T02:18:22.452Z,147.58176,147.58655
2024-01-02T02:18:23.672Z,147.57366,147.57765
2024-01-02T02:18:24.783Z,147.58485,147.58907
2024-01-02T02:18:25.360Z,147.57725,147.58169
2024-01-02T02:18:26.108Z,147.57253,147.57693
2024-01-02T02:18:27.484Z,147.57501,147.57936
2024-01-02T02:18:28.866Z,147.57556,147.57942
2024-01-02T02:18:29.835Z,147.56528,147.56868
2024-01-02T02:18:30.867Z,147.55865,147.56202
2024-01-02T02:18:31.404Z,147.55765,147.56092
2024-01-02T02:18:32.424Z,147.56422,147.56902
2024-01-02T02:18:33.692Z,147.57132,147.57517
2024-01-02T02:18:34.484Z,147.56607,147.57002
2024-01-02T02:18:35.087Z,147.56089,147.56446
2024-01-02T02:18:36.215Z,147.55080,147.55558
2024-01-02T02:18:37.119Z,147.55375,147.55775
2024-01-02T02:18:37.693Z,147.54279,147.54728
2024-01-02T02:18:39.020Z,147.53263,147.53734
2024-01-02T02:18:39.892Z,147.53910,147.54285
2024-01-02T02:18:40.615Z,147.54499,147.54970
2024-01-02T02:18:42.099Z,147.55152,147.55488
2024-01-02T02:18:43.167Z,147.55076,147.55398
2024-01-02T02:18:44.313Z,147.55194,147.55537
2024-01-02T02:18:44.816Z,147.55149,147.55551
2024-01-02T02:18:45.766Z,147.55071,147.55517
2024-01-02T02:18:46.693Z,147.54188,147.54633
2024-01-02T02:18:47.538Z,147.54456,147.54878
2024-01-02T02:18:48.594Z,147.54282,147.54606
2024-01-02T02:18:49.543Z,147.53880,147.54206
2024-01-02T02:18:50.527Z,147.54542,147.54924
2024-01-02T02:18:51.085Z,147.54019,147.54359
2024-01-02T02:18:52.204Z,147.53174,147.53613
2024-01-02T02:18:53.408Z,147.52770,147.53170
2024-01-02T02:18:54.649Z,147.51860,147.52329
2024-01-02T02:18:55.854Z,147.51795,147.52120
2024-01-02T02:18:56.497Z,147.49920,147.50294
2024-01-02T02:18:57.840Z,147.50059,147.50405
2024-01-02T02:18:59.189Z,147.49709,147.50188
2024-01-02T02:18:59.745Z,147.49457,147.49851
2024-01-02T02:19:01.042Z,147.49315,147.49656
2024-01-02T02:19:02.285Z,147.48293,147.48621
2024-01-02T02:19:03.701Z,147.49165,147.49555
2024-01-02T02:19:04.267Z,147.48416,147.48842
2024-01-02T02:19:05.608Z,147.47237,147.47704
2024-01-02T02:19:07.005Z,147.46337,147.46739
2024-01-02T02:19:08.198Z,147.44908,147.45384
2024-01-02T02:19:09.674Z,147.44738,147.45148
2024-01-02T02:19:10.519Z,147.45668,147.46084
2024-01-02T02:19:11.647Z,147.45327,147.45672
2024-01-02T02:19:12.367Z,147.45389,147.45797
2024-01-02T02:19:13.569Z,147.45473,147.45817
2024-01-02T02:19:14.268Z,147.44834,147.45226
2024-01-02T02:19:15.479Z,147.44897,147.45343
2024-01-02T02:19:16.330Z,147.44218,147.44609
2024-01-02T02:19:17.345Z,147.44186,147.44629
2024-01-02T02:19:18.601Z,147.44651,147.45038
2024-01-02T02:19:19.702Z,147.45700,147.46069
2024-01-02T02:19:20.915Z,147.45579,147.45975
2024-01-02T02:19:22.254Z,147.44968,147.45320
2024-01-02T02:19:23.096Z,147.44387,147.44770
2024-01-02T02:19:24.203Z,147.44621,147.44968
2024-01-02T02:19:24.904Z,147.43637,147.44079
2024-01-02T02:19:26.003Z,147.43885,147.44246
2024-01-02T02:19:26.689Z,147.44969,147.45441
2024-01-02T02:19:28.022Z,147.45175,147.45644
2024-01-02T02:19:29.395Z,147.45105,147.45443
2024-01-02T02:19:30.247Z,147.45029,147.45369
2024-01-02T02:19:31.203Z,147.42892,147.43231
2024-01-02T02:19:31.762Z,147.43140,147.43548
2024-01-02T02:19:32.904Z,147.41906,147.42305
2024-01-02T02:19:33.881Z,147.40920,147.41372
2024-01-02T02:19:34.872Z,147.41241,147.41708
2024-01-02T02:19:35.967Z,147.42162,147.42591
2024-01-02T02:19:37.227Z,147.42854,147.43222
2024-01-02T02:19:37.884Z,147.43407,147.43847
2024-01-02T02:19:39.004Z,147.41861,147.42323
2024-01-02T02:19:39.636Z,147.41126,147.41539
2024-01-02T02:19:40.518Z,147.40899,147.41327
2024-01-02T02:19:41.400Z,147.40107,147.40486
2024-01-02T02:19:42.370Z,147.39269,147.39662
2024-01-02T02:19:43.223Z,147.38965,147.39378
2024-01-02T02:19:44.207Z,147.39812,147.40163
2024-01-02T02:19:44.823Z,147.40112,147.40584
2024-01-02T02:19:45.950Z,147.38852,147.39310
2024-01-02T02:19:46.678Z,147.38574,147.38904
2024-01-02T02:19:48.009Z,147.39222,147.39644
2024-01-02T02:19:48.821Z,147.39943,147.40358
2024-01-02T02:19:49.975Z,147.38710,147.39083
2024-01-02T02:19:51.131Z,147.37753,147.38199
2024-01-02T02:19:52.430Z,147.36785,147.37202
2024-01-02T02:19:53.501Z,147.37313,147.37668
2024-01-02T02:19:54.801Z,147.37166,147.37583
2024-01-02T02:19:55.885Z,147.36796,147.37140
2024-01-02T02:19:57.307Z,147.36832,147.37155
2024-01-02T02:19:58.784Z,147.36115,147.36530
2024-01-02T02:20:00.090Z,147.36749,147.37169
2024-01-02T02:20:01.365Z,147.37452,147.37852
2024-01-02T02:20:02.780Z,147.38639,147.39046
2024-01-02T02:20:03.726Z,147.39102,147.39468
2024-01-02T02:20:05.099Z,147.39116,147.39500
2024-01-02T02:20:06.565Z,147.39445,147.39772
2024-01-02T02:20:07.538Z,147.39096,147.39464
2024-01-02T02:20:08.447Z,147.37108,147.37431
2024-01-02T02:20:09.049Z,147.37469,147.37902
2024-01-02T02:20:10.400Z,147.37048,147.37510
2024-01-02T02:20:11.031Z,147.36822,147.37146
2024-01-02T02:20:12.067Z,147.36724,147.37067
2024-01-02T02:20:13.379Z,147.37025,147.37397
2024-01-02T02:20:13.948Z,147.36708,147.37112
2024-01-02T02:20:14.482Z,147.36943,147.37336
2024-01-02T02:20:15.504Z,147.37506,147.37833
2024-01-02T02:20:16.990Z,147.37391,147.37810
2024-01-02T02:20:17.756Z,147.35952,147.36384
2024-01-02T02:20:19.120Z,147.35373,147.35782
2024-01-02T02:20:20.133Z,147.34327,147.34697
2024-01-02T02:20:21.020Z,147.35051,147.35481
2024-01-02T02:20:22.234Z,147.35426,147.35752
2024-01-02T02:20:23.506Z,147.34818,147.35159
2024-01-02T02:20:24.704Z,147.33925,147.34315
2024-01-02T02:20:25.692Z,147.32676,147.33107
2024-01-02T02:20:26.354Z,147.33070,147.33429
2024-01-02T02:20:27.269Z,147.34152,147.34493
2024-01-02T02:20:28.337Z,147.34187,147.34582
2024-01-02T02:20:29.706Z,147.33869,147.34301
2024-01-02T02:20:30.474Z,147.32703,147.33101
2024-01-02T02:20:31.567Z,147.33092,147.33522
2024-01-02T02:20:32.640Z,147.33644,147.33996
2024-01-02T02:20:33.818Z,147.32925,147.33352
2024-01-02T02:20:34.543Z,147.33035,147.33385
2024-01-02T02:20:35.497Z,147.33126,147.33572
2024-01-02T02:20:36.993Z,147.31717,147.32082
2024-01-02T02:20:37.680Z,147.31879,147.32249
2024-01-02T02:20:38.223Z,147.32458,147.32930
2024-01-02T02:20:39.390Z,147.31650,147.32075
2024-01-02T02:20:40.022Z,147.31488,147.31844
2024-01-02T02:20:40.720Z,147.30657,147.30999
2024-01-02T02:20:42.081Z,147.30601,147.30931
2024-01-02T02:20:43.195Z,147.30132,147.30606
2024-01-02T02:20:44.497Z,147.31052,147.31430
2024-01-02T02:20:45.106Z,147.31123,147.31532
2024-01-02T02:20:45.959Z,147.32836,147.33167
2024-01-02T02:20:47.398Z,147.32998,147.33356
2024-01-02T02:20:48.680Z,147.32476,147.32863
2024-01-02T02:20:50.171Z,147.32532,147.32906
2024-01-02T02:20:50.927Z,147.32779,147.33103
2024-01-02T02:20:51.507Z,147.32999,147.33356
2024-01-02T02:20:52.768Z,147.32981,147.33413
2024-01-02T02:20:53.702Z,147.32608,147.33086
2024-01-02T02:20:54.358Z,147.33185,147.33558
2024-01-02T02:20:55.453Z,147.32813,147.33220
2024-01-02T02:20:56.614Z,147.33264,147.33657
2024-01-02T02:20:57.738Z,147.32590,147.32952
2024-01-02T02:20:58.969Z,147.32669,147.33147
2024-01-02T02:20:59.869Z,147.32464,147.32911
2024-01-02T02:21:00.810Z,147.32044,147.32512
2024-01-02T02:21:01.417Z,147.32200,147.32664
2024-01-02T02:21:02.437Z,147.34577,147.34923
2024-01-02T02:21:03.657Z,147.34919,147.35312
2024-01-02T02:21:04.828Z,147.35200,147.35570
2024-01-02T02:21:06.045Z,147.34838,147.35175
2024-01-02T02:21:07.485Z,147.34807,147.35213
2024-01-02T02:21:08.642Z,147.34295,147.34712
2024-01-02T02:21:09.378Z,147.34455,147.34847
2024-01-02T02:21:10.176Z,147.33624,147.33971
2024-01-02T02:21:11.213Z,147.33685,147.34014
2024-01-02T02:21:12.554Z,147.33644,147.34034
2024-01-02T02:21:13.365Z,147.32646,147.33084
2024-01-02T02:21:14.128Z,147.32120,147.32451
2024-01-02T02:21:15.242Z,147.32922,147.33390
2024-01-02T02:21:16.400Z,147.32664,147.33081
2024-01-02T02:21:17.446Z,147.33172,147.33553
2024-01-02T02:21:18.181Z,147.33592,147.33996
2024-01-02T02:21:19.245Z,147.33372,147.33852
2024-01-02T02:21:20.524Z,147.32834,147.33198
2024-01-02T02:21:21.942Z,147.32784,147.33194
2024-01-02T02:21:23.346Z,147.32356,147.32740
2024-01-02T02:21:24.750Z,147.32641,147.33097
2024-01-02T02:21:25.377Z,147.33915,147.34365
2024-01-02T02:21:26.044Z,147.32822,147.33259
2024-01-02T02:21:27.091Z,147.33263,147.33607
2024-01-02T02:21:28.435Z,147.34033,147.34421
2024-01-02T02:21:29.031Z,147.33201,147.33550
2024-01-02T02:21:30.004Z,147.32581,147.33044
2024-01-02T02:21:30.939Z,147.33770,147.34157
2024-01-02T02:21:31.839Z,147.32680,147.33018
2024-01-02T02:21:33.268Z,147.31936,147.32349
2024-01-02T02:21:34.054Z,147.32154,147.32539
2024-01-02T02:21:35.522Z,147.30750,147.31158
2024-01-02T02:21:36.105Z,147.30055,147.30499
2024-01-02T02:21:36.859Z,147.30647,147.31085
2024-01-02T02:21:37.645Z,147.30144,147.30512
2024-01-02T02:21:38.836Z,147.29163,147.29539
2024-01-02T02:21:39.392Z,147.28878,147.29340
2024-01-02T02:21:40.280Z,147.28162,147.28493
2024-01-02T02:21:41.635Z,147.28582,147.28953
2024-01-02T02:21:42.978Z,147.27947,147.28287
2024-01-02T02:21:43.877Z,147.28968,147.29402
2024-01-02T02:21:45.362Z,147.28164,147.28489
2024-01-02T02:21:46.522Z,147.28557,147.28882
2024-01-02T02:21:47.563Z,147.29063,147.29447
2024-01-02T02:21:48.778Z,147.29706,147.30180
2024-01-02T02:21:49.288Z,147.28347,147.28754
2024-01-02T02:21:50.627Z,147.28542,147.28947
2024-01-02T02:21:52.062Z,147.28643,147.28990
2024-01-02T02:21:52.923Z,147.28744,147.29107
2024-01-02T02:21:53.899Z,147.27873,147.28258
2024-01-02T02:21:54.825Z,147.28987,147.29452
2024-01-02T02:21:55.728Z,147.29527,147.29867
2024-01-02T02:21:56.423Z,147.29464,147.29882
2024-01-02T02:21:57.459Z,147.28939,147.29335
2024-01-02T02:21:58.837Z,147.30368,147.30707
2024-01-02T02:21:59.862Z,147.30727,147.31190
2024-01-02T02:22:01.287Z,147.31103,147.31573
2024-01-02T02:22:02.430Z,147.31473,147.31817
2024-01-02T02:22:03.844Z,147.31293,147.31763
2024-01-02T02:22:05.213Z,147.30673,147.31018
2024-01-02T02:22:06.403Z,147.31792,147.32243
2024-01-02T02:22:07.477Z,147.31444,147.31829
2024-01-02T02:22:07.989Z,147.31587,147.31961
2024-01-02T02:22:08.495Z,147.30745,147.31151
2024-01-02T02:22:09.765Z,147.30701,147.31030
2024-01-02T02:22:10.616Z,147.30807,147.31239
2024-01-02T02:22:12.109Z,147.30916,147.31319
2024-01-02T02:22:12.709Z,147.30927,147.31248
2024-01-02T02:22:14.051Z,147.30233,147.30599
2024-01-02T02:22:14.621Z,147.29265,147.29598
2024-01-02T02:22:15.873Z,147.28572,147.28946
2024-01-02T02:22:16.577Z,147.29762,147.30162
2024-01-02T02:22:17.927Z,147.29495,147.29860
2024-01-02T02:22:19.400Z,147.28859,147.29225
2024-01-02T02:22:20.091Z,147.29217,147.29662
2024-01-02T02:22:21.053Z,147.28048,147.28517
2024-01-02T02:22:22.359Z,147.27764,147.28222
2024-01-02T02:22:23.364Z,147.27342,147.27750
2024-01-02T02:22:24.315Z,147.26659,147.27126
2024-01-02T02:22:24.870Z,147.26639,147.27088
2024-01-02T02:22:25.783Z,147.26642,147.26968
2024-01-02T02:22:27.280Z,147.25561,147.25984
2024-01-02T02:22:28.405Z,147.25553,147.25908
2024-01-02T02:22:29.261Z,147.23781,147.24191
2024-01-02T02:22:30.518Z,147.24140,147.24469
2024-01-02T02:22:31.909Z,147.23413,147.23880
2024-01-02T02:22:33.337Z,147.24468,147.24937
2024-01-02T02:22:34.414Z,147.25206,147.25639
2024-01-02T02:22:35.434Z,147.24717,147.25167
2024-01-02T02:22:36.161Z,147.23557,147.23917
2024-01-02T02:22:37.196Z,147.23630,147.24022
2024-01-02T02:22:38.588Z,147.22899,147.23292
2024-01-02T02:22:39.306Z,147.22858,147.23216
2024-01-02T02:22:40.566Z,147.23010,147.23437
2024-01-02T02:22:41.969Z,147.21876,147.22253
2024-01-02T02:22:43.128Z,147.22267,147.22739
2024-01-02T02:22:44.450Z,147.21635,147.22060
2024-01-02T02:22:45.897Z,147.20357,147.20780
2024-01-02T02:22:46.578Z,147.19716,147.20171
2024-01-02T02:22:47.287Z,147.19829,147.20281
2024-01-02T02:22:48.489Z,147.19101,147.19433
2024-01-02T02:22:49.692Z,147.18504,147.18945
2024-01-02T02:22:50.697Z,147.18756,147.19204
2024-01-02T02:22:51.685Z,147.18608,147.19040
2024-01-02T02:22:53.036Z,147.18874,147.19309
2024-01-02T02:22:54.261Z,147.19753,147.20188
2024-01-02T02:22:54.803Z,147.20239,147.20719
2024-01-02T02:22:56.107Z,147.19547,147.19955
2024-01-02T02:22:57.157Z,147.18804,147.19173
2024-01-02T02:22:58.364Z,147.18621,147.19092
2024-01-02T02:22:59.194Z,147.18220,147.18593
2024-01-02T02:23:00.598Z,147.18025,147.18487
2024-01-02T02:23:01.839Z,147.17746,147.18179
2024-01-02T02:23:02.976Z,147.18168,147.18615
2024-01-02T02:23:04.275Z,147.17315,147.17649
2024-01-02T02:23:04.960Z,147.19128,147.19454
2024-01-02T02:23:05.565Z,147.19327,147.19725
2024-01-02T02:23:06.738Z,147.19122,147.19517
2024-01-02T02:23:07.735Z,147.18662,147.19028
2024-01-02T02:23:08.316Z,147.17673,147.18006
2024-01-02T02:23:09.186Z,147.17720,147.18065
2024-01-02T02:23:09.783Z,147.18350,147.18685
2024-01-02T02:23:11.139Z,147.18672,147.19086
2024-01-02T02:23:11.715Z,147.18597,147.19035
2024-01-02T02:23:12.852Z,147.19080,147.19450
2024-01-02T02:23:13.489Z,147.18555,147.18899
2024-01-02T02:23:14.388Z,147.17749,147.18175
2024-01-02T02:23:15.434Z,147.18775,147.19205
2024-01-02T02:23:16.002Z,147.19569,147.19995
2024-01-02T02:23:17.134Z,147.19073,147.19407
2024-01-02T02:23:17.808Z,147.19456,147.19848
2024-01-02T02:23:18.910Z,147.20020,147.20454
2024-01-02T02:23:19.541Z,147.19852,147.20265
2024-01-02T02:23:20.703Z,147.19924,147.20365
2024-01-02T02:23:21.399Z,147.21420,147.21767
2024-01-02T02:23:22.095Z,147.24085,147.24469
2024-01-02T02:23:23.020Z,147.25149,147.25483
2024-01-02T02:23:23.573Z,147.24777,147.25117
2024-01-02T02:23:24.699Z,147.24431,147.24814
2024-01-02T02:23:25.405Z,147.23201,147.23651
2024-01-02T02:23:26.169Z,147.21731,147.22172
2024-01-02T02:23:27.115Z,147.20477,147.20898
2024-01-02T02:23:28.493Z,147.19833,147.20185
2024-01-02T02:23:29.189Z,147.20366,147.20837
2024-01-02T02:23:30.039Z,147.21374,147.21825
2024-01-02T02:23:31.193Z,147.22145,147.22526
2024-01-02T02:23:31.785Z,147.22300,147.22755
2024-01-02T02:23:32.491Z,147.21703,147.22064
2024-01-02T02:23:33.546Z,147.21276,147.21721
2024-01-02T02:23:34.292Z,147.21910,147.22312
2024-01-02T02:23:35.106Z,147.21393,147.21830
2024-01-02T02:23:36.047Z,147.21749,147.22082
2024-01-02T02:23:36.875Z,147.20716,147.21099
2024-01-02T02:23:37.811Z,147.21227,147.21676
2024-01-02T02:23:38.799Z,147.21753,147.22121
2024-01-02T02:23:39.605Z,147.23017,147.23478
2024-01-02T02:23:40.647Z,147.23686,147.24124
2024-01-02T02:23:41.419Z,147.22698,147.23140
2024-01-02T02:23:42.810Z,147.21834,147.22218
2024-01-02T02:23:44.229Z,147.21269,147.21688
2024-01-02T02:23:45.667Z,147.21765,147.22200
2024-01-02T02:23:46.479Z,147.22446,147.22899
2024-01-02T02:23:47.018Z,147.21641,147.22014
2024-01-02T02:23:47.629Z,147.20761,147.21182
2024-01-02T02:23:48.546Z,147.21824,147.22230
2024-01-02T02:23:49.312Z,147.20335,147.20736
2024-01-02T02:23:50.486Z,147.20892,147.21351
2024-01-02T02:23:51.129Z,147.20122,147.20466
2024-01-02T02:23:51.720Z,147.19972,147.20372
2024-01-02T02:23:53.029Z,147.20562,147.20921
2024-01-02T02:23:53.886Z,147.19329,147.19652
2024-01-02T02:23:54.766Z,147.18646,147.19071
2024-01-02T02:23:56.181Z,147.18478,147.18853
2024-01-02T02:23:57.245Z,147.19699,147.20094
2024-01-02T02:23:58.346Z,147.18884,147.19355
2024-01-02T02:23:59.066Z,147.19937,147.20369
2024-01-02T02:24:00.066Z,147.19944,147.20395
2024-01-02T02:24:01.094Z,147.19144,147.19574
2024-01-02T02:24:02.163Z,147.19759,147.20151
2024-01-02T02:24:03.289Z,147.19923,147.20376
2024-01-02T02:24:04.720Z,147.20674,147.20997
2024-01-02T02:24:06.118Z,147.20330,147.20719
2024-01-02T02:24:06.644Z,147.19398,147.19799
2024-01-02T02:24:07.404Z,147.19102,147.19473
2024-01-02T02:24:08.217Z,147.19834,147.20173
2024-01-02T02:24:09.050Z,147.20527,147.20907
2024-01-02T02:24:09.935Z,147.21875,147.22279
2024-01-02T02:24:10.855Z,147.21568,147.22042
2024-01-02T02:24:11.380Z,147.21830,147.22216
2024-01-02T02:24:11.954Z,147.21602,147.21987
2024-01-02T02:24:13.355Z,147.22302,147.22655
2024-01-02T02:24:14.454Z,147.21849,147.22269
2024-01-02T02:24:15.183Z,147.22238,147.22625
2024-01-02T02:24:16.581Z,147.21295,147.21679
2024-01-02T02:24:17.257Z,147.22241,147.22692
2024-01-02T02:24:18.615Z,147.22311,147.22712
2024-01-02T02:24:19.170Z,147.22188,147.22551
2024-01-02T02:24:20.658Z,147.21353,147.21735
2024-01-02T02:24:21.794Z,147.22784,147.23123
2024-01-02T02:24:23.111Z,147.22936,147.23361
2024-01-02T02:24:24.552Z,147.23091,147.23487
2024-01-02T02:24:25.221Z,147.23120,147.23509
2024-01-02T02:24:26.620Z,147.22981,147.23319
2024-01-02T02:24:27.203Z,147.21772,147.22198
2024-01-02T02:24:28.153Z,147.21686,147.22075
2024-01-02T02:24:29.523Z,147.21965,147.22309
2024-01-02T02:24:30.857Z,147.22230,147.22569
2024-01-02T02:24:32.165Z,147.21436,147.21822
2024-01-02T02:24:33.446Z,147.22943,147.23409
2024-01-02T02:24:34.544Z,147.23013,147.23395
2024-01-02T02:24:35.864Z,147.23350,147.23754
2024-01-02T02:24:36.697Z,147.23363,147.23810
2024-01-02T02:24:37.217Z,147.22608,147.22991
2024-01-02T02:24:38.524Z,147.22200,147.22626
2024-01-02T02:24:39.541Z,147.21189,147.21511
2024-01-02T02:24:40.653Z,147.19483,147.19896
2024-01-02T02:24:41.654Z,147.19105,147.19450
2024-01-02T02:24:42.941Z,147.17845,147.18243
2024-01-02T02:24:43.949Z,147.18124,147.18578
2024-01-02T02:24:45.039Z,147.19105,147.19507
2024-01-02T02:24:45.830Z,147.19143,147.19604
2024-01-02T02:24:46.927Z,147.19324,147.19767
2024-01-02T02:24:48.091Z,147.20866,147.21251
2024-01-02T02:24:49.271Z,147.19960,147.20286
2024-01-02T02:24:50.633Z,147.19824,147.20261
2024-01-02T02:24:51.916Z,147.18958,147.19329
2024-01-02T02:24:52.428Z,147.18435,147.18880
2024-01-02T02:24:53.581Z,147.19183,147.19646
2024-01-02T02:24:54.106Z,147.20112,147.20444
2024-01-02T02:24:55.355Z,147.20238,147.20676
2024-01-02T02:24:56.305Z,147.19758,147.20118
2024-01-02T02:24:57.774Z,147.19430,147.19827
2024-01-02T02:24:58.405Z,147.19806,147.20206
2024-01-02T02:24:59.252Z,147.19657,147.20095
2024-01-02T02:24:59.896Z,147.20471,147.20811
2024-01-02T02:25:00.582Z,147.19701,147.20106
2024-01-02T02:25:01.373Z,147.20992,147.21337
2024-01-02T02:25:02.376Z,147.21768,147.22189
2024-01-02T02:25:03.254Z,147.21451,147.21813
2024-01-02T02:25:04.439Z,147.21568,147.21969
2024-01-02T02:25:05.338Z,147.21747,147.22152
2024-01-02T02:25:06.164Z,147.22456,147.22891
2024-01-02T02:25:07.024Z,147.21722,147.22139
2024-01-02T02:25:07.603Z,147.21073,147.21426
2024-01-02T02:25:08.506Z,147.20465,147.20791
2024-01-02T02:25:09.017Z,147.20069,147.20475
2024-01-02T02:25:10.218Z,147.20208,147.20645
2024-01-02T02:25:11.095Z,147.20574,147.20963
2024-01-02T02:25:11.841Z,147.21238,147.21568
2024-01-02T02:25:12.546Z,147.20913,147.21295
2024-01-02T02:25:13.844Z,147.20483,147.20871
2024-01-02T02:25:14.428Z,147.21135,147.21582
2024-01-02T02:25:14.948Z,147.20586,147.21054
2024-01-02T02:25:15.814Z,147.19713,147.20076
2024-01-02T02:25:16.502Z,147.19631,147.19953
2024-01-02T02:25:17.377Z,147.19277,147.19724
2024-01-02T02:25:17.940Z,147.19041,147.19397
2024-01-02T02:25:18.781Z,147.18900,147.19377
2024-01-02T02:25:20.088Z,147.19453,147.19826
2024-01-02T02:25:21.158Z,147.19911,147.20273
2024-01-02T02:25:22.091Z,147.19407,147.19816
2024-01-02T02:25:23.274Z,147.20041,147.20399
2024-01-02T02:25:23.944Z,147.19870,147.20320
2024-01-02T02:25:24.562Z,147.19644,147.19972
2024-01-02T02:25:25.933Z,147.19335,147.19760
2024-01-02T02:25:27.079Z,147.19978,147.20364
2024-01-02T02:25:27.638Z,147.19877,147.20201
2024-01-02T02:25:29.070Z,147.20707,147.21159
2024-01-02T02:25:30.111Z,147.21721,147.22146
2024-01-02T02:25:30.806Z,147.21147,147.21504
2024-01-02T02:25:31.510Z,147.20947,147.21321
2024-01-02T02:25:32.965Z,147.20402,147.20816
2024-01-02T02:25:34.452Z,147.20063,147.20435
2024-01-02T02:25:35.912Z,147.19722,147.20095
2024-01-02T02:25:36.836Z,147.18971,147.19424
2024-01-02T02:25:37.341Z,147.19566,147.19950
2024-01-02T02:25:38.446Z,147.20536,147.20982
2024-01-02T02:25:39.262Z,147.19735,147.20120
2024-01-02T02:25:40.613Z,147.19288,147.19646
2024-01-02T02:25:41.694Z,147.19402,147.19872
2024-01-02T02:25:42.646Z,147.20664,147.21042
2024-01-02T02:25:43.453Z,147.20257,147.20677
2024-01-02T02:25:44.853Z,147.20227,147.20657
2024-01-02T02:25:45.389Z,147.20675,147.21032
2024-01-02T02:25:45.895Z,147.21329,147.21669
2024-01-02T02:25:46.677Z,147.22187,147.22610
2024-01-02T02:25:47.614Z,147.20756,147.21089
2024-01-02T02:25:48.612Z,147.20613,147.21059
2024-01-02T02:25:49.872Z,147.19990,147.20440
2024-01-02T02:25:51.123Z,147.20507,147.20913
2024-01-02T02:25:51.872Z,147.22412,147.22837
2024-01-02T02:25:53.148Z,147.22982,147.23358
2024-01-02T02:25:54.333Z,147.23553,147.24007
2024-01-02T02:25:55.785Z,147.22921,147.23269
2024-01-02T02:25:56.875Z,147.23519,147.23975
2024-01-02T02:25:57.706Z,147.23994,147.24380
2024-01-02T02:25:58.645Z,147.23534,147.23983
2024-01-02T02:25:59.588Z,147.23238,147.23563
2024-01-02T02:26:00.967Z,147.23232,147.23660
2024-01-02T02:26:01.753Z,147.24081,147.24478
2024-01-02T02:26:03.134Z,147.24419,147.24834
2024-01-02T02:26:03.947Z,147.24700,147.25164
2024-01-02T02:26:04.768Z,147.24136,147.24457
2024-01-02T02:26:05.718Z,147.24678,147.25098
2024-01-02T02:26:06.406Z,147.24569,147.24897
2024-01-02T02:26:07.475Z,147.25434,147.25877
2024-01-02T02:26:08.839Z,147.24380,147.24795
2024-01-02T02:26:09.821Z,147.23191,147.23522
2024-01-02T02:26:10.775Z,147.22816,147.23238
2024-01-02T02:26:12.213Z,147.23109,147.23521
2024-01-02T02:26:12.873Z,147.22196,147.22581
2024-01-02T02:26:14.238Z,147.22485,147.22959
2024-01-02T02:26:14.928Z,147.22446,147.22837
2024-01-02T02:26:16.021Z,147.23078,147.23422
2024-01-02T02:26:16.894Z,147.22200,147.22675
2024-01-02T02:26:18.373Z,147.22470,147.22800
2024-01-02T02:26:18.983Z,147.21391,147.21778
2024-01-02T02:26:20.328Z,147.20900,147.21376
2024-01-02T02:26:21.406Z,147.20087,147.20428
2024-01-02T02:26:22.296Z,147.19064,147.19513
2024-01-02T02:26:23.238Z,147.20417,147.20836
2024-01-02T02:26:24.734Z,147.20524,147.21004
2024-01-02T02:26:25.742Z,147.20292,147.20770
2024-01-02T02:26:27.130Z,147.21342,147.21789
2024-01-02T02:26:27.857Z,147.21453,147.21841
2024-01-02T02:26:28.873Z,147.21133,147.21510
2024-01-02T02:26:29.706Z,147.21886,147.22214
2024-01-02T02:26:31.070Z,147.21841,147.22319
2024-01-02T02:26:32.343Z,147.20876,147.21225
2024-01-02T02:26:32.992Z,147.20620,147.21036
2024-01-02T02:26:33.703Z,147.21816,147.22229
2024-01-02T02:26:35.196Z,147.20587,147.21055
2024-01-02T02:26:36.553Z,147.20948,147.21363
2024-01-02T02:26:37.099Z,147.20742,147.21167
2024-01-02T02:26:38.264Z,147.21672,147.22042
2024-01-02T02:26:38.783Z,147.22453,147.22860
2024-01-02T02:26:40.074Z,147.21450,147.21771
2024-01-02T02:26:40.748Z,147.21215,147.21608
2024-01-02T02:26:41.663Z,147.21628,147.22004
2024-01-02T02:26:42.770Z,147.21411,147.21733
2024-01-02T02:26:43.538Z,147.20752,147.21209
2024-01-02T02:26:44.091Z,147.22110,147.22492
2024-01-02T02:26:44.775Z,147.22736,147.23135
2024-01-02T02:26:45.831Z,147.23156,147.23564
2024-01-02T02:26:46.625Z,147.22264,147.22682
2024-01-02T02:26:47.336Z,147.21736,147.22156
2024-01-02T02:26:48.833Z,147.21521,147.21928
2024-01-02T02:26:49.889Z,147.21249,147.21705
2024-01-02T02:26:50.965Z,147.21971,147.22424
2024-01-02T02:26:52.204Z,147.21263,147.21591
2024-01-02T02:26:53.369Z,147.20898,147.21222
2024-01-02T02:26:53.894Z,147.20971,147.21427
2024-01-02T02:26:54.736Z,147.22646,147.22984
2024-01-02T02:26:55.885Z,147.22598,147.22954
2024-01-02T02:26:56.844Z,147.23272,147.23649
2024-01-02T02:26:58.175Z,147.22708,147.23144
2024-01-02T02:26:59.415Z,147.21459,147.21882
2024-01-02T02:27:00.512Z,147.21736,147.22166
2024-01-02T02:27:01.019Z,147.21475,147.21903
2024-01-02T02:27:02.138Z,147.20784,147.21145
2024-01-02T02:27:03.042Z,147.20946,147.21282
2024-01-02T02:27:04.143Z,147.22417,147.22866
2024-01-02T02:27:05.363Z,147.22258,147.22719
2024-01-02T02:27:06.093Z,147.21395,147.21752
2024-01-02T02:27:06.886Z,147.20943,147.21399
2024-01-02T02:27:07.549Z,147.19718,147.20162
2024-01-02T02:27:08.158Z,147.19965,147.20437
2024-01-02T02:27:08.814Z,147.21085,147.21498
2024-01-02T02:27:10.291Z,147.20408,147.20823
2024-01-02T02:27:11.215Z,147.20087,147.20487
2024-01-02T02:27:12.409Z,147.20244,147.20654
2024-01-02T02:27:12.918Z,147.19413,147.19752
2024-01-02T02:27:13.758Z,147.19390,147.19802
2024-01-02T02:27:14.574Z,147.19265,147.19606
2024-01-02T02:27:15.951Z,147.19264,147.19626
2024-01-02T02:27:17.368Z,147.19319,147.19683
2024-01-02T02:27:18.470Z,147.18679,147.19053
2024-01-02T02:27:19.537Z,147.17866,147.18264
2024-01-02T02:27:20.901Z,147.17655,147.18121
2024-01-02T02:27:22.329Z,147.18665,147.19126
2024-01-02T02:27:22.954Z,147.17776,147.18218
2024-01-02T02:27:23.528Z,147.18871,147.19319
2024-01-02T02:27:24.559Z,147.18835,147.19244
2024-01-02T02:27:25.643Z,147.19203,147.19595
2024-01-02T02:27:26.685Z,147.19967,147.20408
2024-01-02T02:27:27.724Z,147.19422,147.19873
2024-01-02T02:27:28.818Z,147.18526,147.18981
2024-01-02T02:27:30.100Z,147.18434,147.18902
2024-01-02T02:27:31.557Z,147.18696,147.19086
2024-01-02T02:27:33.009Z,147.17801,147.18259
2024-01-02T02:27:34.188Z,147.17569,147.17983
2024-01-02T02:27:35.250Z,147.18244,147.18712
2024-01-02T02:27:36.536Z,147.18776,147.19244
2024-01-02T02:27:37.870Z,147.19872,147.20270
2024-01-02T02:27:38.891Z,147.19069,147.19472
2024-01-02T02:27:40.375Z,147.18990,147.19350
2024-01-02T02:27:41.533Z,147.19727,147.20087
2024-01-02T02:27:42.669Z,147.19082,147.19436
2024-01-02T02:27:43.806Z,147.19281,147.19616
2024-01-02T02:27:44.340Z,147.19399,147.19866
2024-01-02T02:27:45.733Z,147.19415,147.19836
2024-01-02T02:27:46.897Z,147.20804,147.21263
2024-01-02T02:27:47.755Z,147.22119,147.22591
2024-01-02T02:27:48.373Z,147.22130,147.22602
2024-01-02T02:27:49.002Z,147.21363,147.21811
2024-01-02T02:27:50.167Z,147.22475,147.22855
2024-01-02T02:27:51.439Z,147.22331,147.22787
2024-01-02T02:27:52.898Z,147.22159,147.22538
2024-01-02T02:27:53.417Z,147.23431,147.23796
2024-01-02T02:27:53.998Z,147.23618,147.23949
2024-01-02T02:27:54.678Z,147.23971,147.24301
2024-01-02T02:27:55.551Z,147.23740,147.24065
2024-01-02T02:27:56.509Z,147.23354,147.23701
2024-01-02T02:27:57.014Z,147.23195,147.23618
2024-01-02T02:27:58.383Z,147.22802,147.23176
2024-01-02T02:27:59.814Z,147.23415,147.23773
2024-01-02T02:28:00.519Z,147.23551,147.23966
2024-01-02T02:28:02.011Z,147.23993,147.24380
2024-01-02T02:28:02.796Z,147.24593,147.24991
2024-01-02T02:28:03.365Z,147.24425,147.24842
2024-01-02T02:28:03.902Z,147.24857,147.25233
2024-01-02T02:28:04.820Z,147.23924,147.24388
2024-01-02T02:28:06.172Z,147.23584,147.23982
2024-01-02T02:28:06.734Z,147.23024,147.23443
2024-01-02T02:28:08.052Z,147.22458,147.22809
2024-01-02T02:28:09.166Z,147.22945,147.23336
2024-01-02T02:28:09.736Z,147.23633,147.23979
2024-01-02T02:28:10.863Z,147.23249,147.23698
2024-01-02T02:28:11.871Z,147.23366,147.23771
2024-01-02T02:28:12.897Z,147.23964,147.24386
2024-01-02T02:28:13.462Z,147.23720,147.24196
2024-01-02T02:28:14.180Z,147.24630,147.25082
2024-01-02T02:28:15.484Z,147.23842,147.24321
2024-01-02T02:28:16.408Z,147.23590,147.23935
2024-01-02T02:28:17.701Z,147.22697,147.23035
2024-01-02T02:28:19.168Z,147.22231,147.22651
2024-01-02T02:28:20.337Z,147.21832,147.22248
2024-01-02T02:28:21.604Z,147.22278,147.22647
2024-01-02T02:28:22.830Z,147.21210,147.21636
2024-01-02T02:28:23.981Z,147.19699,147.20050
2024-01-02T02:28:24.807Z,147.19776,147.20170
2024-01-02T02:28:25.374Z,147.19629,147.20085
2024-01-02T02:28:26.140Z,147.20339,147.20745
2024-01-02T02:28:27.381Z,147.18628,147.19008
2024-01-02T02:28:28.096Z,147.19623,147.20084
2024-01-02T02:28:29.425Z,147.20462,147.20870
2024-01-02T02:28:30.154Z,147.20981,147.21384
2024-01-02T02:28:30.939Z,147.21281,147.21671
2024-01-02T02:28:31.912Z,147.22529,147.23001
2024-01-02T02:28:32.678Z,147.23512,147.23964
2024-01-02T02:28:34.139Z,147.25228,147.25586
2024-01-02T02:28:34.857Z,147.24825,147.25187
2024-01-02T02:28:35.504Z,147.24148,147.24528
2024-01-02T02:28:36.542Z,147.25662,147.25986
2024-01-02T02:28:37.617Z,147.25084,147.25439
2024-01-02T02:28:39.109Z,147.25107,147.25560
2024-01-02T02:28:39.731Z,147.24029,147.24360
2024-01-02T02:28:40.292Z,147.23096,147.23539
2024-01-02T02:28:41.777Z,147.23963,147.24319
2024-01-02T02:28:43.180Z,147.24213,147.24540
2024-01-02T02:28:44.561Z,147.23638,147.23995
2024-01-02T02:28:45.445Z,147.23743,147.24144
2024-01-02T02:28:46.298Z,147.22144,147.22599
2024-01-02T02:28:47.474Z,147.21606,147.22047
2024-01-02T02:28:48.924Z,147.22153,147.22478
2024-01-02T02:28:49.812Z,147.22004,147.22375
2024-01-02T02:28:50.582Z,147.21019,147.21343
2024-01-02T02:28:51.899Z,147.20505,147.20868
2024-01-02T02:28:53.250Z,147.22015,147.22434
2024-01-02T02:28:54.378Z,147.21762,147.22226
2024-01-02T02:28:55.195Z,147.22959,147.23363
2024-01-02T02:28:56.654Z,147.22506,147.22953
2024-01-02T02:28:58.098Z,147.23224,147.23640
2024-01-02T02:28:58.624Z,147.22146,147.22491
2024-01-02T02:28:59.274Z,147.20981,147.21411
2024-01-02T02:28:59.811Z,147.21384,147.21816
2024-01-02T02:29:00.668Z,147.21263,147.21729
2024-01-02T02:29:01.188Z,147.21535,147.21904
2024-01-02T02:29:02.336Z,147.22773,147.23214
2024-01-02T02:29:03.700Z,147.23419,147.23828
2024-01-02T02:29:04.330Z,147.21754,147.22211
2024-01-02T02:29:05.362Z,147.22282,147.22667
2024-01-02T02:29:06.625Z,147.22045,147.22522
2024-01-02T02:29:07.968Z,147.20526,147.20967
2024-01-02T02:29:09.108Z,147.21026,147.21399
2024-01-02T02:29:10.431Z,147.20987,147.21455
2024-01-02T02:29:11.550Z,147.21649,147.22025
2024-01-02T02:29:12.915Z,147.23176,147.23638
2024-01-02T02:29:13.797Z,147.23148,147.23477
2024-01-02T02:29:15.000Z,147.22950,147.23409
2024-01-02T02:29:15.537Z,147.22046,147.22408
2024-01-02T02:29:16.869Z,147.21246,147.21632
2024-01-02T02:29:18.059Z,147.20548,147.20895
2024-01-02T02:29:18.861Z,147.19627,147.20041
2024-01-02T02:29:19.737Z,147.18953,147.19425
2024-01-02T02:29:20.873Z,147.18923,147.19351
2024-01-02T02:29:22.016Z,147.17579,147.17902
2024-01-02T02:29:22.980Z,147.17529,147.17961
2024-01-02T02:29:23.557Z,147.17366,147.17791
2024-01-02T02:29:24.605Z,147.16678,147.17040
2024-01-02T02:29:25.394Z,147.16332,147.16787
2024-01-02T02:29:26.282Z,147.14985,147.15427
2024-01-02T02:29:26.919Z,147.13257,147.13624
2024-01-02T02:29:28.016Z,147.11767,147.12239
2024-01-02T02:29:28.792Z,147.11892,147.12261
2024-01-02T02:29:29.877Z,147.10596,147.10969
2024-01-02T02:29:30.563Z,147.11065,147.11455
2024-01-02T02:29:31.910Z,147.10717,147.11138
2024-01-02T02:29:33.104Z,147.11276,147.11697
2024-01-02T02:29:33.707Z,147.10770,147.11183
2024-01-02T02:29:35.184Z,147.10954,147.11295
2024-01-02T02:29:36.278Z,147.10802,147.11216
2024-01-02T02:29:36.838Z,147.09812,147.10133
2024-01-02T02:29:38.023Z,147.10603,147.10997
2024-01-02T02:29:38.779Z,147.10844,147.11217
2024-01-02T02:29:39.954Z,147.09783,147.10109
2024-01-02T02:29:40.997Z,147.09558,147.10012
2024-01-02T02:29:41.633Z,147.09920,147.10301
2024-01-02T02:29:42.545Z,147.08637,147.09061
2024-01-02T02:29:43.147Z,147.08557,147.08914
2024-01-02T02:29:43.829Z,147.08441,147.08892
2024-01-02T02:29:44.720Z,147.09119,147.09538
2024-01-02T02:29:45.654Z,147.10299,147.10683
2024-01-02T02:29:47.048Z,147.10879,147.11242
2024-01-02T02:29:47.925Z,147.11323,147.11784
2024-01-02T02:29:49.001Z,147.11608,147.11941
2024-01-02T02:29:50.167Z,147.10660,147.11067
2024-01-02T02:29:51.592Z,147.11582,147.11969
2024-01-02T02:29:53.071Z,147.10898,147.11267
2024-01-02T02:29:54.391Z,147.09818,147.10217
2024-01-02T02:29:55.716Z,147.10643,147.11112
2024-01-02T02:29:57.144Z,147.10198,147.10567
2024-01-02T02:29:58.633Z,147.10787,147.11182
2024-01-02T02:29:59.324Z,147.09814,147.10163
2024-01-02T02:30:00.374Z,147.09740,147.10119
2024-01-02T02:30:01.854Z,147.09738,147.10073
2024-01-02T02:30:02.937Z,147.09755,147.10086
2024-01-02T02:30:03.879Z,147.10952,147.11319
2024-01-02T02:30:04.872Z,147.11501,147.11842
2024-01-02T02:30:05.719Z,147.11409,147.11851
2024-01-02T02:30:06.224Z,147.10154,147.10566
2024-01-02T02:30:06.747Z,147.10740,147.11083
2024-01-02T02:30:08.174Z,147.10467,147.10871
2024-01-02T02:30:09.571Z,147.10456,147.10886
2024-01-02T02:30:10.534Z,147.10159,147.10625
2024-01-02T02:30:11.477Z,147.09673,147.10036
2024-01-02T02:30:12.168Z,147.09288,147.09763
2024-01-02T02:30:13.606Z,147.09300,147.09688
2024-01-02T02:30:14.599Z,147.09770,147.10113
2024-01-02T02:30:15.911Z,147.08693,147.09033
2024-01-02T02:30:16.873Z,147.08068,147.08502
2024-01-02T02:30:17.712Z,147.08556,147.08962
2024-01-02T02:30:19.199Z,147.08420,147.08852
2024-01-02T02:30:20.658Z,147.09612,147.09952
2024-01-02T02:30:21.754Z,147.08270,147.08665
2024-01-02T02:30:22.290Z,147.07391,147.07722
2024-01-02T02:30:22.832Z,147.07858,147.08306
2024-01-02T02:30:23.535Z,147.09019,147.09360
2024-01-02T02:30:24.721Z,147.09382,147.09813
2024-01-02T02:30:26.144Z,147.10263,147.10608
2024-01-02T02:30:27.529Z,147.10546,147.10944
2024-01-02T02:30:28.919Z,147.09636,147.10026
2024-01-02T02:30:30.116Z,147.09234,147.09606
2024-01-02T02:30:31.552Z,147.08932,147.09407
2024-01-02T02:30:32.822Z,147.09424,147.09839
2024-01-02T02:30:33.825Z,147.09299,147.09774
2024-01-02T02:30:34.867Z,147.09074,147.09513
2024-01-02T02:30:35.827Z,147.08410,147.08850
2024-01-02T02:30:37.314Z,147.07766,147.08243
2024-01-02T02:30:38.563Z,147.07101,147.07574
2024-01-02T02:30:39.612Z,147.06774,147.07136
2024-01-02T02:30:40.692Z,147.05382,147.05729
2024-01-02T02:30:42.120Z,147.05004,147.05440
2024-01-02T02:30:42.994Z,147.06354,147.06807
2024-01-02T02:30:44.120Z,147.05865,147.06291
2024-01-02T02:30:45.017Z,147.05322,147.05791
2024-01-02T02:30:46.507Z,147.04394,147.04733
2024-01-02T02:30:47.630Z,147.05739,147.06175
2024-01-02T02:30:48.431Z,147.05338,147.05668
2024-01-02T02:30:48.959Z,147.06108,147.06494
2024-01-02T02:30:50.382Z,147.06267,147.06724
2024-01-02T02:30:51.619Z,147.06896,147.07357
2024-01-02T02:30:52.737Z,147.07132,147.07507
2024-01-02T02:30:53.370Z,147.07265,147.07692
2024-01-02T02:30:54.319Z,147.05860,147.06251
2024-01-02T02:30:55.380Z,147.05447,147.05774
2024-01-02T02:30:56.754Z,147.05916,147.06364
2024-01-02T02:30:58.010Z,147.04904,147.05266
2024-01-02T02:30:59.194Z,147.04574,147.04911
2024-01-02T02:31:00.065Z,147.04113,147.04467
2024-01-02T02:31:01.518Z,147.04755,147.05097
2024-01-02T02:31:02.111Z,147.04416,147.04742
2024-01-02T02:31:03.404Z,147.04224,147.04684
2024-01-02T02:31:04.632Z,147.04875,147.05261
2024-01-02T02:31:05.349Z,147.06259,147.06677
2024-01-02T02:31:06.556Z,147.06401,147.06794
2024-01-02T02:31:07.684Z,147.06039,147.06383
2024-01-02T02:31:08.495Z,147.06889,147.07277
2024-01-02T02:31:09.883Z,147.06538,147.06960
2024-01-02T02:31:11.090Z,147.04889,147.05283
2024-01-02T02:31:12.560Z,147.04937,147.05371
2024-01-02T02:31:13.887Z,147.04778,147.05238
2024-01-02T02:31:15.085Z,147.05084,147.05461
2024-01-02T02:31:16.359Z,147.04603,147.05002
2024-01-02T02:31:17.829Z,147.04665,147.05123
2024-01-02T02:31:19.090Z,147.03255,147.03641
2024-01-02T02:31:20.558Z,147.02460,147.02908
2024-01-02T02:31:21.339Z,147.02142,147.02546
2024-01-02T02:31:22.709Z,147.00693,147.01129
2024-01-02T02:31:24.018Z,147.00115,147.00573
2024-01-02T02:31:24.686Z,147.00223,147.00651
2024-01-02T02:31:25.756Z,147.01607,147.01987
2024-01-02T02:31:26.447Z,147.01943,147.02363
2024-01-02T02:31:27.756Z,147.01270,147.01741
2024-01-02T02:31:28.775Z,147.01987,147.02351
2024-01-02T02:31:29.983Z,147.02655,147.03006
2024-01-02T02:31:31.103Z,147.02122,147.02478
2024-01-02T02:31:32.082Z,147.01320,147.01751
2024-01-02T02:31:33.532Z,147.01164,147.01616
2024-01-02T02:31:34.912Z,147.00805,147.01217
2024-01-02T02:31:36.169Z,147.01834,147.02284
2024-01-02T02:31:37.438Z,147.02677,147.03018
2024-01-02T02:31:38.780Z,147.03835,147.04194
2024-01-02T02:31:39.438Z,147.03560,147.03928
2024-01-02T02:31:40.072Z,147.03640,147.04119
2024-01-02T02:31:40.875Z,147.02835,147.03173
2024-01-02T02:31:41.671Z,147.03413,147.03801
2024-01-02T02:31:43.151Z,147.02764,147.03218
2024-01-02T02:31:43.962Z,147.03840,147.04257
2024-01-02T02:31:44.530Z,147.03783,147.04216
2024-01-02T02:31:45.726Z,147.04301,147.04627
2024-01-02T02:31:47.161Z,147.04015,147.04359
2024-01-02T02:31:47.721Z,147.03453,147.03854
2024-01-02T02:31:48.519Z,147.04164,147.04504
2024-01-02T02:31:49.481Z,147.04166,147.04634
2024-01-02T02:31:50.421Z,147.03556,147.03967
2024-01-02T02:31:51.505Z,147.02710,147.03184
2024-01-02T02:31:52.180Z,147.00754,147.01113
2024-01-02T02:31:53.539Z,147.00972,147.01356
2024-01-02T02:31:54.229Z,147.01317,147.01785
2024-01-02T02:31:55.487Z,147.01860,147.02200
2024-01-02T02:31:56.979Z,147.02178,147.02650
2024-01-02T02:31:57.583Z,147.02679,147.03113
2024-01-02T02:31:58.902Z,147.03345,147.03794
2024-01-02T02:31:59.771Z,147.02564,147.03042
2024-01-02T02:32:01.240Z,147.02767,147.03116
2024-01-02T02:32:01.748Z,147.02168,147.02624
2024-01-02T02:32:02.888Z,147.01125,147.01469
2024-01-02T02:32:04.021Z,147.00810,147.01215
2024-01-02T02:32:04.943Z,147.01627,147.01975
2024-01-02T02:32:06.011Z,147.00876,147.01202
2024-01-02T02:32:06.975Z,147.01252,147.01670
2024-01-02T02:32:07.494Z,147.01290,147.01627
2024-01-02T02:32:08.976Z,147.01192,147.01658
2024-01-02T02:32:09.670Z,147.00302,147.00754
2024-01-02T02:32:10.569Z,146.99977,147.00438
2024-01-02T02:32:11.944Z,146.99472,146.99940
2024-01-02T02:32:13.387Z,146.99212,146.99631
2024-01-02T02:32:14.205Z,146.98081,146.98485
2024-01-02T02:32:15.335Z,146.96574,146.96950
2024-01-02T02:32:16.136Z,146.95542,146.95903
2024-01-02T02:32:16.752Z,146.95891,146.96248
2024-01-02T02:32:18.092Z,146.95289,146.95738
2024-01-02T02:32:18.764Z,146.95861,146.96308
2024-01-02T02:32:19.407Z,146.96093,146.96536
2024-01-02T02:32:20.457Z,146.95952,146.96310
2024-01-02T02:32:21.292Z,146.96172,146.96591
2024-01-02T02:32:22.680Z,146.95249,146.95648
2024-01-02T02:32:23.567Z,146.96201,146.96587
2024-01-02T02:32:25.028Z,146.95044,146.95450
2024-01-02T02:32:26.001Z,146.93716,146.94122
2024-01-02T02:32:27.454Z,146.92669,146.93080
2024-01-02T02:32:28.031Z,146.92450,146.92906
2024-01-02T02:32:29.186Z,146.92565,146.92989
2024-01-02T02:32:30.356Z,146.92812,146.93141
2024-01-02T02:32:31.289Z,146.92590,146.92991
2024-01-02T02:32:32.107Z,146.91852,146.92258
2024-01-02T02:32:33.281Z,146.91350,146.91818
2024-01-02T02:32:34.055Z,146.90443,146.90787
2024-01-02T02:32:34.830Z,146.90468,146.90808
2024-01-02T02:32:35.696Z,146.89989,146.90337
2024-01-02T02:32:36.492Z,146.89528,146.89966
2024-01-02T02:32:37.456Z,146.90851,146.91239
2024-01-02T02:32:38.111Z,146.90316,146.90795
2024-01-02T02:32:38.657Z,146.89490,146.89879
2024-01-02T02:32:39.910Z,146.89549,146.89984
2024-01-02T02:32:40.645Z,146.89490,146.89865
2024-01-02T02:32:41.829Z,146.89633,146.90076
2024-01-02T02:32:42.593Z,146.88063,146.88526
2024-01-02T02:32:43.354Z,146.86827,146.87178
2024-01-02T02:32:44.322Z,146.85121,146.85456
2024-01-02T02:32:45.310Z,146.86252,146.86584
2024-01-02T02:32:46.630Z,146.85550,146.85960
2024-01-02T02:32:47.601Z,146.84151,146.84473
2024-01-02T02:32:48.453Z,146.83903,146.84252
2024-01-02T02:32:49.218Z,146.83284,146.83643
2024-01-02T02:32:50.256Z,146.82556,146.82910
2024-01-02T02:32:50.934Z,146.81578,146.81904
2024-01-02T02:32:52.171Z,146.79958,146.80329
2024-01-02T02:32:53.220Z,146.79867,146.80328
2024-01-02T02:32:53.731Z,146.79161,146.79534
2024-01-02T02:32:54.788Z,146.79765,146.80121
2024-01-02T02:32:55.570Z,146.79917,146.80343
2024-01-02T02:32:57.060Z,146.80242,146.80688
2024-01-02T02:32:57.740Z,146.80120,146.80498
2024-01-02T02:32:58.465Z,146.80630,146.80985
2024-01-02T02:32:59.409Z,146.79750,146.80211
2024-01-02T02:33:00.773Z,146.78811,146.79230
2024-01-02T02:33:01.524Z,146.78001,146.78346
2024-01-02T02:33:02.553Z,146.77118,146.77495
2024-01-02T02:33:03.630Z,146.76459,146.76869
2024-01-02T02:33:04.690Z,146.76958,146.77375
2024-01-02T02:33:05.387Z,146.76635,146.77019
2024-01-02T02:33:05.989Z,146.75757,146.76159
2024-01-02T02:33:06.703Z,146.75590,146.76032
2024-01-02T02:33:07.301Z,146.75028,146.75351
2024-01-02T02:33:08.337Z,146.75493,146.75879
2024-01-02T02:33:09.549Z,146.75746,146.76175
2024-01-02T02:33:10.438Z,146.75881,146.76262
2024-01-02T02:33:11.304Z,146.75281,146.75718
2024-01-02T02:33:12.457Z,146.73663,146.74030
2024-01-02T02:33:13.388Z,146.73762,146.74222
2024-01-02T02:33:14.290Z,146.74996,146.75359
2024-01-02T02:33:15.336Z,146.74430,146.74879
2024-01-02T02:33:16.744Z,146.74663,146.75127
2024-01-02T02:33:17.253Z,146.74146,146.74585
2024-01-02T02:33:18.715Z,146.74960,146.75402
2024-01-02T02:33:20.193Z,146.74098,146.74559
2024-01-02T02:33:20.921Z,146.74021,146.74386
2024-01-02T02:33:22.244Z,146.74778,146.75227
2024-01-02T02:33:22.826Z,146.74464,146.74834
2024-01-02T02:33:23.499Z,146.73144,146.73467
2024-01-02T02:33:24.718Z,146.71955,146.72333
2024-01-02T02:33:25.846Z,146.71828,146.72272
2024-01-02T02:33:26.714Z,146.70196,146.70637
2024-01-02T02:33:27.860Z,146.69616,146.70051
2024-01-02T02:33:29.057Z,146.69730,146.70167
2024-01-02T02:33:30.555Z,146.68949,146.69392
2024-01-02T02:33:31.765Z,146.69922,146.70281
2024-01-02T02:33:32.543Z,146.69365,146.69795
2024-01-02T02:33:33.411Z,146.69118,146.69539
2024-01-02T02:33:34.556Z,146.70463,146.70790
2024-01-02T02:33:35.248Z,146.69652,146.70004
2024-01-02T02:33:36.668Z,146.69302,146.69706
2024-01-02T02:33:37.344Z,146.68992,146.69415
2024-01-02T02:33:38.108Z,146.69590,146.69986
2024-01-02T02:33:38.675Z,146.68766,146.69230
2024-01-02T02:33:40.160Z,146.67800,146.68132
2024-01-02T02:33:41.607Z,146.68040,146.68512
2024-01-02T02:33:42.242Z,146.68022,146.68462
2024-01-02T02:33:43.298Z,146.67655,146.68066
2024-01-02T02:33:44.747Z,146.67673,146.68061
2024-01-02T02:33:45.898Z,146.67843,146.68266
2024-01-02T02:33:47.307Z,146.66184,146.66533
2024-01-02T02:33:48.052Z,146.66360,146.66762
2024-01-02T02:33:48.691Z,146.65563,146.65935
2024-01-02T02:33:49.464Z,146.66366,146.66783
2024-01-02T02:33:50.743Z,146.66915,146.67273
2024-01-02T02:33:51.320Z,146.67240,146.67644
2024-01-02T02:33:52.009Z,146.67289,146.67747
2024-01-02T02:33:53.087Z,146.66909,146.67279
2024-01-02T02:33:53.939Z,146.66573,146.67029
2024-01-02T02:33:55.126Z,146.66537,146.67009
2024-01-02T02:33:56.491Z,146.64428,146.64817
2024-01-02T02:33:57.597Z,146.64637,146.65037
2024-01-02T02:33:58.498Z,146.64624,146.65027
2024-01-02T02:33:59.388Z,146.64660,146.65092
2024-01-02T02:34:00.882Z,146.64458,146.64789
2024-01-02T02:34:01.872Z,146.64433,146.64812
2024-01-02T02:34:02.616Z,146.63559,146.64014
2024-01-02T02:34:03.956Z,146.63029,146.63376
2024-01-02T02:34:04.792Z,146.64059,146.64386
2024-01-02T02:34:05.498Z,146.62467,146.62894
2024-01-02T02:34:06.408Z,146.60472,146.60897
2024-01-02T02:34:07.126Z,146.60509,146.60890
2024-01-02T02:34:08.344Z,146.60730,146.61187
2024-01-02T02:34:09.394Z,146.60791,146.61183
2024-01-02T02:34:10.817Z,146.59591,146.60052
2024-01-02T02:34:11.620Z,146.59602,146.60054
2024-01-02T02:34:12.300Z,146.58687,146.59103
2024-01-02T02:34:12.860Z,146.58586,146.59047
2024-01-02T02:34:13.770Z,146.58924,146.59291
2024-01-02T02:34:14.591Z,146.59200,146.59625
2024-01-02T02:34:16.073Z,146.59178,146.59620
2024-01-02T02:34:17.430Z,146.58879,146.59318
2024-01-02T02:34:18.137Z,146.58245,146.58667
2024-01-02T02:34:19.317Z,146.58129,146.58532
2024-01-02T02:34:20.589Z,146.57437,146.57844
2024-01-02T02:34:21.566Z,146.57867,146.58264
2024-01-02T02:34:22.865Z,146.57314,146.57692
2024-01-02T02:34:23.951Z,146.56855,146.57292
2024-01-02T02:34:25.386Z,146.56626,146.57092
2024-01-02T02:34:26.037Z,146.55856,146.56206
2024-01-02T02:34:26.595Z,146.55898,146.56324
2024-01-02T02:34:27.421Z,146.56587,146.56937
2024-01-02T02:34:28.820Z,146.57246,146.57677
2024-01-02T02:34:29.410Z,146.57106,146.57571
2024-01-02T02:34:30.098Z,146.56368,146.56734
2024-01-02T02:34:31.139Z,146.56288,146.56619
2024-01-02T02:34:31.938Z,146.55425,146.55797
2024-01-02T02:34:32.968Z,146.54276,146.54709
2024-01-02T02:34:33.645Z,146.53798,146.54218
2024-01-02T02:34:34.397Z,146.54069,146.54462
2024-01-02T02:34:35.259Z,146.54228,146.54640
2024-01-02T02:34:36.523Z,146.54692,146.55133
2024-01-02T02:34:37.247Z,146.55359,146.55833
2024-01-02T02:34:38.658Z,146.55433,146.55869
2024-01-02T02:34:39.864Z,146.54049,146.54520
2024-01-02T02:34:40.894Z,146.54957,146.55277
2024-01-02T02:34:42.198Z,146.54786,146.55198
2024-01-02T02:34:43.636Z,146.53212,146.53534
2024-01-02T02:34:44.742Z,146.52771,146.53217
2024-01-02T02:34:45.919Z,146.54889,146.55277
2024-01-02T02:34:47.223Z,146.54533,146.54855
2024-01-02T02:34:47.897Z,146.54997,146.55337
2024-01-02T02:34:48.774Z,146.54946,146.55302
2024-01-02T02:34:50.057Z,146.54401,146.54805
2024-01-02T02:34:51.191Z,146.54910,146.55276
2024-01-02T02:34:52.004Z,146.55351,146.55826
2024-01-02T02:34:52.787Z,146.54537,146.54862
2024-01-02T02:34:53.474Z,146.54117,146.54551
2024-01-02T02:34:54.320Z,146.52562,146.52980
2024-01-02T02:34:54.848Z,146.53005,146.53398
2024-01-02T02:34:56.332Z,146.53051,146.53440
2024-01-02T02:34:57.167Z,146.53090,146.53564
2024-01-02T02:34:58.451Z,146.53674,146.54003
2024-01-02T02:34:59.668Z,146.52835,146.53177
2024-01-02T02:35:01.010Z,146.53117,146.53474
2024-01-02T02:35:01.769Z,146.53650,146.54096
2024-01-02T02:35:03.164Z,146.53260,146.53693
2024-01-02T02:35:03.842Z,146.53617,146.53991
2024-01-02T02:35:05.039Z,146.53207,146.53665
2024-01-02T02:35:05.662Z,146.53251,146.53634
2024-01-02T02:35:06.456Z,146.52225,146.52684
2024-01-02T02:35:07.651Z,146.50930,146.51346
2024-01-02T02:35:08.970Z,146.51615,146.51968
2024-01-02T02:35:09.493Z,146.51633,146.52109
2024-01-02T02:35:10.956Z,146.51594,146.51925
2024-01-02T02:35:12.415Z,146.51471,146.51812
2024-01-02T02:35:12.915Z,146.50732,146.51115
2024-01-02T02:35:13.550Z,146.52472,146.52914
2024-01-02T02:35:14.056Z,146.52205,146.52533
2024-01-02T02:35:15.240Z,146.52289,146.52677
2024-01-02T02:35:16.080Z,146.52367,146.52789
2024-01-02T02:35:17.478Z,146.52484,146.52810
2024-01-02T02:35:18.422Z,146.52107,146.52521
2024-01-02T02:35:19.853Z,146.53755,146.54222
2024-01-02T02:35:20.391Z,146.53817,146.54292
2024-01-02T02:35:21.410Z,146.54390,146.54737
2024-01-02T02:35:22.506Z,146.53668,146.54087
2024-01-02T02:35:23.699Z,146.54254,146.54579
2024-01-02T02:35:24.814Z,146.53719,146.54167
2024-01-02T02:35:25.530Z,146.53647,146.54096
2024-01-02T02:35:26.823Z,146.55035,146.55364
2024-01-02T02:35:27.659Z,146.55169,146.55633
2024-01-02T02:35:28.452Z,146.53433,146.53902
2024-01-02T02:35:29.483Z,146.54600,146.54972
2024-01-02T02:35:30.558Z,146.55780,146.56109
2024-01-02T02:35:32.040Z,146.54761,146.55128
2024-01-02T02:35:33.264Z,146.54103,146.54506
2024-01-02T02:35:33.776Z,146.54867,146.55313
2024-01-02T02:35:34.670Z,146.55000,146.55351
2024-01-02T02:35:36.150Z,146.53181,146.53569
2024-01-02T02:35:36.673Z,146.52680,146.53068
2024-01-02T02:35:37.825Z,146.51968,146.52387
2024-01-02T02:35:38.802Z,146.51788,146.52149
2024-01-02T02:35:39.993Z,146.52053,146.52399
2024-01-02T02:35:41.270Z,146.52868,146.53280
2024-01-02T02:35:41.877Z,146.54424,146.54791
2024-01-02T02:35:43.341Z,146.54017,146.54491
2024-01-02T02:35:44.635Z,146.53893,146.54340
2024-01-02T02:35:45.627Z,146.53389,146.53768
2024-01-02T02:35:46.457Z,146.51960,146.52412
2024-01-02T02:35:47.689Z,146.52298,146.52670
2024-01-02T02:35:48.401Z,146.52785,146.53193
2024-01-02T02:35:49.393Z,146.53573,146.54041
2024-01-02T02:35:50.339Z,146.51270,146.51667
2024-01-02T02:35:51.582Z,146.51179,146.51623
2024-01-02T02:35:52.226Z,146.51553,146.51880
2024-01-02T02:35:53.039Z,146.52038,146.52426
2024-01-02T02:35:53.862Z,146.51086,146.51423
2024-01-02T02:35:54.763Z,146.50826,146.51194
2024-01-02T02:35:56.005Z,146.50949,146.51425
2024-01-02T02:35:56.631Z,146.52108,146.52474
2024-01-02T02:35:57.266Z,146.52456,146.52889
2024-01-02T02:35:58.290Z,146.51213,146.51576
2024-01-02T02:35:59.410Z,146.51153,146.51498
2024-01-02T02:36:00.408Z,146.51063,146.51461
2024-01-02T02:36:01.369Z,146.49625,146.49973
2024-01-02T02:36:02.278Z,146.49893,146.50327
2024-01-02T02:36:03.146Z,146.48604,146.49055
2024-01-02T02:36:04.340Z,146.48772,146.49132
2024-01-02T02:36:05.715Z,146.49990,146.50380
2024-01-02T02:36:06.563Z,146.49325,146.49700
2024-01-02T02:36:07.295Z,146.49496,146.49942
2024-01-02T02:36:07.986Z,146.49992,146.50336
2024-01-02T02:36:08.536Z,146.50575,146.51027
2024-01-02T02:36:09.632Z,146.50135,146.50557
2024-01-02T02:36:10.200Z,146.50508,146.50913
2024-01-02T02:36:11.441Z,146.50313,146.50753
2024-01-02T02:36:12.772Z,146.48998,146.49332
2024-01-02T02:36:13.599Z,146.48640,146.49104
2024-01-02T02:36:14.107Z,146.48574,146.48967
2024-01-02T02:36:15.479Z,146.48662,146.49069
2024-01-02T02:36:16.835Z,146.47065,146.47398
2024-01-02T02:36:17.675Z,146.46965,146.47337
2024-01-02T02:36:18.259Z,146.46263,146.46618
2024-01-02T02:36:19.443Z,146.46563,146.46904
2024-01-02T02:36:20.062Z,146.47456,146.47917
2024-01-02T02:36:20.810Z,146.47509,146.47980
2024-01-02T02:36:21.748Z,146.47892,146.48244
2024-01-02T02:36:22.793Z,146.48863,146.49309
2024-01-02T02:36:24.074Z,146.48442,146.48767
2024-01-02T02:36:25.152Z,146.48176,146.48556
2024-01-02T02:36:25.803Z,146.48589,146.48984
2024-01-02T02:36:26.313Z,146.48700,146.49087
2024-01-02T02:36:27.548Z,146.48250,146.48688
2024-01-02T02:36:28.708Z,146.49406,146.49771
2024-01-02T02:36:29.437Z,146.48860,146.49242
2024-01-02T02:36:30.284Z,146.49459,146.49787
2024-01-02T02:36:31.390Z,146.50105,146.50561
2024-01-02T02:36:32.104Z,146.50205,146.50646
2024-01-02T02:36:32.792Z,146.50955,146.51278
2024-01-02T02:36:33.970Z,146.51028,146.51412
2024-01-02T02:36:34.528Z,146.52057,146.52470
2024-01-02T02:36:35.610Z,146.53686,146.54129
2024-01-02T02:36:36.332Z,146.52965,146.53368
2024-01-02T02:36:37.766Z,146.52087,146.52422
2024-01-02T02:36:38.280Z,146.51787,146.52119
2024-01-02T02:36:39.166Z,146.52008,146.52465
2024-01-02T02:36:39.751Z,146.50431,146.50849
2024-01-02T02:36:40.854Z,146.51058,146.51429
2024-01-02T02:36:42.137Z,146.51261,146.51586
2024-01-02T02:36:43.215Z,146.51970,146.52405
2024-01-02T02:36:43.966Z,146.52024,146.52372
2024-01-02T02:36:45.138Z,146.51499,146.51941
2024-01-02T02:36:46.417Z,146.51330,146.51666
2024-01-02T02:36:47.639Z,146.50366,146.50750
2024-01-02T02:36:48.761Z,146.50575,146.50963
2024-01-02T02:36:49.998Z,146.51500,146.51943
2024-01-02T02:36:50.650Z,146.51316,146.51743
2024-01-02T02:36:51.439Z,146.50487,146.50960
2024-01-02T02:36:52.132Z,146.50061,146.50519
2024-01-02T02:36:52.699Z,146.50810,146.51266
2024-01-02T02:36:53.656Z,146.51144,146.51496
2024-01-02T02:36:54.239Z,146.50005,146.50338
2024-01-02T02:36:54.746Z,146.50692,146.51160
2024-01-02T02:36:55.331Z,146.52749,146.53132
2024-01-02T02:36:55.948Z,146.52157,146.52622
2024-01-02T02:36:56.580Z,146.51928,146.52297
2024-01-02T02:36:57.968Z,146.52315,146.52672
2024-01-02T02:36:59.422Z,146.53094,146.53505
2024-01-02T02:37:00.092Z,146.53361,146.53688
2024-01-02T02:37:01.251Z,146.53601,146.54004
2024-01-02T02:37:02.048Z,146.54234,146.54702
2024-01-02T02:37:02.989Z,146.55923,146.56319
2024-01-02T02:37:04.185Z,146.55175,146.55541
2024-01-02T02:37:04.816Z,146.54997,146.55351
2024-01-02T02:37:05.774Z,146.55060,146.55530
2024-01-02T02:37:06.627Z,146.54882,146.55313
2024-01-02T02:37:07.854Z,146.54684,146.55103
2024-01-02T02:37:08.967Z,146.55746,146.56172
2024-01-02T02:37:09.710Z,146.55334,146.55729
2024-01-02T02:37:10.375Z,146.55486,146.55897
2024-01-02T02:37:11.719Z,146.57051,146.57451
2024-01-02T02:37:12.762Z,146.58168,146.58606
2024-01-02T02:37:13.402Z,146.59326,146.59729
2024-01-02T02:37:14.597Z,146.58725,146.59060
2024-01-02T02:37:15.121Z,146.57882,146.58267
2024-01-02T02:37:16.270Z,146.58324,146.58711
2024-01-02T02:37:17.723Z,146.58746,146.59153
2024-01-02T02:37:18.922Z,146.58978,146.59446
2024-01-02T02:37:20.175Z,146.59150,146.59532
2024-01-02T02:37:21.370Z,146.59129,146.59581
2024-01-02T02:37:22.417Z,146.58573,146.59003
2024-01-02T02:37:23.511Z,146.57774,146.58118
2024-01-02T02:37:24.686Z,146.57708,146.58046
2024-01-02T02:37:25.557Z,146.57229,146.57636
2024-01-02T02:37:26.627Z,146.57438,146.57893
2024-01-02T02:37:27.716Z,146.55310,146.55730
2024-01-02T02:37:28.907Z,146.55079,146.55409
2024-01-02T02:37:29.644Z,146.54946,146.55300
2024-01-02T02:37:30.954Z,146.55589,146.56010
2024-01-02T02:37:32.168Z,146.55461,146.55889
2024-01-02T02:37:32.882Z,146.54828,146.55300
2024-01-02T02:37:33.751Z,146.55370,146.55762
2024-01-02T02:37:34.961Z,146.54807,146.55222
2024-01-02T02:37:35.812Z,146.55330,146.55792
2024-01-02T02:37:36.532Z,146.56003,146.56421
2024-01-02T02:37:37.291Z,146.56358,146.56752
2024-01-02T02:37:38.763Z,146.55918,146.56275
2024-01-02T02:37:39.506Z,146.55195,146.55639
2024-01-02T02:37:40.473Z,146.55897,146.56323
2024-01-02T02:37:41.338Z,146.56405,146.56778
2024-01-02T02:37:42.547Z,146.55902,146.56382
2024-01-02T02:37:43.860Z,146.57044,146.57473
2024-01-02T02:37:45.277Z,146.56645,146.56998
2024-01-02T02:37:46.280Z,146.56502,146.56940
2024-01-02T02:37:47.026Z,146.55995,146.56416
2024-01-02T02:37:48.364Z,146.55392,146.55825
2024-01-02T02:37:49.216Z,146.55616,146.55948
2024-01-02T02:37:49.717Z,146.56301,146.56690
2024-01-02T02:37:50.556Z,146.55146,146.55601
2024-01-02T02:37:52.056Z,146.54027,146.54391
2024-01-02T02:37:52.771Z,146.54570,146.54977
2024-01-02T02:37:53.314Z,146.55209,146.55621
2024-01-02T02:37:54.631Z,146.54941,146.55411
2024-01-02T02:37:55.911Z,146.55174,146.55567
2024-01-02T02:37:57.218Z,146.54957,146.55347
2024-01-02T02:37:58.581Z,146.55887,146.56280
2024-01-02T02:37:59.629Z,146.55040,146.55515
2024-01-02T02:38:00.554Z,146.55505,146.55938
2024-01-02T02:38:01.924Z,146.55559,146.55978
2024-01-02T02:38:02.789Z,146.54643,146.55121
2024-01-02T02:38:03.467Z,146.56163,146.56589
2024-01-02T02:38:04.217Z,146.55589,146.55953
2024-01-02T02:38:05.289Z,146.56023,146.56422
2024-01-02T02:38:06.188Z,146.55021,146.55397
2024-01-02T02:38:07.036Z,146.55510,146.55867
2024-01-02T02:38:07.696Z,146.55078,146.55488
2024-01-02T02:38:08.338Z,146.53850,146.54198
2024-01-02T02:38:09.151Z,146.53960,146.54337
2024-01-02T02:38:10.318Z,146.53180,146.53606
2024-01-02T02:38:11.394Z,146.53896,146.54256
2024-01-02T02:38:12.453Z,146.53931,146.54285
2024-01-02T02:38:13.805Z,146.54105,146.54513
2024-01-02T02:38:14.379Z,146.54913,146.55303
2024-01-02T02:38:15.561Z,146.55169,146.55577
2024-01-02T02:38:16.775Z,146.55062,146.55528
2024-01-02T02:38:17.326Z,146.54584,146.54976
2024-01-02T02:38:18.205Z,146.53825,146.54230
2024-01-02T02:38:19.417Z,146.53127,146.53557
2024-01-02T02:38:20.869Z,146.52680,146.53033
2024-01-02T02:38:22.287Z,146.52418,146.52856
2024-01-02T02:38:23.245Z,146.52643,146.52966
2024-01-02T02:38:24.705Z,146.53079,146.53479
2024-01-02T02:38:25.365Z,146.50951,146.51273
2024-01-02T02:38:25.919Z,146.50246,146.50681
2024-01-02T02:38:27.244Z,146.51614,146.52046
2024-01-02T02:38:28.518Z,146.51947,146.52338
2024-01-02T02:38:29.468Z,146.51850,146.52302
2024-01-02T02:38:30.268Z,146.53967,146.54342
2024-01-02T02:38:31.285Z,146.55445,146.55913
2024-01-02T02:38:32.484Z,146.54459,146.54849
2024-01-02T02:38:33.809Z,146.54861,146.55278
2024-01-02T02:38:35.304Z,146.55589,146.55920
2024-01-02T02:38:36.259Z,146.55037,146.55475
2024-01-02T02:38:37.318Z,146.55050,146.55416
2024-01-02T02:38:38.302Z,146.55219,146.55689
2024-01-02T02:38:38.982Z,146.55319,146.55771
2024-01-02T02:38:40.254Z,146.55293,146.55711
2024-01-02T02:38:40.811Z,146.55212,146.55652
2024-01-02T02:38:42.009Z,146.55517,146.55967
2024-01-02T02:38:43.109Z,146.56583,146.56966
2024-01-02T02:38:44.171Z,146.56810,146.57239
2024-01-02T02:38:45.450Z,146.55601,146.55995
2024-01-02T02:38:46.695Z,146.56263,146.56598
2024-01-02T02:38:48.082Z,146.56173,146.56602
2024-01-02T02:38:48.852Z,146.56017,146.56386
2024-01-02T02:38:49.679Z,146.55082,146.55512
2024-01-02T02:38:50.894Z,146.56211,146.56676
2024-01-02T02:38:51.494Z,146.55765,146.56090
2024-01-02T02:38:52.142Z,146.55699,146.56156
2024-01-02T02:38:53.434Z,146.55783,146.56183
2024-01-02T02:38:54.237Z,146.55769,146.56208
2024-01-02T02:38:55.295Z,146.54555,146.55014
2024-01-02T02:38:56.718Z,146.54296,146.54689
2024-01-02T02:38:58.025Z,146.53466,146.53828
2024-01-02T02:38:59.380Z,146.54650,146.54973
2024-01-02T02:39:00.327Z,146.54916,146.55334
2024-01-02T02:39:00.943Z,146.55023,146.55438
2024-01-02T02:39:01.766Z,146.54225,146.54638
2024-01-02T02:39:03.247Z,146.54774,146.55149
2024-01-02T02:39:04.086Z,146.55531,146.55861
2024-01-02T02:39:05.586Z,146.56588,146.56933
2024-01-02T02:39:06.257Z,146.56179,146.56504
2024-01-02T02:39:07.286Z,146.56354,146.56706
2024-01-02T02:39:07.921Z,146.57021,146.57353
2024-01-02T02:39:09.223Z,146.56393,146.56798
2024-01-02T02:39:10.643Z,146.55838,146.56313
2024-01-02T02:39:11.936Z,146.55975,146.56381
2024-01-02T02:39:12.878Z,146.56041,146.56455
2024-01-02T02:39:13.755Z,146.54600,146.54984
2024-01-02T02:39:15.232Z,146.54825,146.55247
2024-01-02T02:39:16.151Z,146.55594,146.55930
2024-01-02T02:39:17.191Z,146.55335,146.55734
2024-01-02T02:39:17.888Z,146.55710,146.56066
2024-01-02T02:39:18.454Z,146.55342,146.55783
2024-01-02T02:39:19.709Z,146.54223,146.54657
2024-01-02T02:39:20.466Z,146.52839,146.53224
2024-01-02T02:39:21.636Z,146.53052,146.53496
2024-01-02T02:39:22.636Z,146.54238,146.54610
2024-01-02T02:39:24.030Z,146.53872,146.54288
2024-01-02T02:39:25.200Z,146.53303,146.53708
2024-01-02T02:39:26.558Z,146.52342,146.52815
2024-01-02T02:39:27.200Z,146.53516,146.53898
2024-01-02T02:39:27.939Z,146.53534,146.54009
2024-01-02T02:39:28.500Z,146.53675,146.54048
2024-01-02T02:39:29.627Z,146.54108,146.54437
2024-01-02T02:39:30.271Z,146.54749,146.55097
2024-01-02T02:39:30.895Z,146.53687,146.54085
2024-01-02T02:39:31.423Z,146.53110,146.53549
2024-01-02T02:39:32.604Z,146.52486,146.52865
2024-01-02T02:39:33.493Z,146.52521,146.52865
2024-01-02T02:39:34.126Z,146.51009,146.51472
2024-01-02T02:39:34.837Z,146.49808,146.50158
2024-01-02T02:39:35.864Z,146.50311,146.50697
2024-01-02T02:39:36.622Z,146.49685,146.50160
2024-01-02T02:39:37.584Z,146.49820,146.50232
2024-01-02T02:39:38.815Z,146.49470,146.49893
2024-01-02T02:39:40.261Z,146.48317,146.48647
2024-01-02T02:39:41.195Z,146.48107,146.48576
2024-01-02T02:39:42.101Z,146.48430,146.48808
2024-01-02T02:39:42.747Z,146.47254,146.47574
2024-01-02T02:39:43.300Z,146.46186,146.46639
2024-01-02T02:39:43.899Z,146.46378,146.46813
2024-01-02T02:39:45.189Z,146.45747,146.46190
2024-01-02T02:39:45.749Z,146.44803,146.45248
2024-01-02T02:39:46.645Z,146.44671,146.45087
2024-01-02T02:39:47.888Z,146.45646,146.46000
2024-01-02T02:39:48.602Z,146.45266,146.45692
2024-01-02T02:39:49.636Z,146.44423,146.44875
2024-01-02T02:39:50.872Z,146.44459,146.44925
2024-01-02T02:39:52.247Z,146.44014,146.44449
2024-01-02T02:39:52.840Z,146.44019,146.44434
2024-01-02T02:39:54.048Z,146.44007,146.44378
2024-01-02T02:39:54.805Z,146.43066,146.43445
2024-01-02T02:39:55.542Z,146.42699,146.43130
2024-01-02T02:39:56.149Z,146.41750,146.42175
2024-01-02T02:39:57.491Z,146.42675,146.43009
2024-01-02T02:39:58.210Z,146.43107,146.43523
2024-01-02T02:39:59.249Z,146.42042,146.42501
2024-01-02T02:40:00.137Z,146.42825,146.43283
2024-01-02T02:40:01.310Z,146.43074,146.43431
2024-01-02T02:40:02.101Z,146.43446,146.43768
2024-01-02T02:40:02.932Z,146.44068,146.44451
2024-01-02T02:40:03.758Z,146.43352,146.43807
2024-01-02T02:40:04.834Z,146.44655,146.45003
2024-01-02T02:40:05.474Z,146.44481,146.44911
2024-01-02T02:40:06.501Z,146.43531,146.43933
2024-01-02T02:40:07.403Z,146.42155,146.42607
2024-01-02T02:40:08.482Z,146.42130,146.42501
2024-01-02T02:40:09.360Z,146.41926,146.42380
2024-01-02T02:40:10.842Z,146.43317,146.43783
2024-01-02T02:40:12.338Z,146.43820,146.44237
2024-01-02T02:40:12.954Z,146.44239,146.44592
2024-01-02T02:40:14.110Z,146.44107,146.44513
2024-01-02T02:40:15.310Z,146.45075,146.45431
2024-01-02T02:40:15.955Z,146.44991,146.45381
2024-01-02T02:40:17.229Z,146.44587,146.44908
2024-01-02T02:40:18.040Z,146.44866,146.45321
2024-01-02T02:40:18.545Z,146.45454,146.45916
2024-01-02T02:40:19.735Z,146.44092,146.44537
2024-01-02T02:40:20.981Z,146.43799,146.44208
2024-01-02T02:40:21.763Z,146.43634,146.43974
2024-01-02T02:40:22.716Z,146.41756,146.42139
2024-01-02T02:40:23.390Z,146.40908,146.41292
2024-01-02T02:40:24.006Z,146.40000,146.40404
2024-01-02T02:40:25.123Z,146.41158,146.41572
2024-01-02T02:40:26.097Z,146.41496,146.41872
2024-01-02T02:40:26.776Z,146.41951,146.42401
2024-01-02T02:40:27.618Z,146.41762,146.42176
2024-01-02T02:40:28.688Z,146.41655,146.42011
2024-01-02T02:40:29.866Z,146.42771,146.43179
2024-01-02T02:40:30.673Z,146.43509,146.43933
2024-01-02T02:40:31.442Z,146.42512,146.42890
2024-01-02T02:40:32.516Z,146.42224,146.42558
2024-01-02T02:40:33.139Z,146.41838,146.42178
2024-01-02T02:40:33.799Z,146.41525,146.41874
2024-01-02T02:40:34.767Z,146.42744,146.43138
2024-01-02T02:40:35.276Z,146.44360,146.44745
2024-01-02T02:40:36.613Z,146.43552,146.44002
2024-01-02T02:40:37.312Z,146.43278,146.43734
2024-01-02T02:40:38.753Z,146.43718,146.44145
2024-01-02T02:40:40.112Z,146.44116,146.44544
2024-01-02T02:40:41.486Z,146.44459,146.44913
2024-01-02T02:40:42.661Z,146.43771,146.44143
2024-01-02T02:40:43.909Z,146.43326,146.43679
2024-01-02T02:40:45.013Z,146.43129,146.43501
2024-01-02T02:40:46.172Z,146.42880,146.43353
2024-01-02T02:40:46.821Z,146.42441,146.42863
2024-01-02T02:40:47.690Z,146.41585,146.41994
2024-01-02T02:40:48.324Z,146.40805,146.41249
2024-01-02T02:40:49.386Z,146.41697,146.42165
2024-01-02T02:40:50.034Z,146.40972,146.41312
2024-01-02T02:40:51.084Z,146.40822,146.41285
2024-01-02T02:40:52.454Z,146.41551,146.41980
2024-01-02T02:40:53.027Z,146.41769,146.42190
2024-01-02T02:40:53.835Z,146.42265,146.42669
2024-01-02T02:40:54.743Z,146.42394,146.42767
2024-01-02T02:40:56.050Z,146.40968,146.41378
2024-01-02T02:40:56.887Z,146.40757,146.41152
2024-01-02T02:40:57.543Z,146.39946,146.40341
2024-01-02T02:40:58.307Z,146.39524,146.39981
2024-01-02T02:40:59.058Z,146.39107,146.39530
2024-01-02T02:41:00.333Z,146.38028,146.38412
2024-01-02T02:41:01.628Z,146.37830,146.38177
2024-01-02T02:41:02.890Z,146.38165,146.38525
2024-01-02T02:41:04.209Z,146.38611,146.39011
2024-01-02T02:41:05.106Z,146.39256,146.39618
2024-01-02T02:41:06.416Z,146.39820,146.40167
2024-01-02T02:41:07.429Z,146.39218,146.39648
2024-01-02T02:41:07.951Z,146.39909,146.40313
2024-01-02T02:41:08.765Z,146.39206,146.39647
2024-01-02T02:41:09.556Z,146.38642,146.39068
2024-01-02T02:41:10.861Z,146.38741,146.39133
2024-01-02T02:41:12.192Z,146.38470,146.38873
2024-01-02T02:41:13.525Z,146.38591,146.38962
2024-01-02T02:41:14.472Z,146.37911,146.38319
2024-01-02T02:41:15.487Z,146.37692,146.38155
2024-01-02T02:41:16.923Z,146.36457,146.36919
2024-01-02T02:41:17.648Z,146.35868,146.36316
2024-01-02T02:41:18.501Z,146.36498,146.36952
2024-01-02T02:41:19.683Z,146.35607,146.36032
2024-01-02T02:41:20.706Z,146.35267,146.35653
2024-01-02T02:41:21.388Z,146.34859,146.35180
2024-01-02T02:41:22.393Z,146.34827,146.35168
2024-01-02T02:41:23.539Z,146.34663,146.35091
2024-01-02T02:41:24.785Z,146.35298,146.35667
2024-01-02T02:41:26.097Z,146.36693,146.37049
2024-01-02T02:41:26.739Z,146.36193,146.36520
2024-01-02T02:41:27.627Z,146.35105,146.35515
2024-01-02T02:41:28.923Z,146.35051,146.35430
2024-01-02T02:41:29.545Z,146.35311,146.35709
2024-01-02T02:41:30.529Z,146.33629,146.34009
2024-01-02T02:41:31.056Z,146.34668,146.35035
2024-01-02T02:41:31.780Z,146.34613,146.34979
2024-01-02T02:41:32.649Z,146.33029,146.33359
2024-01-02T02:41:34.138Z,146.32368,146.32777
2024-01-02T02:41:35.087Z,146.32272,146.32688
2024-01-02T02:41:36.426Z,146.32346,146.32698
2024-01-02T02:41:37.098Z,146.30998,146.31348
2024-01-02T02:41:38.169Z,146.31494,146.31870
2024-01-02T02:41:38.984Z,146.31517,146.31850
2024-01-02T02:41:39.858Z,146.32245,146.32566
2024-01-02T02:41:41.050Z,146.32015,146.32397
2024-01-02T02:41:42.279Z,146.31850,146.32237
2024-01-02T02:41:43.491Z,146.31147,146.31560
2024-01-02T02:41:44.835Z,146.31592,146.31942
2024-01-02T02:41:45.926Z,146.31852,146.32282
2024-01-02T02:41:47.402Z,146.30484,146.30812
2024-01-02T02:41:48.492Z,146.30118,146.30512
2024-01-02T02:41:49.517Z,146.30469,146.30915
2024-01-02T02:41:50.871Z,146.31663,146.32072
2024-01-02T02:41:51.702Z,146.32065,146.32406
2024-01-02T02:41:52.915Z,146.31915,146.32362
2024-01-02T02:41:54.260Z,146.31885,146.32255
2024-01-02T02:41:55.382Z,146.31948,146.32406
2024-01-02T02:41:56.609Z,146.32592,146.33003
2024-01-02T02:41:57.358Z,146.33251,146.33687
2024-01-02T02:41:58.592Z,146.33126,146.33460
2024-01-02T02:41:59.948Z,146.33012,146.33394
2024-01-02T02:42:01.061Z,146.32764,146.33167
2024-01-02T02:42:02.320Z,146.33349,146.33722
2024-01-02T02:42:02.868Z,146.32009,146.32416
2024-01-02T02:42:04.201Z,146.32868,146.33258
2024-01-02T02:42:05.342Z,146.32548,146.32958
2024-01-02T02:42:05.871Z,146.32670,146.33107
2024-01-02T02:42:07.349Z,146.32060,146.32539
2024-01-02T02:42:08.582Z,146.32968,146.33384
2024-01-02T02:42:09.891Z,146.32833,146.33305
2024-01-02T02:42:10.754Z,146.33730,146.34133
2024-01-02T02:42:11.618Z,146.34439,146.34784
2024-01-02T02:42:13.094Z,146.34323,146.34783
2024-01-02T02:42:13.872Z,146.34337,146.34794
2024-01-02T02:42:14.526Z,146.34555,146.34949
2024-01-02T02:42:15.424Z,146.33851,146.34257
2024-01-02T02:42:16.906Z,146.32410,146.32868
2024-01-02T02:42:17.787Z,146.32929,146.33312
2024-01-02T02:42:18.935Z,146.32119,146.32486
2024-01-02T02:42:20.237Z,146.30679,146.31128
2024-01-02T02:42:20.900Z,146.30214,146.30662
2024-01-02T02:42:21.939Z,146.29776,146.30220
2024-01-02T02:42:22.730Z,146.29337,146.29676
2024-01-02T02:42:23.975Z,146.29531,146.29870
2024-01-02T02:42:25.238Z,146.29041,146.29432
2024-01-02T02:42:26.409Z,146.27128,146.27552
2024-01-02T02:42:27.740Z,146.26949,146.27321
2024-01-02T02:42:28.351Z,146.26389,146.26777
2024-01-02T02:42:29.544Z,146.25714,146.26111
2024-01-02T02:42:30.576Z,146.25295,146.25744
2024-01-02T02:42:31.737Z,146.24610,146.24968
2024-01-02T02:42:32.411Z,146.25554,146.25947
2024-01-02T02:42:33.218Z,146.26255,146.26613
2024-01-02T02:42:34.309Z,146.26950,146.27369
2024-01-02T02:42:35.583Z,146.26527,146.26869
2024-01-02T02:42:36.862Z,146.27099,146.27459
2024-01-02T02:42:37.943Z,146.26427,146.26809
2024-01-02T02:42:39.206Z,146.25886,146.26293
2024-01-02T02:42:40.643Z,146.24675,146.25025
2024-01-02T02:42:42.037Z,146.24796,146.25147
2024-01-02T02:42:43.030Z,146.25873,146.26245
2024-01-02T02:42:44.272Z,146.23606,146.24016
2024-01-02T02:42:45.373Z,146.23502,146.23872
2024-01-02T02:42:46.403Z,146.22459,146.22891
2024-01-02T02:42:47.022Z,146.22301,146.22767
2024-01-02T02:42:47.734Z,146.22343,146.22729
2024-01-02T02:42:49.018Z,146.21591,146.21967
2024-01-02T02:42:49.942Z,146.23029,146.23357
2024-01-02T02:42:50.908Z,146.23374,146.23826
2024-01-02T02:42:51.486Z,146.22730,146.23075
2024-01-02T02:42:52.802Z,146.23265,146.23657
2024-01-02T02:42:53.545Z,146.24859,146.25291
2024-01-02T02:42:54.632Z,146.24539,146.24940
2024-01-02T02:42:56.095Z,146.23529,146.23973
2024-01-02T02:42:57.434Z,146.24451,146.24928
2024-01-02T02:42:58.549Z,146.23833,146.24212
2024-01-02T02:42:59.621Z,146.23027,146.23443
2024-01-02T02:43:00.412Z,146.23517,146.23940
2024-01-02T02:43:01.451Z,146.23190,146.23613
2024-01-02T02:43:02.320Z,146.23084,146.23530
2024-01-02T02:43:03.355Z,146.23368,146.23795
2024-01-02T02:43:04.371Z,146.24508,146.24934
2024-01-02T02:43:05.675Z,146.24816,146.25211
2024-01-02T02:43:06.915Z,146.26228,146.26687
2024-01-02T02:43:08.021Z,146.27396,146.27799
2024-01-02T02:43:09.097Z,146.27131,146.27585
2024-01-02T02:43:09.665Z,146.25880,146.26347
2024-01-02T02:43:10.685Z,146.25631,146.26009
2024-01-02T02:43:11.520Z,146.24686,146.25039
2024-01-02T02:43:12.892Z,146.24776,146.25186
2024-01-02T02:43:14.091Z,146.26276,146.26697
2024-01-02T02:43:15.313Z,146.26829,146.27295
2024-01-02T02:43:15.855Z,146.26027,146.26467
2024-01-02T02:43:16.697Z,146.25751,146.26088
2024-01-02T02:43:18.122Z,146.28034,146.28445
2024-01-02T02:43:19.528Z,146.28996,146.29385
2024-01-02T02:43:20.615Z,146.29043,146.29443
2024-01-02T02:43:21.785Z,146.28786,146.29192
2024-01-02T02:43:22.557Z,146.28871,146.29346
2024-01-02T02:43:23.892Z,146.28486,146.28868
2024-01-02T02:43:24.858Z,146.28470,146.28910
2024-01-02T02:43:25.833Z,146.28643,146.29084
2024-01-02T02:43:26.651Z,146.28377,146.28792
2024-01-02T02:43:27.976Z,146.29069,146.29401
2024-01-02T02:43:29.118Z,146.28074,146.28407
2024-01-02T02:43:30.367Z,146.27982,146.28327
2024-01-02T02:43:31.415Z,146.27186,146.27661
2024-01-02T02:43:32.175Z,146.27417,146.27861
2024-01-02T02:43:33.345Z,146.26710,146.27173
2024-01-02T02:43:34.221Z,146.27085,146.27444
2024-01-02T02:43:35.291Z,146.28036,146.28445
2024-01-02T02:43:35.889Z,146.27531,146.27853
2024-01-02T02:43:36.595Z,146.26977,146.27324
2024-01-02T02:43:37.416Z,146.27611,146.28080
2024-01-02T02:43:38.529Z,146.28003,146.28348
2024-01-02T02:43:39.861Z,146.27503,146.27830
2024-01-02T02:43:40.547Z,146.26372,146.26842
2024-01-02T02:43:42.042Z,146.25675,146.26074
2024-01-02T02:43:42.622Z,146.25686,146.26128
2024-01-02T02:43:43.624Z,146.26359,146.26802
2024-01-02T02:43:44.653Z,146.25963,146.26319
2024-01-02T02:43:45.398Z,146.25996,146.26358
2024-01-02T02:43:46.093Z,146.25811,146.26187
2024-01-02T02:43:46.667Z,146.26418,146.26741
2024-01-02T02:43:47.817Z,146.25376,146.25783
2024-01-02T02:43:48.769Z,146.26060,146.26481
2024-01-02T02:43:50.268Z,146.26676,146.27155
2024-01-02T02:43:51.086Z,146.26487,146.26870
2024-01-02T02:43:52.024Z,146.27282,146.27620
2024-01-02T02:43:53.160Z,146.26490,146.26939
2024-01-02T02:43:54.098Z,146.26223,146.26628
2024-01-02T02:43:55.546Z,146.24861,146.25298
2024-01-02T02:43:56.864Z,146.24525,146.25001
2024-01-02T02:43:57.428Z,146.24688,146.25080
2024-01-02T02:43:58.089Z,146.24581,146.24972
2024-01-02T02:43:58.743Z,146.25011,146.25374
2024-01-02T02:44:00.061Z,146.25988,146.26312
2024-01-02T02:44:01.174Z,146.26237,146.26650
2024-01-02T02:44:01.905Z,146.25506,146.25978
2024-01-02T02:44:03.291Z,146.24842,146.25200
2024-01-02T02:44:03.825Z,146.25113,146.25530
2024-01-02T02:44:04.957Z,146.25032,146.25500
2024-01-02T02:44:05.740Z,146.25040,146.25462
2024-01-02T02:44:07.148Z,146.25884,146.26318
2024-01-02T02:44:08.117Z,146.26413,146.26777
2024-01-02T02:44:09.206Z,146.26662,146.27027
2024-01-02T02:44:10.076Z,146.26784,146.27191
2024-01-02T02:44:11.424Z,146.26415,146.26735
2024-01-02T02:44:12.092Z,146.26101,146.26443
2024-01-02T02:44:13.438Z,146.26525,146.26925
2024-01-02T02:44:14.092Z,146.26222,146.26663
2024-01-02T02:44:15.438Z,146.24970,146.25315
2024-01-02T02:44:16.477Z,146.25292,146.25736
2024-01-02T02:44:17.365Z,146.24462,146.24798
2024-01-02T02:44:18.275Z,146.24778,146.25134
2024-01-02T02:44:18.777Z,146.24817,146.25297
2024-01-02T02:44:20.272Z,146.25235,146.25582
2024-01-02T02:44:21.618Z,146.25429,146.25817
2024-01-02T02:44:22.848Z,146.25826,146.26151
2024-01-02T02:44:23.460Z,146.24839,146.25292
2024-01-02T02:44:24.196Z,146.24247,146.24697
2024-01-02T02:44:24.983Z,146.24364,146.24838
2024-01-02T02:44:25.532Z,146.24942,146.25289
2024-01-02T02:44:26.478Z,146.25031,146.25425
2024-01-02T02:44:27.089Z,146.24702,146.25031
2024-01-02T02:44:28.285Z,146.24956,146.25364
2024-01-02T02:44:28.834Z,146.25819,146.26259
2024-01-02T02:44:29.969Z,146.25101,146.25443
2024-01-02T02:44:31.223Z,146.24662,146.25130
2024-01-02T02:44:32.044Z,146.25042,146.25474
2024-01-02T02:44:32.888Z,146.24681,146.25131
2024-01-02T02:44:34.347Z,146.24491,146.24925
2024-01-02T02:44:35.072Z,146.24064,146.24455
2024-01-02T02:44:36.266Z,146.23231,146.23580
2024-01-02T02:44:37.296Z,146.22607,146.22939
2024-01-02T02:44:38.214Z,146.21968,146.22341
2024-01-02T02:44:39.143Z,146.20817,146.21233
2024-01-02T02:44:39.686Z,146.20805,146.21232
2024-01-02T02:44:40.720Z,146.20877,146.21216
2024-01-02T02:44:41.231Z,146.19760,146.20122
2024-01-02T02:44:42.686Z,146.18992,146.19469
2024-01-02T02:44:43.384Z,146.18340,146.18765
2024-01-02T02:44:44.828Z,146.17817,146.18254
2024-01-02T02:44:45.462Z,146.17536,146.17878
2024-01-02T02:44:46.079Z,146.16690,146.17019
2024-01-02T02:44:47.204Z,146.18776,146.19170
2024-01-02T02:44:47.763Z,146.19520,146.19969
2024-01-02T02:44:49.143Z,146.21462,146.21909
2024-01-02T02:44:50.254Z,146.21304,146.21719
2024-01-02T02:44:50.880Z,146.22200,146.22548
2024-01-02T02:44:51.600Z,146.22095,146.22520
2024-01-02T02:44:52.747Z,146.21126,146.21563
2024-01-02T02:44:54.165Z,146.21487,146.21846
2024-01-02T02:44:54.902Z,146.21070,146.21442
2024-01-02T02:44:55.609Z,146.20326,146.20761
2024-01-02T02:44:56.324Z,146.19947,146.20292
2024-01-02T02:44:57.789Z,146.20743,146.21223
2024-01-02T02:44:58.349Z,146.19662,146.20005
2024-01-02T02:44:58.942Z,146.19698,146.20137
2024-01-02T02:45:00.221Z,146.19830,146.20164
2024-01-02T02:45:00.760Z,146.20678,146.21024
2024-01-02T02:45:01.435Z,146.21265,146.21700
2024-01-02T02:45:02.204Z,146.22372,146.22788
2024-01-02T02:45:03.456Z,146.21388,146.21819
2024-01-02T02:45:04.598Z,146.21173,146.21607
2024-01-02T02:45:05.920Z,146.20781,146.21245
2024-01-02T02:45:06.913Z,146.20446,146.20821
2024-01-02T02:45:07.895Z,146.20333,146.20719
2024-01-02T02:45:08.686Z,146.19984,146.20346
2024-01-02T02:45:09.818Z,146.19546,146.19912
2024-01-02T02:45:11.127Z,146.19631,146.20100
2024-01-02T02:45:12.123Z,146.18988,146.19345
2024-01-02T02:45:13.358Z,146.18344,146.18728
2024-01-02T02:45:14.784Z,146.17715,146.18064
2024-01-02T02:45:15.493Z,146.17888,146.18299
2024-01-02T02:45:16.268Z,146.17953,146.18343
2024-01-02T02:45:17.623Z,146.17390,146.17817
2024-01-02T02:45:18.527Z,146.17550,146.18016
2024-01-02T02:45:19.382Z,146.17085,146.17436
2024-01-02T02:45:20.431Z,146.16683,146.17025
2024-01-02T02:45:21.182Z,146.16865,146.17188
2024-01-02T02:45:21.695Z,146.17143,146.17494
2024-01-02T02:45:22.848Z,146.17022,146.17498
2024-01-02T02:45:24.289Z,146.16679,146.17033
2024-01-02T02:45:25.571Z,146.19536,146.19923
2024-01-02T02:45:26.173Z,146.20803,146.21169
2024-01-02T02:45:27.489Z,146.19494,146.19942
2024-01-02T02:45:28.707Z,146.19013,146.19413
2024-01-02T02:45:29.808Z,146.19347,146.19779
2024-01-02T02:45:31.063Z,146.20815,146.21219
2024-01-02T02:45:32.073Z,146.21947,146.22325
2024-01-02T02:45:33.065Z,146.22424,146.22802
2024-01-02T02:45:33.939Z,146.22524,146.22902
2024-01-02T02:45:35.184Z,146.22837,146.23227
2024-01-02T02:45:36.363Z,146.21933,146.22349
2024-01-02T02:45:37.055Z,146.22487,146.22821
2024-01-02T02:45:37.900Z,146.22254,146.22615
2024-01-02T02:45:39.221Z,146.22070,146.22533
2024-01-02T02:45:40.719Z,146.21967,146.22429
2024-01-02T02:45:41.341Z,146.21425,146.21784
2024-01-02T02:45:42.004Z,146.20712,146.21145
2024-01-02T02:45:42.959Z,146.20157,146.20519
2024-01-02T02:45:43.481Z,146.20729,146.21112
2024-01-02T02:45:44.924Z,146.20472,146.20862
2024-01-02T02:45:45.971Z,146.20646,146.21019
2024-01-02T02:45:47.223Z,146.20680,146.21116
2024-01-02T02:45:48.495Z,146.19905,146.20358
2024-01-02T02:45:49.437Z,146.19668,146.20118
2024-01-02T02:45:50.570Z,146.19906,146.20284
2024-01-02T02:45:51.950Z,146.20108,146.20495
2024-01-02T02:45:53.447Z,146.20121,146.20476
2024-01-02T02:45:54.557Z,146.20726,146.21086
2024-01-02T02:45:55.952Z,146.21577,146.21991
2024-01-02T02:45:56.895Z,146.20343,146.20798
2024-01-02T02:45:57.940Z,146.21417,146.21884
2024-01-02T02:45:58.616Z,146.20872,146.21194
2024-01-02T02:45:59.738Z,146.21361,146.21731
2024-01-02T02:46:00.295Z,146.20952,146.21316
2024-01-02T02:46:00.806Z,146.19884,146.20261
2024-01-02T02:46:02.205Z,146.21265,146.21642
2024-01-02T02:46:03.623Z,146.20599,146.21075
2024-01-02T02:46:04.840Z,146.18966,146.19401
2024-01-02T02:46:05.447Z,146.18480,146.18912
2024-01-02T02:46:06.144Z,146.18136,146.18490
2024-01-02T02:46:06.646Z,146.17435,146.17891
2024-01-02T02:46:07.887Z,146.17696,146.18114
2024-01-02T02:46:08.951Z,146.17617,146.17978
2024-01-02T02:46:09.834Z,146.17343,146.17806
2024-01-02T02:46:11.058Z,146.18116,146.18443
2024-01-02T02:46:12.177Z,146.17788,146.18133
2024-01-02T02:46:12.875Z,146.17516,146.17858
2024-01-02T02:46:14.359Z,146.17698,146.18123
2024-01-02T02:46:15.037Z,146.17952,146.18356
2024-01-02T02:46:16.286Z,146.17443,146.17868
2024-01-02T02:46:17.005Z,146.17499,146.17861
2024-01-02T02:46:17.557Z,146.17793,146.18163
2024-01-02T02:46:18.864Z,146.16751,146.17086
2024-01-02T02:46:20.226Z,146.16434,146.16829
2024-01-02T02:46:21.014Z,146.16816,146.17238
2024-01-02T02:46:22.291Z,146.16725,146.17083
2024-01-02T02:46:23.583Z,146.15555,146.15973
2024-01-02T02:46:24.605Z,146.16742,146.17158
2024-01-02T02:46:25.289Z,146.17249,146.17671
2024-01-02T02:46:26.468Z,146.16950,146.17325
2024-01-02T02:46:27.026Z,146.16971,146.17341
2024-01-02T02:46:28.219Z,146.17884,146.18234
2024-01-02T02:46:29.655Z,146.17766,146.18161
2024-01-02T02:46:30.335Z,146.17631,146.18041
2024-01-02T02:46:31.318Z,146.17341,146.17732
2024-01-02T02:46:32.652Z,146.16492,146.16932
2024-01-02T02:46:33.767Z,146.17243,146.17705
2024-01-02T02:46:34.939Z,146.16110,146.16520
2024-01-02T02:46:36.130Z,146.16759,146.17079
2024-01-02T02:46:36.855Z,146.17131,146.17544
2024-01-02T02:46:37.898Z,146.17291,146.17668
2024-01-02T02:46:38.795Z,146.17304,146.17654
2024-01-02T02:46:39.818Z,146.16728,146.17123
2024-01-02T02:46:40.637Z,146.16785,146.17234
2024-01-02T02:46:41.711Z,146.16734,146.17094
2024-01-02T02:46:42.970Z,146.15386,146.15805
2024-01-02T02:46:43.964Z,146.15368,146.15797
2024-01-02T02:46:44.478Z,146.15641,146.16045
2024-01-02T02:46:45.102Z,146.15446,146.15790
2024-01-02T02:46:46.165Z,146.16530,146.17002
2024-01-02T02:46:46.962Z,146.15701,146.16036
2024-01-02T02:46:48.047Z,146.15522,146.15856
2024-01-02T02:46:48.553Z,146.16026,146.16457
2024-01-02T02:46:49.385Z,146.15364,146.15723
2024-01-02T02:46:50.039Z,146.14432,146.14755
2024-01-02T02:46:50.872Z,146.14303,146.14736
2024-01-02T02:46:52.273Z,146.14659,146.15121
2024-01-02T02:46:53.060Z,146.13899,146.14377
2024-01-02T02:46:54.480Z,146.13604,146.13984
2024-01-02T02:46:55.966Z,146.13836,146.14188
2024-01-02T02:46:57.369Z,146.13906,146.14245
2024-01-02T02:46:58.163Z,146.12343,146.12762
2024-01-02T02:46:59.385Z,146.12009,146.12340
2024-01-02T02:47:00.375Z,146.11788,146.12260
2024-01-02T02:47:01.816Z,146.12414,146.12821
2024-01-02T02:47:03.196Z,146.11677,146.12026
2024-01-02T02:47:03.919Z,146.11708,146.12128
2024-01-02T02:47:05.306Z,146.11979,146.12406
2024-01-02T02:47:06.074Z,146.12417,146.12827
2024-01-02T02:47:06.839Z,146.11916,146.12369
2024-01-02T02:47:08.239Z,146.12583,146.12962
2024-01-02T02:47:09.058Z,146.11558,146.12024
2024-01-02T02:47:10.207Z,146.12276,146.12600
2024-01-02T02:47:10.710Z,146.12706,146.13036
2024-01-02T02:47:11.692Z,146.11843,146.12253
2024-01-02T02:47:13.122Z,146.12072,146.12415
2024-01-02T02:47:14.069Z,146.11904,146.12295
2024-01-02T02:47:15.449Z,146.11943,146.12398
2024-01-02T02:47:16.005Z,146.12236,146.12600
2024-01-02T02:47:17.134Z,146.11924,146.12400
2024-01-02T02:47:18.282Z,146.11117,146.11527
2024-01-02T02:47:19.087Z,146.11155,146.11537
2024-01-02T02:47:20.453Z,146.12469,146.12898
2024-01-02T02:47:21.795Z,146.12425,146.12900
2024-01-02T02:47:23.187Z,146.11656,146.12068
2024-01-02T02:47:23.811Z,146.10968,146.11373
2024-01-02T02:47:24.906Z,146.09957,146.10410
2024-01-02T02:47:25.956Z,146.09221,146.09679
2024-01-02T02:47:26.479Z,146.09124,146.09472
2024-01-02T02:47:27.395Z,146.08276,146.08738
2024-01-02T02:47:28.473Z,146.07354,146.07682
2024-01-02T02:47:29.598Z,146.06484,146.06962
2024-01-02T02:47:31.080Z,146.07079,146.07549
2024-01-02T02:47:32.402Z,146.06937,146.07321
2024-01-02T02:47:33.528Z,146.07352,146.07694
2024-01-02T02:47:34.947Z,146.07187,146.07655
2024-01-02T02:47:36.289Z,146.08729,146.09130
2024-01-02T02:47:37.085Z,146.08301,146.08670
2024-01-02T02:47:38.387Z,146.08803,146.09126
2024-01-02T02:47:39.831Z,146.09349,146.09673
2024-01-02T02:47:40.613Z,146.09702,146.10033
2024-01-02T02:47:41.972Z,146.10220,146.10547
2024-01-02T02:47:42.868Z,146.09800,146.10261
2024-01-02T02:47:43.549Z,146.10134,146.10543
2024-01-02T02:47:44.637Z,146.10760,146.11088
2024-01-02T02:47:45.388Z,146.11074,146.11528
2024-01-02T02:47:45.902Z,146.11225,146.11588
2024-01-02T02:47:46.446Z,146.12855,146.13192
2024-01-02T02:47:47.077Z,146.13774,146.14192
2024-01-02T02:47:47.685Z,146.12404,146.12749
2024-01-02T02:47:48.991Z,146.13041,146.13442
2024-01-02T02:47:49.979Z,146.13838,146.14161
2024-01-02T02:47:51.455Z,146.12708,146.13083
2024-01-02T02:47:52.159Z,146.12427,146.12784
2024-01-02T02:47:52.799Z,146.12445,146.12823
2024-01-02T02:47:53.972Z,146.10699,146.11100
2024-01-02T02:47:55.436Z,146.09723,146.10084
2024-01-02T02:47:56.540Z,146.09032,146.09408
2024-01-02T02:47:57.625Z,146.08883,146.09343
2024-01-02T02:47:58.446Z,146.09159,146.09518
2024-01-02T02:47:59.830Z,146.08576,146.08921
2024-01-02T02:48:00.466Z,146.07477,146.07856
2024-01-02T02:48:01.957Z,146.08023,146.08455
2024-01-02T02:48:03.012Z,146.08593,146.09024
2024-01-02T02:48:04.080Z,146.08495,146.08950
2024-01-02T02:48:05.004Z,146.08018,146.08340
2024-01-02T02:48:05.754Z,146.08084,146.08499
2024-01-02T02:48:07.097Z,146.07808,146.08173
2024-01-02T02:48:07.638Z,146.08511,146.08860
2024-01-02T02:48:08.511Z,146.09334,146.09670
2024-01-02T02:48:09.499Z,146.08706,146.09090
2024-01-02T02:48:10.979Z,146.08050,146.08484
2024-01-02T02:48:12.052Z,146.08092,146.08431
2024-01-02T02:48:12.853Z,146.09080,146.09530
2024-01-02T02:48:13.505Z,146.08674,146.09066
2024-01-02T02:48:14.084Z,146.09297,146.09648
2024-01-02T02:48:14.961Z,146.08616,146.08960
2024-01-02T02:48:15.944Z,146.08237,146.08587
2024-01-02T02:48:17.127Z,146.07922,146.08370
2024-01-02T02:48:18.260Z,146.08090,146.08484
2024-01-02T02:48:19.560Z,146.08495,146.08974
2024-01-02T02:48:21.049Z,146.07778,146.08215
2024-01-02T02:48:21.560Z,146.08405,146.08833
2024-01-02T02:48:22.199Z,146.08208,146.08532
2024-01-02T02:48:22.837Z,146.07783,146.08184
2024-01-02T02:48:23.891Z,146.06534,146.06898
2024-01-02T02:48:25.069Z,146.07358,146.07811
2024-01-02T02:48:26.390Z,146.07370,146.07842
2024-01-02T02:48:27.022Z,146.06908,146.07302
2024-01-02T02:48:28.365Z,146.06526,146.06912
2024-01-02T02:48:29.451Z,146.06177,146.06591
2024-01-02T02:48:29.999Z,146.06678,146.07038
2024-01-02T02:48:30.525Z,146.07135,146.07543
2024-01-02T02:48:31.934Z,146.07319,146.07709
2024-01-02T02:48:32.760Z,146.06706,146.07054
2024-01-02T02:48:34.094Z,146.05472,146.05879
2024-01-02T02:48:35.425Z,146.04665,146.05063
2024-01-02T02:48:36.350Z,146.05674,146.05996
2024-01-02T02:48:37.390Z,146.05232,146.05611
2024-01-02T02:48:38.044Z,146.05108,146.05473
2024-01-02T02:48:38.738Z,146.05799,146.06243
2024-01-02T02:48:39.757Z,146.06065,146.06436
2024-01-02T02:48:40.485Z,146.06031,146.06460
2024-01-02T02:48:41.068Z,146.06094,146.06460
2024-01-02T02:48:41.904Z,146.06927,146.07293
2024-01-02T02:48:42.585Z,146.07053,146.07379
2024-01-02T02:48:44.060Z,146.07465,146.07886
2024-01-02T02:48:45.049Z,146.07903,146.08366
2024-01-02T02:48:46.438Z,146.08050,146.08473
2024-01-02T02:48:47.408Z,146.07099,146.07464
2024-01-02T02:48:48.861Z,146.08015,146.08337
2024-01-02T02:48:50.201Z,146.06884,146.07267
2024-01-02T02:48:51.102Z,146.06949,146.07273
2024-01-02T02:48:52.386Z,146.05301,146.05689
2024-01-02T02:48:53.795Z,146.06127,146.06593
2024-01-02T02:48:54.876Z,146.07313,146.07694
2024-01-02T02:48:55.750Z,146.07441,146.07877
2024-01-02T02:48:56.474Z,146.07680,146.08050
2024-01-02T02:48:57.555Z,146.08003,146.08471
2024-01-02T02:48:59.038Z,146.08330,146.08763
2024-01-02T02:49:00.339Z,146.07270,146.07706
2024-01-02T02:49:01.064Z,146.06116,146.06579
2024-01-02T02:49:02.453Z,146.07556,146.07956
2024-01-02T02:49:03.789Z,146.07681,146.08031
2024-01-02T02:49:04.758Z,146.06682,146.07060
2024-01-02T02:49:05.931Z,146.07533,146.08010
2024-01-02T02:49:06.529Z,146.06679,146.07112
2024-01-02T02:49:07.834Z,146.07361,146.07684
2024-01-02T02:49:08.417Z,146.06300,146.06639
2024-01-02T02:49:09.401Z,146.07146,146.07609
2024-01-02T02:49:10.594Z,146.07650,146.08108
2024-01-02T02:49:11.585Z,146.07135,146.07484
2024-01-02T02:49:12.590Z,146.07230,146.07566
2024-01-02T02:49:14.019Z,146.07435,146.07777
2024-01-02T02:49:14.973Z,146.06311,146.06739
2024-01-02T02:49:15.713Z,146.05336,146.05727
2024-01-02T02:49:16.752Z,146.05941,146.06370
2024-01-02T02:49:17.657Z,146.06067,146.06438
2024-01-02T02:49:18.551Z,146.06163,146.06576
2024-01-02T02:49:19.146Z,146.06527,146.06869
2024-01-02T02:49:20.192Z,146.06750,146.07115
2024-01-02T02:49:21.241Z,146.07349,146.07707
2024-01-02T02:49:21.798Z,146.08801,146.09128
2024-01-02T02:49:22.863Z,146.08587,146.08972
2024-01-02T02:49:23.772Z,146.08966,146.09354
2024-01-02T02:49:25.029Z,146.08745,146.09151
2024-01-02T02:49:26.409Z,146.10095,146.10450
2024-01-02T02:49:27.642Z,146.09831,146.10157
2024-01-02T02:49:28.482Z,146.08744,146.09153
2024-01-02T02:49:29.232Z,146.08568,146.08922
2024-01-02T02:49:29.886Z,146.08599,146.08973
2024-01-02T02:49:30.488Z,146.08463,146.08871
2024-01-02T02:49:31.417Z,146.08119,146.08441
2024-01-02T02:49:32.613Z,146.09090,146.09447
2024-01-02T02:49:33.671Z,146.08639,146.09100
2024-01-02T02:49:34.464Z,146.09305,146.09726
2024-01-02T02:49:35.000Z,146.09550,146.09896
2024-01-02T02:49:35.804Z,146.09858,146.10312
2024-01-02T02:49:36.833Z,146.10167,146.10533
2024-01-02T02:49:37.403Z,146.09807,146.10190
2024-01-02T02:49:38.881Z,146.09447,146.09785
2024-01-02T02:49:39.457Z,146.08582,146.08919
2024-01-02T02:49:40.394Z,146.07251,146.07654
2024-01-02T02:49:41.882Z,146.07061,146.07489
2024-01-02T02:49:42.693Z,146.08139,146.08580
2024-01-02T02:49:44.182Z,146.07497,146.07973
2024-01-02T02:49:45.272Z,146.07206,146.07669
2024-01-02T02:49:46.067Z,146.06740,146.07153
2024-01-02T02:49:47.146Z,146.05060,146.05403
2024-01-02T02:49:48.171Z,146.03779,146.04196
2024-01-02T02:49:49.584Z,146.03836,146.04314
2024-01-02T02:49:50.415Z,146.03673,146.04123
2024-01-02T02:49:51.779Z,146.03501,146.03957
2024-01-02T02:49:52.854Z,146.03750,146.04222
2024-01-02T02:49:53.819Z,146.04493,146.04962
2024-01-02T02:49:54.656Z,146.05031,146.05440
2024-01-02T02:49:56.006Z,146.05265,146.05651
2024-01-02T02:49:57.245Z,146.04996,146.05318
2024-01-02T02:49:58.586Z,146.05785,146.06111
2024-01-02T02:49:59.810Z,146.04470,146.04925
2024-01-02T02:50:00.948Z,146.02977,146.03375
2024-01-02T02:50:02.135Z,146.02673,146.03002
2024-01-02T02:50:03.441Z,146.01315,146.01708
2024-01-02T02:50:04.648Z,146.00410,146.00839
2024-01-02T02:50:05.504Z,146.01513,146.01885
2024-01-02T02:50:06.079Z,146.01007,146.01404
2024-01-02T02:50:07.114Z,146.01072,146.01521
2024-01-02T02:50:08.380Z,146.00771,146.01208
2024-01-02T02:50:09.513Z,146.01728,146.02099
2024-01-02T02:50:10.404Z,146.01683,146.02018
2024-01-02T02:50:11.582Z,146.01198,146.01667
2024-01-02T02:50:12.418Z,146.01603,146.02065
2024-01-02T02:50:13.261Z,146.01931,146.02353
2024-01-02T02:50:13.971Z,146.01901,146.02308
2024-01-02T02:50:15.439Z,146.03040,146.03498
2024-01-02T02:50:16.867Z,146.02165,146.02514
2024-01-02T02:50:18.140Z,146.01341,146.01804
2024-01-02T02:50:19.524Z,146.00116,146.00500
2024-01-02T02:50:20.125Z,146.00393,146.00811
2024-01-02T02:50:20.714Z,145.99834,146.00300
2024-01-02T02:50:21.945Z,145.99362,145.99776
2024-01-02T02:50:22.962Z,145.99124,145.99511
2024-01-02T02:50:24.231Z,145.98920,145.99277
2024-01-02T02:50:25.543Z,145.98343,145.98745
2024-01-02T02:50:26.677Z,145.97356,145.97694
2024-01-02T02:50:27.708Z,145.98378,145.98703
2024-01-02T02:50:28.996Z,145.98540,145.98921
2024-01-02T02:50:30.456Z,145.96757,145.97237
2024-01-02T02:50:31.537Z,145.96512,145.96878
2024-01-02T02:50:32.594Z,145.96664,145.97077
2024-01-02T02:50:33.221Z,145.95353,145.95741
2024-01-02T02:50:34.450Z,145.94185,145.94514
2024-01-02T02:50:35.312Z,145.93727,145.94133
2024-01-02T02:50:36.425Z,145.93522,145.93979
2024-01-02T02:50:37.829Z,145.93580,145.93927
2024-01-02T02:50:38.710Z,145.92975,145.93390
2024-01-02T02:50:40.126Z,145.93185,145.93574
2024-01-02T02:50:40.961Z,145.92894,145.93244
2024-01-02T02:50:41.541Z,145.92008,145.92432
2024-01-02T02:50:42.251Z,145.91792,145.92205
2024-01-02T02:50:42.922Z,145.91444,145.91872
2024-01-02T02:50:44.314Z,145.92162,145.92630
2024-01-02T02:50:45.761Z,145.91334,145.91735
2024-01-02T02:50:47.220Z,145.92085,145.92414
2024-01-02T02:50:48.422Z,145.91625,145.92040
2024-01-02T02:50:49.184Z,145.91778,145.92145
2024-01-02T02:50:50.486Z,145.92220,145.92693
2024-01-02T02:50:51.415Z,145.93643,145.94046
2024-01-02T02:50:52.685Z,145.94192,145.94564
2024-01-02T02:50:53.382Z,145.92724,145.93177
2024-01-02T02:50:54.075Z,145.92326,145.92713
2024-01-02T02:50:54.760Z,145.92015,145.92356
2024-01-02T02:50:55.333Z,145.91602,145.92064
2024-01-02T02:50:55.898Z,145.91041,145.91450
2024-01-02T02:50:56.521Z,145.91114,145.91531
2024-01-02T02:50:57.346Z,145.90660,145.90998
2024-01-02T02:50:58.388Z,145.89745,145.90120
2024-01-02T02:50:59.135Z,145.89825,145.90299
2024-01-02T02:51:00.506Z,145.89472,145.89857
2024-01-02T02:51:01.822Z,145.88274,145.88630
2024-01-02T02:51:02.429Z,145.89073,145.89499
2024-01-02T02:51:03.710Z,145.89214,145.89642
2024-01-02T02:51:04.645Z,145.89053,145.89463
2024-01-02T02:51:05.626Z,145.90049,145.90460
2024-01-02T02:51:06.302Z,145.89181,145.89623
2024-01-02T02:51:07.697Z,145.89429,145.89778
2024-01-02T02:51:08.634Z,145.89931,145.90263
2024-01-02T02:51:09.490Z,145.90324,145.90770
2024-01-02T02:51:10.973Z,145.89467,145.89939
2024-01-02T02:51:11.496Z,145.90400,145.90842
2024-01-02T02:51:12.820Z,145.88824,145.89301
2024-01-02T02:51:13.332Z,145.88289,145.88683
2024-01-02T02:51:14.112Z,145.88995,145.89444
2024-01-02T02:51:15.386Z,145.88557,145.88943
2024-01-02T02:51:16.273Z,145.87746,145.88159
2024-01-02T02:51:17.013Z,145.87629,145.88074
2024-01-02T02:51:18.360Z,145.88033,145.88487
2024-01-02T02:51:19.544Z,145.87943,145.88265
2024-01-02T02:51:20.896Z,145.88546,145.88931
2024-01-02T02:51:22.043Z,145.88028,145.88503
2024-01-02T02:51:22.645Z,145.87636,145.87999
2024-01-02T02:51:23.895Z,145.87415,145.87840
2024-01-02T02:51:24.520Z,145.87744,145.88066
2024-01-02T02:51:25.656Z,145.87690,145.88119
2024-01-02T02:51:26.911Z,145.87599,145.88028
2024-01-02T02:51:27.476Z,145.88379,145.88761
2024-01-02T02:51:28.950Z,145.88098,145.88481
2024-01-02T02:51:29.736Z,145.87904,145.88354
2024-01-02T02:51:30.769Z,145.88274,145.88703
2024-01-02T02:51:31.474Z,145.88895,145.89218
2024-01-02T02:51:32.918Z,145.88834,145.89244
2024-01-02T02:51:34.168Z,145.88595,145.88990
2024-01-02T02:51:35.440Z,145.89275,145.89652
2024-01-02T02:51:35.973Z,145.88607,145.88954
2024-01-02T02:51:36.506Z,145.89216,145.89607
2024-01-02T02:51:37.025Z,145.88694,145.89101
2024-01-02T02:51:37.597Z,145.88911,145.89314
2024-01-02T02:51:38.661Z,145.88668,145.89103
2024-01-02T02:51:40.153Z,145.88285,145.88732
2024-01-02T02:51:41.106Z,145.87693,145.88097
2024-01-02T02:51:42.373Z,145.87805,145.88241
2024-01-02T02:51:43.495Z,145.88579,145.88970
2024-01-02T02:51:44.547Z,145.88650,145.89129
2024-01-02T02:51:45.792Z,145.88439,145.88895
2024-01-02T02:51:46.995Z,145.89170,145.89622
2024-01-02T02:51:47.694Z,145.89037,145.89489
2024-01-02T02:51:49.012Z,145.87929,145.88391
2024-01-02T02:51:50.275Z,145.86619,145.86945
2024-01-02T02:51:51.593Z,145.86696,145.87155
2024-01-02T02:51:52.294Z,145.86302,145.86741
2024-01-02T02:51:53.480Z,145.87933,145.88401
2024-01-02T02:51:54.637Z,145.88100,145.88430
2024-01-02T02:51:55.484Z,145.88858,145.89233
2024-01-02T02:51:56.908Z,145.87596,145.87928
2024-01-02T02:51:58.204Z,145.87648,145.87972
2024-01-02T02:51:59.341Z,145.86525,145.86962
2024-01-02T02:52:00.443Z,145.85540,145.85914
2024-01-02T02:52:01.705Z,145.84800,145.85120
2024-01-02T02:52:02.926Z,145.84231,145.84581
2024-01-02T02:52:03.933Z,145.84130,145.84538
2024-01-02T02:52:05.286Z,145.83586,145.83927
2024-01-02T02:52:06.092Z,145.83519,145.83893
2024-01-02T02:52:07.318Z,145.82987,145.83451
2024-01-02T02:52:08.438Z,145.83402,145.83749
2024-01-02T02:52:09.121Z,145.81759,145.82209
2024-01-02T02:52:10.521Z,145.81289,145.81657
2024-01-02T02:52:11.452Z,145.82240,145.82708
2024-01-02T02:52:12.389Z,145.82665,145.83106
2024-01-02T02:52:13.658Z,145.82579,145.82904
2024-01-02T02:52:14.972Z,145.82760,145.83189
2024-01-02T02:52:16.369Z,145.83111,145.83552
2024-01-02T02:52:16.947Z,145.83321,145.83746
2024-01-02T02:52:17.652Z,145.82760,145.83133
2024-01-02T02:52:18.332Z,145.80821,145.81204
2024-01-02T02:52:19.524Z,145.81284,145.81640
2024-01-02T02:52:20.098Z,145.81264,145.81734
2024-01-02T02:52:21.336Z,145.81855,145.82261
2024-01-02T02:52:21.853Z,145.81489,145.81831
2024-01-02T02:52:23.176Z,145.80204,145.80547
2024-01-02T02:52:24.545Z,145.79879,145.80331
2024-01-02T02:52:25.328Z,145.79971,145.80385
2024-01-02T02:52:26.796Z,145.79684,145.80024
2024-01-02T02:52:27.641Z,145.77921,145.78389
2024-01-02T02:52:28.415Z,145.78245,145.78593
2024-01-02T02:52:29.886Z,145.76508,145.76933
2024-01-02T02:52:31.049Z,145.76239,145.76643
2024-01-02T02:52:32.373Z,145.76193,145.76594
2024-01-02T02:52:33.405Z,145.76383,145.76771
2024-01-02T02:52:34.829Z,145.76423,145.76874
2024-01-02T02:52:35.827Z,145.77274,145.77705
2024-01-02T02:52:37.068Z,145.77998,145.78418
2024-01-02T02:52:38.416Z,145.77981,145.78419
2024-01-02T02:52:39.683Z,145.76788,145.77187
2024-01-02T02:52:40.685Z,145.76328,145.76738
2024-01-02T02:52:42.138Z,145.76312,145.76709
2024-01-02T02:52:42.969Z,145.76956,145.77379
2024-01-02T02:52:44.248Z,145.75784,145.76246
2024-01-02T02:52:45.409Z,145.76919,145.77378
2024-01-02T02:52:46.060Z,145.77245,145.77644
2024-01-02T02:52:46.913Z,145.76635,145.77024
2024-01-02T02:52:47.534Z,145.76669,145.77101
2024-01-02T02:52:48.791Z,145.77263,145.77642
2024-01-02T02:52:50.239Z,145.75942,145.76322
2024-01-02T02:52:50.756Z,145.75020,145.75380
2024-01-02T02:52:51.424Z,145.75476,145.75902
2024-01-02T02:52:52.222Z,145.75175,145.75565
2024-01-02T02:52:53.230Z,145.75769,145.76101
2024-01-02T02:52:54.325Z,145.75557,145.75877
2024-01-02T02:52:55.063Z,145.74874,145.75269
2024-01-02T02:52:56.050Z,145.74860,145.75260
2024-01-02T02:52:56.961Z,145.74789,145.75212
2024-01-02T02:52:58.428Z,145.74384,145.74728
2024-01-02T02:52:59.041Z,145.74756,145.75140
2024-01-02T02:52:59.846Z,145.73521,145.73850
2024-01-02T02:53:00.539Z,145.74206,145.74565
2024-01-02T02:53:01.791Z,145.74725,145.75108
2024-01-02T02:53:02.441Z,145.74072,145.74401
2024-01-02T02:53:03.249Z,145.74137,145.74527
2024-01-02T02:53:04.617Z,145.73847,145.74186
2024-01-02T02:53:05.830Z,145.74367,145.74809
2024-01-02T02:53:07.086Z,145.73064,145.73440
2024-01-02T02:53:07.829Z,145.71694,145.72097
2024-01-02T02:53:08.807Z,145.69463,145.69854
2024-01-02T02:53:09.657Z,145.69002,145.69338
2024-01-02T02:53:10.824Z,145.67429,145.67903
2024-01-02T02:53:11.500Z,145.67328,145.67718
2024-01-02T02:53:12.035Z,145.68088,145.68511
2024-01-02T02:53:13.500Z,145.68265,145.68697
2024-01-02T02:53:14.523Z,145.68855,145.69307
2024-01-02T02:53:15.942Z,145.68526,145.68927
2024-01-02T02:53:17.038Z,145.68113,145.68437
2024-01-02T02:53:17.858Z,145.68878,145.69346
2024-01-02T02:53:19.235Z,145.69104,145.69468
2024-01-02T02:53:20.226Z,145.69275,145.69635
2024-01-02T02:53:21.160Z,145.69235,145.69617
2024-01-02T02:53:22.176Z,145.69179,145.69634
2024-01-02T02:53:23.205Z,145.68964,145.69398
2024-01-02T02:53:24.386Z,145.69472,145.69932
2024-01-02T02:53:24.942Z,145.68863,145.69333
2024-01-02T02:53:26.412Z,145.69081,145.69523
2024-01-02T02:53:27.259Z,145.69056,145.69414
2024-01-02T02:53:28.177Z,145.68461,145.68858
2024-01-02T02:53:29.252Z,145.70337,145.70706
2024-01-02T02:53:30.542Z,145.69372,145.69830
2024-01-02T02:53:31.225Z,145.69308,145.69713
2024-01-02T02:53:31.904Z,145.69484,145.69871
2024-01-02T02:53:32.604Z,145.69230,145.69601
2024-01-02T02:53:33.453Z,145.69008,145.69332
2024-01-02T02:53:34.951Z,145.68455,145.68866
2024-01-02T02:53:36.166Z,145.69903,145.70381
2024-01-02T02:53:37.183Z,145.68387,145.68819
2024-01-02T02:53:37.706Z,145.68011,145.68369
2024-01-02T02:53:38.546Z,145.68625,145.69036
2024-01-02T02:53:39.588Z,145.68972,145.69307
2024-01-02T02:53:40.231Z,145.69090,145.69442
2024-01-02T02:53:40.983Z,145.69084,145.69531
2024-01-02T02:53:41.493Z,145.68435,145.68912
2024-01-02T02:53:42.056Z,145.67864,145.68285
2024-01-02T02:53:43.176Z,145.68386,145.68852
2024-01-02T02:53:43.711Z,145.68881,145.69264
2024-01-02T02:53:44.897Z,145.69051,145.69463
2024-01-02T02:53:46.384Z,145.68843,145.69213
2024-01-02T02:53:46.963Z,145.66820,145.67223
2024-01-02T02:53:47.834Z,145.68164,145.68504
2024-01-02T02:53:48.589Z,145.67491,145.67866
2024-01-02T02:53:50.088Z,145.66914,145.67369
2024-01-02T02:53:51.411Z,145.67388,145.67716
2024-01-02T02:53:52.047Z,145.66696,145.67127
2024-01-02T02:53:52.712Z,145.66338,145.66805
2024-01-02T02:53:53.505Z,145.66761,145.67100
2024-01-02T02:53:54.435Z,145.67216,145.67630
2024-01-02T02:53:55.156Z,145.66650,145.67024
2024-01-02T02:53:56.244Z,145.65995,145.66459
2024-01-02T02:53:57.291Z,145.66338,145.66679
2024-01-02T02:53:57.796Z,145.68563,145.68920
2024-01-02T02:53:58.911Z,145.67174,145.67553
2024-01-02T02:54:00.410Z,145.66805,145.67223
2024-01-02T02:54:01.475Z,145.66550,145.67003
2024-01-02T02:54:02.161Z,145.67153,145.67500
2024-01-02T02:54:02.944Z,145.67275,145.67677
2024-01-02T02:54:03.621Z,145.68157,145.68483
2024-01-02T02:54:04.946Z,145.69368,145.69752
2024-01-02T02:54:05.827Z,145.68333,145.68720
2024-01-02T02:54:06.416Z,145.67271,145.67701
2024-01-02T02:54:07.677Z,145.67639,145.68092
2024-01-02T02:54:08.689Z,145.67649,145.68127
2024-01-02T02:54:09.442Z,145.68943,145.69345
2024-01-02T02:54:10.659Z,145.68435,145.68838
2024-01-02T02:54:12.136Z,145.68536,145.69002
2024-01-02T02:54:13.488Z,145.68129,145.68604
2024-01-02T02:54:14.153Z,145.67447,145.67883
2024-01-02T02:54:15.336Z,145.67024,145.67372
2024-01-02T02:54:16.165Z,145.68040,145.68398
2024-01-02T02:54:17.566Z,145.67910,145.68345
2024-01-02T02:54:18.727Z,145.68315,145.68656
2024-01-02T02:54:20.137Z,145.69735,145.70149
2024-01-02T02:54:21.053Z,145.69870,145.70267
2024-01-02T02:54:22.522Z,145.70664,145.71035
2024-01-02T02:54:23.056Z,145.71177,145.71651
2024-01-02T02:54:23.944Z,145.71749,145.72103
2024-01-02T02:54:25.043Z,145.71999,145.72417
2024-01-02T02:54:25.937Z,145.70788,145.71159
2024-01-02T02:54:26.998Z,145.69972,145.70412
2024-01-02T02:54:28.321Z,145.69822,145.70149
2024-01-02T02:54:29.196Z,145.69394,145.69830
2024-01-02T02:54:30.341Z,145.70631,145.70968
2024-01-02T02:54:31.729Z,145.70116,145.70465
2024-01-02T02:54:32.326Z,145.68607,145.69050
2024-01-02T02:54:33.451Z,145.68164,145.68507
2024-01-02T02:54:34.708Z,145.68501,145.68917
2024-01-02T02:54:35.985Z,145.68083,145.68485
2024-01-02T02:54:37.213Z,145.67360,145.67811
2024-01-02T02:54:38.000Z,145.68887,145.69220
2024-01-02T02:54:38.862Z,145.70121,145.70550
2024-01-02T02:54:40.348Z,145.68920,145.69324
2024-01-02T02:54:41.131Z,145.67334,145.67789
2024-01-02T02:54:42.484Z,145.65799,145.66120
2024-01-02T02:54:43.266Z,145.66976,145.67428
2024-01-02T02:54:44.154Z,145.67306,145.67784
2024-01-02T02:54:45.235Z,145.67456,145.67860
2024-01-02T02:54:45.759Z,145.67789,145.68160
2024-01-02T02:54:47.014Z,145.68218,145.68630
2024-01-02T02:54:47.587Z,145.67925,145.68350
2024-01-02T02:54:48.211Z,145.68852,145.69245
2024-01-02T02:54:48.763Z,145.68864,145.69326
2024-01-02T02:54:49.566Z,145.69283,145.69701
2024-01-02T02:54:50.950Z,145.69134,145.69551
2024-01-02T02:54:51.752Z,145.69074,145.69477
2024-01-02T02:54:52.634Z,145.69271,145.69643
2024-01-02T02:54:53.771Z,145.68969,145.69304
2024-01-02T02:54:54.644Z,145.69257,145.69636
2024-01-02T02:54:55.826Z,145.69179,145.69657
2024-01-02T02:54:57.039Z,145.69134,145.69530
2024-01-02T02:54:58.381Z,145.69218,145.69543
2024-01-02T02:54:59.133Z,145.68839,145.69230
2024-01-02T02:55:00.380Z,145.68910,145.69352
2024-01-02T02:55:01.650Z,145.68816,145.69205
2024-01-02T02:55:02.362Z,145.69566,145.69911
2024-01-02T02:55:03.563Z,145.69471,145.69940
2024-01-02T02:55:04.974Z,145.69778,145.70146
2024-01-02T02:55:05.998Z,145.70097,145.70544
2024-01-02T02:55:07.001Z,145.70173,145.70623
2024-01-02T02:55:08.353Z,145.70118,145.70544
2024-01-02T02:55:09.061Z,145.70586,145.70995
2024-01-02T02:55:10.402Z,145.70073,145.70476
2024-01-02T02:55:11.063Z,145.69647,145.70021
2024-01-02T02:55:12.350Z,145.69522,145.69853
2024-01-02T02:55:13.322Z,145.68897,145.69305
2024-01-02T02:55:14.142Z,145.67302,145.67733
2024-01-02T02:55:15.525Z,145.68272,145.68630
2024-01-02T02:55:16.934Z,145.67874,145.68346
2024-01-02T02:55:18.068Z,145.67676,145.68060
2024-01-02T02:55:19.041Z,145.66751,145.67153
2024-01-02T02:55:20.128Z,145.65306,145.65632
2024-01-02T02:55:21.068Z,145.65165,145.65616
2024-01-02T02:55:22.418Z,145.65653,145.66049
2024-01-02T02:55:23.761Z,145.66872,145.67231
2024-01-02T02:55:24.397Z,145.66373,145.66853
2024-01-02T02:55:25.482Z,145.65024,145.65485
2024-01-02T02:55:26.881Z,145.66588,145.66957
2024-01-02T02:55:28.381Z,145.67276,145.67735
2024-01-02T02:55:29.875Z,145.67408,145.67744
2024-01-02T02:55:31.046Z,145.67725,145.68184
2024-01-02T02:55:31.624Z,145.67932,145.68285
2024-01-02T02:55:32.727Z,145.67990,145.68357
2024-01-02T02:55:33.453Z,145.68344,145.68712
2024-01-02T02:55:34.337Z,145.68144,145.68577
2024-01-02T02:55:34.994Z,145.68880,145.69247
2024-01-02T02:55:35.552Z,145.68886,145.69359
2024-01-02T02:55:36.332Z,145.69890,145.70247
2024-01-02T02:55:37.770Z,145.68942,145.69340
2024-01-02T02:55:39.184Z,145.68136,145.68457
2024-01-02T02:55:40.361Z,145.67966,145.68407
2024-01-02T02:55:41.547Z,145.66456,145.66832
2024-01-02T02:55:42.557Z,145.65684,145.66161
2024-01-02T02:55:43.453Z,145.66097,145.66457
2024-01-02T02:55:44.723Z,145.66751,145.67225
2024-01-02T02:55:45.360Z,145.67764,145.68210
2024-01-02T02:55:46.796Z,145.67789,145.68245
2024-01-02T02:55:47.938Z,145.67878,145.68237
2024-01-02T02:55:49.053Z,145.67729,145.68159
2024-01-02T02:55:50.106Z,145.68899,145.69261
2024-01-02T02:55:51.341Z,145.68451,145.68848
2024-01-02T02:55:51.862Z,145.68418,145.68849
2024-01-02T02:55:52.433Z,145.66975,145.67356
2024-01-02T02:55:53.296Z,145.67102,145.67548
2024-01-02T02:55:54.480Z,145.66874,145.67302
2024-01-02T02:55:55.314Z,145.67125,145.67581
2024-01-02T02:55:56.227Z,145.65637,145.66083
2024-01-02T02:55:57.402Z,145.66381,145.66823
2024-01-02T02:55:58.134Z,145.67912,145.68360
2024-01-02T02:55:59.067Z,145.67742,145.68149
2024-01-02T02:55:59.850Z,145.66962,145.67340
2024-01-02T02:56:00.749Z,145.67666,145.67987
2024-01-02T02:56:01.599Z,145.68690,145.69011
2024-01-02T02:56:02.605Z,145.70417,145.70862
2024-01-02T02:56:03.544Z,145.70014,145.70351
2024-01-02T02:56:04.796Z,145.70225,145.70694
2024-01-02T02:56:05.789Z,145.69206,145.69564
2024-01-02T02:56:06.667Z,145.69275,145.69708
2024-01-02T02:56:07.254Z,145.68510,145.68970
2024-01-02T02:56:08.379Z,145.68368,145.68707
2024-01-02T02:56:09.633Z,145.67676,145.68143
2024-01-02T02:56:11.130Z,145.67914,145.68382
2024-01-02T02:56:12.043Z,145.68611,145.69075
2024-01-02T02:56:13.058Z,145.69074,145.69439
2024-01-02T02:56:14.470Z,145.69063,145.69520
2024-01-02T02:56:15.520Z,145.68912,145.69355
2024-01-02T02:56:16.321Z,145.69396,145.69854
2024-01-02T02:56:17.551Z,145.70229,145.70565
2024-01-02T02:56:18.694Z,145.70833,145.71286
2024-01-02T02:56:19.696Z,145.70789,145.71122
2024-01-02T02:56:20.449Z,145.69937,145.70353
2024-01-02T02:56:21.664Z,145.68773,145.69143
2024-01-02T02:56:22.964Z,145.69097,145.69574
2024-01-02T02:56:24.059Z,145.68932,145.69361
2024-01-02T02:56:25.398Z,145.69425,145.69798
2024-01-02T02:56:26.419Z,145.68469,145.68909
2024-01-02T02:56:27.288Z,145.68463,145.68884
2024-01-02T02:56:28.679Z,145.69363,145.69696
2024-01-02T02:56:29.487Z,145.69344,145.69792
2024-01-02T02:56:30.260Z,145.69102,145.69423
2024-01-02T02:56:30.948Z,145.68617,145.69068
2024-01-02T02:56:32.372Z,145.67223,145.67693
2024-01-02T02:56:33.825Z,145.67470,145.67867
2024-01-02T02:56:35.087Z,145.67407,145.67856
2024-01-02T02:56:35.988Z,145.67173,145.67591
2024-01-02T02:56:36.636Z,145.67785,145.68156
2024-01-02T02:56:38.036Z,145.67998,145.68370
2024-01-02T02:56:39.322Z,145.69056,145.69464
2024-01-02T02:56:40.218Z,145.69289,145.69673
2024-01-02T02:56:41.473Z,145.68945,145.69405
2024-01-02T02:56:42.856Z,145.67959,145.68370
2024-01-02T02:56:44.060Z,145.69885,145.70273
2024-01-02T02:56:44.826Z,145.69038,145.69469
2024-01-02T02:56:45.978Z,145.68679,145.69027
2024-01-02T02:56:47.002Z,145.69361,145.69686
2024-01-02T02:56:48.249Z,145.69261,145.69731
2024-01-02T02:56:49.433Z,145.68427,145.68836
2024-01-02T02:56:50.835Z,145.67849,145.68319
2024-01-02T02:56:51.420Z,145.68879,145.69295
2024-01-02T02:56:51.920Z,145.68126,145.68515
2024-01-02T02:56:52.869Z,145.67150,145.67560
2024-01-02T02:56:53.834Z,145.65796,145.66181
2024-01-02T02:56:55.278Z,145.65330,145.65705
2024-01-02T02:56:56.208Z,145.65593,145.65951
2024-01-02T02:56:57.348Z,145.65355,145.65699
2024-01-02T02:56:58.844Z,145.65695,145.66082
2024-01-02T02:57:00.339Z,145.65253,145.65617
2024-01-02T02:57:00.906Z,145.65336,145.65715
2024-01-02T02:57:01.893Z,145.65283,145.65639
2024-01-02T02:57:03.199Z,145.66250,145.66706
2024-01-02T02:57:04.498Z,145.65200,145.65643
2024-01-02T02:57:05.881Z,145.65149,145.65493
2024-01-02T02:57:06.499Z,145.65467,145.65859
2024-01-02T02:57:07.903Z,145.64082,145.64448
2024-01-02T02:57:08.616Z,145.64776,145.65187
2024-01-02T02:57:09.540Z,145.63349,145.63775
2024-01-02T02:57:10.726Z,145.63245,145.63574
2024-01-02T02:57:11.637Z,145.62759,145.63109
2024-01-02T02:57:12.958Z,145.62571,145.63001
2024-01-02T02:57:13.885Z,145.62246,145.62686
2024-01-02T02:57:15.176Z,145.62071,145.62454
2024-01-02T02:57:15.975Z,145.63055,145.63434
2024-01-02T02:57:16.786Z,145.62485,145.62868
2024-01-02T02:57:17.964Z,145.63031,145.63453
2024-01-02T02:57:19.258Z,145.63781,145.64131
2024-01-02T02:57:20.611Z,145.63412,145.63831
2024-01-02T02:57:21.297Z,145.63170,145.63639
2024-01-02T02:57:22.504Z,145.62459,145.62832
2024-01-02T02:57:23.739Z,145.62424,145.62899
2024-01-02T02:57:24.572Z,145.62169,145.62558
2024-01-02T02:57:25.787Z,145.63338,145.63809
2024-01-02T02:57:27.018Z,145.64513,145.64840
2024-01-02T02:57:28.043Z,145.63778,145.64257
2024-01-02T02:57:29.362Z,145.64100,145.64440
2024-01-02T02:57:30.383Z,145.62383,145.62770
2024-01-02T02:57:31.111Z,145.62966,145.63342
2024-01-02T02:57:31.786Z,145.63086,145.63415
2024-01-02T02:57:33.095Z,145.63896,145.64344
2024-01-02T02:57:34.561Z,145.64279,145.64626
2024-01-02T02:57:35.481Z,145.66148,145.66475
2024-01-02T02:57:36.570Z,145.68220,145.68689
2024-01-02T02:57:37.196Z,145.68036,145.68379
2024-01-02T02:57:38.500Z,145.66949,145.67293
2024-01-02T02:57:39.044Z,145.67101,145.67426
2024-01-02T02:57:40.092Z,145.66160,145.66625
2024-01-02T02:57:40.989Z,145.65303,145.65733
2024-01-02T02:57:42.005Z,145.64426,145.64847
2024-01-02T02:57:43.458Z,145.63871,145.64323
2024-01-02T02:57:44.484Z,145.64096,145.64576
2024-01-02T02:57:45.802Z,145.63742,145.64150
2024-01-02T02:57:47.279Z,145.63144,145.63484
2024-01-02T02:57:48.511Z,145.64681,145.65113
2024-01-02T02:57:49.563Z,145.65685,145.66162
2024-01-02T02:57:51.002Z,145.66395,145.66740
2024-01-02T02:57:51.620Z,145.66832,145.67192
2024-01-02T02:57:52.947Z,145.65807,145.66193
2024-01-02T02:57:53.792Z,145.65646,145.66091
2024-01-02T02:57:54.440Z,145.65500,145.65929
2024-01-02T02:57:55.329Z,145.66003,145.66430
2024-01-02T02:57:56.147Z,145.64954,145.65376
2024-01-02T02:57:56.913Z,145.66189,145.66546
2024-01-02T02:57:57.594Z,145.65971,145.66383
2024-01-02T02:57:58.784Z,145.66107,145.66480
2024-01-02T02:57:59.323Z,145.66591,145.67059
2024-01-02T02:58:00.630Z,145.67965,145.68389
2024-01-02T02:58:01.481Z,145.67683,145.68121
2024-01-02T02:58:02.024Z,145.68975,145.69354
2024-01-02T02:58:03.046Z,145.69825,145.70271
2024-01-02T02:58:03.738Z,145.69345,145.69750
2024-01-02T02:58:04.323Z,145.68350,145.68757
2024-01-02T02:58:05.230Z,145.67344,145.67801
2024-01-02T02:58:06.339Z,145.66916,145.67274
2024-01-02T02:58:07.420Z,145.67585,145.67979
2024-01-02T02:58:08.189Z,145.67604,145.68054
2024-01-02T02:58:09.052Z,145.67507,145.67854
2024-01-02T02:58:09.904Z,145.66242,145.66690
2024-01-02T02:58:10.936Z,145.66272,145.66746
2024-01-02T02:58:11.530Z,145.68486,145.68919
2024-01-02T02:58:12.350Z,145.68647,145.68979
2024-01-02T02:58:13.043Z,145.69026,145.69397
2024-01-02T02:58:13.888Z,145.69844,145.70267
2024-01-02T02:58:14.691Z,145.69396,145.69870
2024-01-02T02:58:15.271Z,145.68558,145.69006
2024-01-02T02:58:16.492Z,145.69047,145.69399
2024-01-02T02:58:17.481Z,145.69013,145.69480
2024-01-02T02:58:18.519Z,145.69048,145.69414
2024-01-02T02:58:19.750Z,145.68478,145.68833
2024-01-02T02:58:20.889Z,145.68809,145.69151
2024-01-02T02:58:22.236Z,145.69011,145.69485
2024-01-02T02:58:22.792Z,145.69299,145.69626
2024-01-02T02:58:23.839Z,145.68972,145.69361
2024-01-02T02:58:25.132Z,145.69698,145.70098
2024-01-02T02:58:25.914Z,145.69100,145.69531
2024-01-02T02:58:26.516Z,145.69745,145.70116
2024-01-02T02:58:27.169Z,145.70153,145.70618
2024-01-02T02:58:28.437Z,145.68655,145.69067
2024-01-02T02:58:29.913Z,145.68578,145.68938
2024-01-02T02:58:31.114Z,145.68813,145.69272
2024-01-02T02:58:32.319Z,145.69382,145.69855
2024-01-02T02:58:33.419Z,145.69841,145.70274
2024-01-02T02:58:34.821Z,145.70270,145.70697
2024-01-02T02:58:35.915Z,145.70673,145.71019
2024-01-02T02:58:36.924Z,145.70821,145.71169
2024-01-02T02:58:38.006Z,145.71151,145.71512
2024-01-02T02:58:38.998Z,145.71852,145.72220
2024-01-02T02:58:40.458Z,145.71616,145.71997
2024-01-02T02:58:41.002Z,145.69699,145.70110
2024-01-02T02:58:42.214Z,145.70207,145.70537
2024-01-02T02:58:43.660Z,145.70010,145.70373
2024-01-02T02:58:44.983Z,145.69568,145.70046
2024-01-02T02:58:46.288Z,145.69964,145.70424
2024-01-02T02:58:47.732Z,145.71246,145.71570
2024-01-02T02:58:48.395Z,145.70457,145.70904
2024-01-02T02:58:49.590Z,145.69292,145.69617
2024-01-02T02:58:50.993Z,145.68910,145.69377
2024-01-02T02:58:52.352Z,145.68192,145.68543
2024-01-02T02:58:53.321Z,145.69391,145.69759
2024-01-02T02:58:54.246Z,145.69119,145.69502
2024-01-02T02:58:55.287Z,145.67918,145.68276
2024-01-02T02:58:56.189Z,145.68015,145.68470
2024-01-02T02:58:57.481Z,145.67775,145.68171
2024-01-02T02:58:58.253Z,145.67062,145.67386
2024-01-02T02:58:59.211Z,145.66768,145.67145
2024-01-02T02:59:00.002Z,145.67036,145.67360
2024-01-02T02:59:01.388Z,145.67285,145.67643
2024-01-02T02:59:02.833Z,145.66574,145.66925
2024-01-02T02:59:04.238Z,145.66747,145.67090
2024-01-02T02:59:05.537Z,145.65460,145.65841
2024-01-02T02:59:06.120Z,145.65844,145.66241
2024-01-02T02:59:07.619Z,145.65068,145.65488
2024-01-02T02:59:08.882Z,145.65359,145.65721
2024-01-02T02:59:09.651Z,145.66924,145.67325
2024-01-02T02:59:10.275Z,145.66919,145.67303
2024-01-02T02:59:11.566Z,145.67981,145.68395
2024-01-02T02:59:12.838Z,145.68233,145.68657
2024-01-02T02:59:13.502Z,145.67948,145.68298
2024-01-02T02:59:14.473Z,145.68318,145.68655
2024-01-02T02:59:15.878Z,145.67805,145.68143
2024-01-02T02:59:16.644Z,145.67658,145.68126
2024-01-02T02:59:17.672Z,145.67542,145.67984
2024-01-02T02:59:19.074Z,145.66956,145.67290
2024-01-02T02:59:20.546Z,145.67605,145.67965
2024-01-02T02:59:21.960Z,145.68128,145.68537
2024-01-02T02:59:22.905Z,145.67811,145.68198
2024-01-02T02:59:23.866Z,145.67612,145.68038
2024-01-02T02:59:24.471Z,145.67907,145.68330
2024-01-02T02:59:25.541Z,145.67181,145.67533
2024-01-02T02:59:27.020Z,145.65275,145.65708
2024-01-02T02:59:28.147Z,145.64771,145.65128
2024-01-02T02:59:29.587Z,145.65532,145.65858
2024-01-02T02:59:30.355Z,145.66803,145.67146
2024-01-02T02:59:31.765Z,145.67228,145.67637
2024-01-02T02:59:32.952Z,145.66626,145.66999
2024-01-02T02:59:33.902Z,145.66625,145.67052
2024-01-02T02:59:34.826Z,145.67155,145.67477
2024-01-02T02:59:35.806Z,145.66083,145.66511
2024-01-02T02:59:36.508Z,145.65638,145.65975
2024-01-02T02:59:37.209Z,145.65201,145.65611
2024-01-02T02:59:38.685Z,145.65411,145.65751
2024-01-02T02:59:39.957Z,145.65324,145.65697
2024-01-02T02:59:41.327Z,145.64808,145.65201
2024-01-02T02:59:41.967Z,145.63568,145.63985
2024-01-02T02:59:43.055Z,145.62869,145.63227
2024-01-02T02:59:43.787Z,145.62742,145.63219
2024-01-02T02:59:45.236Z,145.63556,145.63914
2024-01-02T02:59:46.428Z,145.62766,145.63226
2024-01-02T02:59:47.281Z,145.62789,145.63263
2024-01-02T02:59:47.791Z,145.62639,145.63050
2024-01-02T02:59:48.733Z,145.63429,145.63795
2024-01-02T02:59:49.942Z,145.63533,145.63904
2024-01-02T02:59:50.803Z,145.64899,145.65375
2024-01-02T02:59:51.622Z,145.64687,145.65090
2024-01-02T02:59:53.114Z,145.64955,145.65386
2024-01-02T02:59:53.974Z,145.65007,145.65419
2024-01-02T02:59:54.521Z,145.63712,145.64185
2024-01-02T02:59:55.088Z,145.63881,145.64283
2024-01-02T02:59:56.161Z,145.63038,145.63497
2024-01-02T02:59:56.967Z,145.64320,145.64649
2024-01-02T02:59:57.863Z,145.63928,145.64281
2024-01-02T02:59:58.570Z,145.62899,145.63228
2024-01-02T02:59:59.201Z,145.63190,145.63587
2024-01-02T03:00:00.273Z,145.63202,145.63597
2024-01-02T03:00:01.498Z,145.62093,145.62460
2024-01-02T03:00:02.648Z,145.61023,145.61502
2024-01-02T03:00:03.604Z,145.61166,145.61496
2024-01-02T03:00:04.957Z,145.60882,145.61333
2024-01-02T03:00:06.245Z,145.61250,145.61667
2024-01-02T03:00:06.764Z,145.61221,145.61685
2024-01-02T03:00:08.193Z,145.60743,145.61103
2024-01-02T03:00:08.817Z,145.60889,145.61367
2024-01-02T03:00:10.233Z,145.60864,145.61226
2024-01-02T03:00:11.284Z,145.62168,145.62494
2024-01-02T03:00:12.187Z,145.61884,145.62356
2024-01-02T03:00:13.016Z,145.61277,145.61606
2024-01-02T03:00:14.103Z,145.61619,145.61958
2024-01-02T03:00:14.995Z,145.62572,145.62967
2024-01-02T03:00:16.103Z,145.62211,145.62590
2024-01-02T03:00:17.285Z,145.61926,145.62278
2024-01-02T03:00:17.830Z,145.62757,145.63223
2024-01-02T03:00:19.001Z,145.61965,145.62307
2024-01-02T03:00:19.586Z,145.61023,145.61409
2024-01-02T03:00:20.113Z,145.60899,145.61247
2024-01-02T03:00:21.180Z,145.61692,145.62115
2024-01-02T03:00:22.539Z,145.62145,145.62543
2024-01-02T03:00:23.170Z,145.61426,145.61751
2024-01-02T03:00:24.571Z,145.61712,145.62087
2024-01-02T03:00:25.740Z,145.61320,145.61698
2024-01-02T03:00:26.339Z,145.61545,145.62001
2024-01-02T03:00:27.392Z,145.62087,145.62422
2024-01-02T03:00:28.656Z,145.61160,145.61558
2024-01-02T03:00:29.873Z,145.61530,145.61998
2024-01-02T03:00:30.994Z,145.62127,145.62451
2024-01-02T03:00:31.537Z,145.61899,145.62369
2024-01-02T03:00:32.361Z,145.61559,145.61904
2024-01-02T03:00:33.448Z,145.61148,145.61475
2024-01-02T03:00:34.431Z,145.60324,145.60798
2024-01-02T03:00:35.180Z,145.60984,145.61455
2024-01-02T03:00:36.041Z,145.61467,145.61819
2024-01-02T03:00:37.408Z,145.60922,145.61249
2024-01-02T03:00:37.917Z,145.60916,145.61376
2024-01-02T03:00:39.104Z,145.61996,145.62394
2024-01-02T03:00:40.548Z,145.62660,145.63034
2024-01-02T03:00:41.392Z,145.62389,145.62751
2024-01-02T03:00:42.518Z,145.61516,145.61955
2024-01-02T03:00:43.965Z,145.61862,145.62323
2024-01-02T03:00:44.770Z,145.61299,145.61671
2024-01-02T03:00:45.316Z,145.62096,145.62449
2024-01-02T03:00:46.788Z,145.62175,145.62517
2024-01-02T03:00:47.522Z,145.63172,145.63549
2024-01-02T03:00:48.371Z,145.63131,145.63570
2024-01-02T03:00:49.435Z,145.62937,145.63353
2024-01-02T03:00:50.803Z,145.63047,145.63380
2024-01-02T03:00:51.658Z,145.62583,145.62959
2024-01-02T03:00:53.047Z,145.63198,145.63589
2024-01-02T03:00:53.681Z,145.61287,145.61632
2024-01-02T03:00:54.649Z,145.61488,145.61947
2024-01-02T03:00:55.231Z,145.60508,145.60907
2024-01-02T03:00:56.524Z,145.61286,145.61648
2024-01-02T03:00:57.162Z,145.61689,145.62035
2024-01-02T03:00:58.329Z,145.61447,145.61900
2024-01-02T03:00:59.050Z,145.62173,145.62554
2024-01-02T03:00:59.646Z,145.61318,145.61776
2024-01-02T03:01:00.894Z,145.61832,145.62205
2024-01-02T03:01:01.622Z,145.62144,145.62600
2024-01-02T03:01:02.633Z,145.61027,145.61485
2024-01-02T03:01:03.341Z,145.61440,145.61892
2024-01-02T03:01:04.628Z,145.60532,145.60929
2024-01-02T03:01:05.908Z,145.59135,145.59480
2024-01-02T03:01:07.156Z,145.58472,145.58869
2024-01-02T03:01:08.282Z,145.59126,145.59592
2024-01-02T03:01:09.662Z,145.59751,145.60180
2024-01-02T03:01:10.254Z,145.60661,145.61122
2024-01-02T03:01:11.354Z,145.60302,145.60763
2024-01-02T03:01:11.899Z,145.61801,145.62243
2024-01-02T03:01:12.956Z,145.61692,145.62040
2024-01-02T03:01:14.455Z,145.62095,145.62438
2024-01-02T03:01:15.332Z,145.61195,145.61554
2024-01-02T03:01:16.524Z,145.59499,145.59841
2024-01-02T03:01:17.677Z,145.59451,145.59789
2024-01-02T03:01:18.654Z,145.58479,145.58878
2024-01-02T03:01:20.054Z,145.59239,145.59646
2024-01-02T03:01:21.005Z,145.60164,145.60535
2024-01-02T03:01:22.028Z,145.59975,145.60303
2024-01-02T03:01:22.616Z,145.59633,145.60025
2024-01-02T03:01:23.449Z,145.59801,145.60161
2024-01-02T03:01:24.575Z,145.59464,145.59810
2024-01-02T03:01:25.195Z,145.59203,145.59635
2024-01-02T03:01:25.910Z,145.59749,145.60093
2024-01-02T03:01:26.433Z,145.60214,145.60638
2024-01-02T03:01:27.559Z,145.59042,145.59468
2024-01-02T03:01:28.319Z,145.60462,145.60823
2024-01-02T03:01:28.978Z,145.62187,145.62566
2024-01-02T03:01:29.534Z,145.61815,145.62255
2024-01-02T03:01:30.569Z,145.61158,145.61617
2024-01-02T03:01:31.188Z,145.61109,145.61450
2024-01-02T03:01:31.871Z,145.60242,145.60710
2024-01-02T03:01:32.421Z,145.61255,145.61655
2024-01-02T03:01:33.497Z,145.61347,145.61751
2024-01-02T03:01:34.215Z,145.60559,145.60965
2024-01-02T03:01:35.463Z,145.61156,145.61584
2024-01-02T03:01:36.327Z,145.60473,145.60950
2024-01-02T03:01:37.748Z,145.60545,145.61024
2024-01-02T03:01:38.431Z,145.61715,145.62164
2024-01-02T03:01:39.521Z,145.62763,145.63091
2024-01-02T03:01:40.130Z,145.61950,145.62373
2024-01-02T03:01:41.132Z,145.60849,145.61180
2024-01-02T03:01:42.259Z,145.60766,145.61107
2024-01-02T03:01:42.794Z,145.60343,145.60787
2024-01-02T03:01:43.351Z,145.60950,145.61372
2024-01-02T03:01:43.992Z,145.60116,145.60484
2024-01-02T03:01:44.703Z,145.60532,145.60948
2024-01-02T03:01:45.233Z,145.60246,145.60673
2024-01-02T03:01:46.713Z,145.61032,145.61375
2024-01-02T03:01:48.202Z,145.61201,145.61639
2024-01-02T03:01:49.385Z,145.60717,145.61149
2024-01-02T03:01:50.793Z,145.61241,145.61634
2024-01-02T03:01:52.158Z,145.62770,145.63090
2024-01-02T03:01:53.413Z,145.63928,145.64284
2024-01-02T03:01:54.605Z,145.63477,145.63869
2024-01-02T03:01:55.673Z,145.64167,145.64629
2024-01-02T03:01:56.537Z,145.64229,145.64618
2024-01-02T03:01:57.174Z,145.63825,145.64186
2024-01-02T03:01:58.481Z,145.63732,145.64188
2024-01-02T03:01:59.757Z,145.64136,145.64470
2024-01-02T03:02:01.024Z,145.64468,145.64916
2024-01-02T03:02:01.998Z,145.64525,145.64950
2024-01-02T03:02:02.817Z,145.64719,145.65046
2024-01-02T03:02:04.029Z,145.63787,145.64234
2024-01-02T03:02:05.118Z,145.63095,145.63561
2024-01-02T03:02:05.855Z,145.63091,145.63453
2024-01-02T03:02:06.907Z,145.62944,145.63336
2024-01-02T03:02:07.768Z,145.62909,145.63374
2024-01-02T03:02:08.293Z,145.63638,145.63972
2024-01-02T03:02:09.464Z,145.64190,145.64631
2024-01-02T03:02:10.535Z,145.63793,145.64193
2024-01-02T03:02:11.214Z,145.62964,145.63348
2024-01-02T03:02:12.490Z,145.62032,145.62476
2024-01-02T03:02:13.550Z,145.62183,145.62525
2024-01-02T03:02:14.969Z,145.62086,145.62453
2024-01-02T03:02:15.646Z,145.61913,145.62292
2024-01-02T03:02:16.190Z,145.62654,145.63084
2024-01-02T03:02:17.690Z,145.62708,145.63122
2024-01-02T03:02:19.110Z,145.62362,145.62778
2024-01-02T03:02:19.618Z,145.63175,145.63499
2024-01-02T03:02:20.961Z,145.63408,145.63843
2024-01-02T03:02:21.669Z,145.65035,145.65469
2024-01-02T03:02:22.695Z,145.64587,145.64979
2024-01-02T03:02:23.684Z,145.64841,145.65317
2024-01-02T03:02:24.287Z,145.65450,145.65902
2024-01-02T03:02:24.854Z,145.66171,145.66631
2024-01-02T03:02:25.372Z,145.65870,145.66224
2024-01-02T03:02:26.470Z,145.66382,145.66758
2024-01-02T03:02:27.305Z,145.67843,145.68209
2024-01-02T03:02:27.943Z,145.66343,145.66722
2024-01-02T03:02:28.697Z,145.67082,145.67506
2024-01-02T03:02:29.303Z,145.67106,145.67580
2024-01-02T03:02:30.150Z,145.67040,145.67373
2024-01-02T03:02:30.956Z,145.67866,145.68256
2024-01-02T03:02:31.731Z,145.67733,145.68090
2024-01-02T03:02:32.543Z,145.66867,145.67302
2024-01-02T03:02:33.072Z,145.65214,145.65582
2024-01-02T03:02:33.907Z,145.65565,145.65917
2024-01-02T03:02:34.751Z,145.64547,145.64952
2024-01-02T03:02:35.602Z,145.63736,145.64074
2024-01-02T03:02:36.979Z,145.63970,145.64441
2024-01-02T03:02:38.041Z,145.63773,145.64127
2024-01-02T03:02:39.128Z,145.64416,145.64855
2024-01-02T03:02:40.301Z,145.64618,145.64951
2024-01-02T03:02:41.000Z,145.63158,145.63594
2024-01-02T03:02:42.063Z,145.63181,145.63506
2024-01-02T03:02:42.749Z,145.62800,145.63140
2024-01-02T03:02:44.012Z,145.62603,145.63081
2024-01-02T03:02:44.742Z,145.62090,145.62487
2024-01-02T03:02:45.285Z,145.62439,145.62833
2024-01-02T03:02:46.050Z,145.60566,145.60990
2024-01-02T03:02:47.031Z,145.59469,145.59833
2024-01-02T03:02:47.741Z,145.59999,145.60470
2024-01-02T03:02:48.734Z,145.60315,145.60682
2024-01-02T03:02:49.268Z,145.60772,145.61141
2024-01-02T03:02:50.667Z,145.60099,145.60475
2024-01-02T03:02:51.601Z,145.60533,145.60905
2024-01-02T03:02:52.717Z,145.60569,145.61016
2024-01-02T03:02:53.695Z,145.61762,145.62102
2024-01-02T03:02:54.603Z,145.61999,145.62334
2024-01-02T03:02:55.234Z,145.61930,145.62338
2024-01-02T03:02:56.283Z,145.61635,145.62015
2024-01-02T03:02:57.294Z,145.62409,145.62773
2024-01-02T03:02:58.670Z,145.62633,145.62971
2024-01-02T03:03:00.129Z,145.62058,145.62480
2024-01-02T03:03:01.292Z,145.62449,145.62771
2024-01-02T03:03:02.390Z,145.62161,145.62579
2024-01-02T03:03:03.551Z,145.61897,145.62232
2024-01-02T03:03:04.563Z,145.61252,145.61600
2024-01-02T03:03:05.076Z,145.61794,145.62215
2024-01-02T03:03:06.456Z,145.62107,145.62439
2024-01-02T03:03:07.510Z,145.61919,145.62295
2024-01-02T03:03:08.185Z,145.61225,145.61696
2024-01-02T03:03:09.399Z,145.61134,145.61599
2024-01-02T03:03:10.290Z,145.59860,145.60208
2024-01-02T03:03:11.756Z,145.60003,145.60355
2024-01-02T03:03:13.100Z,145.60915,145.61317
2024-01-02T03:03:14.400Z,145.62114,145.62579
2024-01-02T03:03:15.892Z,145.62564,145.63032
2024-01-02T03:03:16.485Z,145.62489,145.62968
2024-01-02T03:03:17.024Z,145.62068,145.62495
2024-01-02T03:03:18.206Z,145.61376,145.61724
2024-01-02T03:03:19.611Z,145.60969,145.61308
2024-01-02T03:03:21.052Z,145.59692,145.60021
2024-01-02T03:03:22.289Z,145.61107,145.61466
2024-01-02T03:03:23.394Z,145.62152,145.62571
2024-01-02T03:03:24.708Z,145.62683,145.63044
2024-01-02T03:03:25.374Z,145.62620,145.63049
2024-01-02T03:03:26.553Z,145.62561,145.63018
2024-01-02T03:03:27.088Z,145.63005,145.63470
2024-01-02T03:03:28.314Z,145.62315,145.62705
2024-01-02T03:03:29.007Z,145.62913,145.63234
2024-01-02T03:03:30.393Z,145.62427,145.62855
2024-01-02T03:03:30.969Z,145.62056,145.62461
2024-01-02T03:03:32.405Z,145.62427,145.62870
2024-01-02T03:03:33.882Z,145.61388,145.61817
2024-01-02T03:03:34.760Z,145.61171,145.61623
2024-01-02T03:03:35.779Z,145.61020,145.61450
2024-01-02T03:03:36.359Z,145.60917,145.61338
2024-01-02T03:03:37.854Z,145.60580,145.61025
2024-01-02T03:03:38.872Z,145.61264,145.61706
2024-01-02T03:03:39.913Z,145.61694,145.62169
2024-01-02T03:03:40.871Z,145.60858,145.61238
2024-01-02T03:03:42.149Z,145.60323,145.60770
2024-01-02T03:03:43.140Z,145.61002,145.61345
2024-01-02T03:03:43.774Z,145.60413,145.60859
2024-01-02T03:03:44.701Z,145.60828,145.61210
2024-01-02T03:03:45.247Z,145.62308,145.62659
2024-01-02T03:03:45.969Z,145.61638,145.62010
2024-01-02T03:03:46.838Z,145.61550,145.61985
2024-01-02T03:03:48.255Z,145.59866,145.60302
2024-01-02T03:03:49.391Z,145.59717,145.60165
2024-01-02T03:03:50.481Z,145.60863,145.61218
2024-01-02T03:03:51.263Z,145.59692,145.60167
2024-01-02T03:03:51.842Z,145.59143,145.59502
2024-01-02T03:03:52.830Z,145.59852,145.60301
2024-01-02T03:03:53.522Z,145.59735,145.60169
2024-01-02T03:03:54.967Z,145.60386,145.60757
2024-01-02T03:03:56.173Z,145.60568,145.61006
2024-01-02T03:03:56.910Z,145.60915,145.61305
2024-01-02T03:03:58.203Z,145.60882,145.61337
2024-01-02T03:03:58.705Z,145.61341,145.61716
2024-01-02T03:03:59.351Z,145.61152,145.61501
2024-01-02T03:04:00.348Z,145.60147,145.60531
2024-01-02T03:04:01.026Z,145.60010,145.60384
2024-01-02T03:04:02.426Z,145.60275,145.60659
2024-01-02T03:04:03.077Z,145.59951,145.60297
2024-01-02T03:04:03.926Z,145.60370,145.60747
2024-01-02T03:04:05.149Z,145.58868,145.59296
2024-01-02T03:04:06.249Z,145.60017,145.60475
2024-01-02T03:04:06.930Z,145.61657,145.62087
2024-01-02T03:04:08.057Z,145.61035,145.61451
2024-01-02T03:04:08.799Z,145.61262,145.61715
2024-01-02T03:04:10.090Z,145.61095,145.61488
2024-01-02T03:04:10.693Z,145.60972,145.61429
2024-01-02T03:04:12.128Z,145.60893,145.61311
2024-01-02T03:04:12.797Z,145.62165,145.62501
2024-01-02T03:04:14.255Z,145.61730,145.62125
2024-01-02T03:04:15.275Z,145.62844,145.63242
2024-01-02T03:04:15.962Z,145.62823,145.63277
2024-01-02T03:04:16.862Z,145.63057,145.63387
2024-01-02T03:04:17.504Z,145.62387,145.62730
2024-01-02T03:04:18.698Z,145.62293,145.62655
2024-01-02T03:04:19.551Z,145.63123,145.63464
2024-01-02T03:04:21.020Z,145.62011,145.62372
2024-01-02T03:04:21.821Z,145.62667,145.63019
2024-01-02T03:04:23.088Z,145.61800,145.62226
2024-01-02T03:04:23.963Z,145.62876,145.63273
2024-01-02T03:04:25.000Z,145.62496,145.62898
2024-01-02T03:04:25.930Z,145.61725,145.62145
2024-01-02T03:04:26.860Z,145.62744,145.63181
2024-01-02T03:04:28.060Z,145.62945,145.63325
2024-01-02T03:04:28.846Z,145.62888,145.63335
2024-01-02T03:04:29.463Z,145.63819,145.64149
2024-01-02T03:04:29.972Z,145.63975,145.64389
2024-01-02T03:04:30.871Z,145.64141,145.64554
2024-01-02T03:04:31.701Z,145.64855,145.65256
2024-01-02T03:04:33.142Z,145.63905,145.64329
2024-01-02T03:04:34.518Z,145.62803,145.63256
2024-01-02T03:04:35.408Z,145.63403,145.63735
2024-01-02T03:04:36.193Z,145.63498,145.63836
2024-01-02T03:04:37.084Z,145.63365,145.63724
2024-01-02T03:04:38.434Z,145.62833,145.63306
2024-01-02T03:04:39.917Z,145.62399,145.62780
2024-01-02T03:04:41.416Z,145.62749,145.63082
2024-01-02T03:04:42.353Z,145.63671,145.64015
2024-01-02T03:04:43.386Z,145.63255,145.63638
2024-01-02T03:04:44.692Z,145.63295,145.63708
2024-01-02T03:04:46.169Z,145.65428,145.65770
2024-01-02T03:04:46.775Z,145.66283,145.66648
2024-01-02T03:04:48.182Z,145.65607,145.66085
2024-01-02T03:04:49.148Z,145.66651,145.67103
2024-01-02T03:04:50.472Z,145.66695,145.67141
2024-01-02T03:04:51.345Z,145.66364,145.66773
2024-01-02T03:04:52.711Z,145.65900,145.66299
2024-01-02T03:04:54.191Z,145.65203,145.65620
2024-01-02T03:04:54.882Z,145.64663,145.65031
2024-01-02T03:04:56.026Z,145.63515,145.63937
2024-01-02T03:04:57.253Z,145.62826,145.63173
2024-01-02T03:04:58.482Z,145.63089,145.63445
2024-01-02T03:04:59.503Z,145.63832,145.64183
2024-01-02T03:05:00.362Z,145.63812,145.64159
2024-01-02T03:05:01.177Z,145.64283,145.64650
2024-01-02T03:05:02.097Z,145.64036,145.64394
2024-01-02T03:05:02.923Z,145.62837,145.63270
2024-01-02T03:05:03.988Z,145.61428,145.61766
2024-01-02T03:05:04.893Z,145.62603,145.62967
2024-01-02T03:05:05.942Z,145.61708,145.62038
2024-01-02T03:05:06.907Z,145.60536,145.61016
2024-01-02T03:05:08.238Z,145.60757,145.61210
2024-01-02T03:05:09.578Z,145.60457,145.60834
2024-01-02T03:05:10.314Z,145.60882,145.61252
2024-01-02T03:05:11.272Z,145.60299,145.60736
2024-01-02T03:05:12.079Z,145.60417,145.60813
2024-01-02T03:05:13.175Z,145.61509,145.61914
2024-01-02T03:05:14.282Z,145.60327,145.60803
2024-01-02T03:05:14.971Z,145.60738,145.61074
2024-01-02T03:05:15.924Z,145.61024,145.61501
2024-01-02T03:05:16.646Z,145.60023,145.60344
2024-01-02T03:05:17.661Z,145.60101,145.60494
2024-01-02T03:05:18.627Z,145.61879,145.62344
2024-01-02T03:05:19.910Z,145.60934,145.61399
2024-01-02T03:05:21.050Z,145.62337,145.62811
2024-01-02T03:05:21.592Z,145.62431,145.62884
2024-01-02T03:05:22.798Z,145.61354,145.61820
2024-01-02T03:05:23.905Z,145.62095,145.62444
2024-01-02T03:05:25.262Z,145.62232,145.62568
2024-01-02T03:05:26.186Z,145.62117,145.62559
2024-01-02T03:05:27.186Z,145.62340,145.62793
2024-01-02T03:05:28.660Z,145.63091,145.63428
2024-01-02T03:05:30.100Z,145.63438,145.63787
2024-01-02T03:05:31.487Z,145.63286,145.63675
2024-01-02T03:05:32.951Z,145.63107,145.63499
2024-01-02T03:05:34.312Z,145.62722,145.63100
2024-01-02T03:05:35.049Z,145.62102,145.62444
2024-01-02T03:05:36.114Z,145.61759,145.62204
2024-01-02T03:05:37.383Z,145.61974,145.62445
2024-01-02T03:05:38.286Z,145.63100,145.63507
2024-01-02T03:05:39.726Z,145.63500,145.63944
2024-01-02T03:05:40.466Z,145.64006,145.64390
2024-01-02T03:05:41.217Z,145.64017,145.64378
2024-01-02T03:05:42.371Z,145.62729,145.63104
2024-01-02T03:05:43.099Z,145.62495,145.62896
2024-01-02T03:05:44.495Z,145.62269,145.62598
2024-01-02T03:05:45.575Z,145.61532,145.61986
2024-01-02T03:05:46.981Z,145.61836,145.62164
2024-01-02T03:05:48.464Z,145.62611,145.63053
2024-01-02T03:05:49.567Z,145.61770,145.62217
2024-01-02T03:05:50.278Z,145.61963,145.62350
2024-01-02T03:05:51.162Z,145.63100,145.63574
2024-01-02T03:05:52.473Z,145.62301,145.62648
2024-01-02T03:05:53.204Z,145.63075,145.63406
2024-01-02T03:05:53.781Z,145.63384,145.63797
2024-01-02T03:05:54.488Z,145.64634,145.65020
2024-01-02T03:05:55.321Z,145.65062,145.65494
2024-01-02T03:05:56.109Z,145.65053,145.65375
2024-01-02T03:05:57.572Z,145.66106,145.66505
2024-01-02T03:05:58.528Z,145.65540,145.65917
2024-01-02T03:06:00.026Z,145.65106,145.65532
2024-01-02T03:06:01.418Z,145.65685,145.66010
2024-01-02T03:06:02.508Z,145.64971,145.65329
2024-01-02T03:06:03.119Z,145.63381,145.63807
2024-01-02T03:06:03.751Z,145.63323,145.63708
2024-01-02T03:06:04.817Z,145.62250,145.62700
2024-01-02T03:06:05.594Z,145.61928,145.62347
2024-01-02T03:06:06.708Z,145.62515,145.62972
2024-01-02T03:06:07.381Z,145.62799,145.63264
2024-01-02T03:06:07.912Z,145.64079,145.64416
2024-01-02T03:06:09.152Z,145.65517,145.65980
2024-01-02T03:06:10.152Z,145.66337,145.66673
2024-01-02T03:06:10.840Z,145.67245,145.67639
2024-01-02T03:06:11.850Z,145.65330,145.65720
2024-01-02T03:06:12.803Z,145.65323,145.65769
2024-01-02T03:06:13.844Z,145.66021,145.66364
2024-01-02T03:06:14.875Z,145.66584,145.66963
2024-01-02T03:06:16.181Z,145.67308,145.67711
2024-01-02T03:06:16.968Z,145.66968,145.67361
2024-01-02T03:06:18.025Z,145.65884,145.66237
2024-01-02T03:06:19.090Z,145.65489,145.65873
2024-01-02T03:06:20.054Z,145.65623,145.66051
2024-01-02T03:06:21.345Z,145.66930,145.67302
2024-01-02T03:06:22.383Z,145.66785,145.67232
2024-01-02T03:06:23.810Z,145.66167,145.66596
2024-01-02T03:06:25.117Z,145.66291,145.66760
2024-01-02T03:06:25.999Z,145.65658,145.66041
2024-01-02T03:06:26.892Z,145.66953,145.67372
2024-01-02T03:06:27.915Z,145.67261,145.67624
2024-01-02T03:06:28.811Z,145.66557,145.66963
2024-01-02T03:06:30.138Z,145.66141,145.66603
2024-01-02T03:06:30.868Z,145.66369,145.66827
2024-01-02T03:06:31.998Z,145.65280,145.65724
2024-01-02T03:06:33.073Z,145.66528,145.66978
2024-01-02T03:06:34.199Z,145.66187,145.66550
2024-01-02T03:06:35.695Z,145.66867,145.67228
2024-01-02T03:06:36.228Z,145.66298,145.66663
2024-01-02T03:06:37.195Z,145.64931,145.65262
2024-01-02T03:06:38.492Z,145.64029,145.64409
2024-01-02T03:06:39.919Z,145.64216,145.64583
2024-01-02T03:06:40.478Z,145.64416,145.64776
2024-01-02T03:06:41.677Z,145.63424,145.63800
2024-01-02T03:06:42.485Z,145.63590,145.63954
2024-01-02T03:06:43.451Z,145.64353,145.64788
2024-01-02T03:06:43.997Z,145.64075,145.64533
2024-01-02T03:06:44.844Z,145.64259,145.64596
2024-01-02T03:06:45.805Z,145.64207,145.64598
2024-01-02T03:06:46.348Z,145.64623,145.64972
2024-01-02T03:06:46.857Z,145.65497,145.65927
2024-01-02T03:06:47.940Z,145.66694,145.67092
2024-01-02T03:06:49.377Z,145.66338,145.66772
2024-01-02T03:06:50.509Z,145.66662,145.67103
2024-01-02T03:06:51.753Z,145.66228,145.66638
2024-01-02T03:06:52.656Z,145.65706,145.66185
2024-01-02T03:06:53.810Z,145.65115,145.65483
2024-01-02T03:06:54.361Z,145.63908,145.64231
2024-01-02T03:06:55.513Z,145.63603,145.64015
2024-01-02T03:06:56.741Z,145.64414,145.64854
2024-01-02T03:06:57.691Z,145.63897,145.64279
2024-01-02T03:06:58.426Z,145.64246,145.64650
2024-01-02T03:06:59.403Z,145.64453,145.64864
2024-01-02T03:07:00.561Z,145.64756,145.65087
2024-01-02T03:07:01.123Z,145.64666,145.65054
2024-01-02T03:07:01.977Z,145.63779,145.64154
2024-01-02T03:07:03.094Z,145.63056,145.63458
2024-01-02T03:07:04.224Z,145.61935,145.62329
2024-01-02T03:07:05.303Z,145.61643,145.61983
2024-01-02T03:07:06.518Z,145.62237,145.62590
2024-01-02T03:07:07.647Z,145.62443,145.62798
2024-01-02T03:07:08.543Z,145.62801,145.63270
2024-01-02T03:07:09.878Z,145.63307,145.63691
2024-01-02T03:07:10.419Z,145.62560,145.63004
2024-01-02T03:07:11.582Z,145.62265,145.62673
2024-01-02T03:07:12.852Z,145.62069,145.62463
2024-01-02T03:07:13.848Z,145.60835,145.61293
2024-01-02T03:07:14.592Z,145.61498,145.61974
2024-01-02T03:07:15.758Z,145.61042,145.61439
2024-01-02T03:07:16.644Z,145.60223,145.60559
2024-01-02T03:07:17.163Z,145.60353,145.60684
2024-01-02T03:07:18.086Z,145.60814,145.61229
2024-01-02T03:07:18.653Z,145.61484,145.61948
2024-01-02T03:07:19.288Z,145.62448,145.62792
2024-01-02T03:07:20.295Z,145.61956,145.62347
2024-01-02T03:07:21.328Z,145.62003,145.62391
2024-01-02T03:07:22.430Z,145.63211,145.63574
2024-01-02T03:07:23.577Z,145.64208,145.64607
2024-01-02T03:07:25.068Z,145.63788,145.64144
2024-01-02T03:07:25.707Z,145.63716,145.64184
2024-01-02T03:07:26.283Z,145.63861,145.64201
2024-01-02T03:07:27.439Z,145.64254,145.64655
2024-01-02T03:07:28.347Z,145.62995,145.63316
2024-01-02T03:07:29.495Z,145.62415,145.62878
2024-01-02T03:07:30.275Z,145.61612,145.61976
2024-01-02T03:07:31.439Z,145.60904,145.61350
2024-01-02T03:07:32.732Z,145.61141,145.61503
2024-01-02T03:07:33.966Z,145.62007,145.62336
2024-01-02T03:07:35.306Z,145.61304,145.61724
2024-01-02T03:07:36.211Z,145.61269,145.61603
2024-01-02T03:07:37.289Z,145.60166,145.60635
2024-01-02T03:07:38.129Z,145.61142,145.61548
2024-01-02T03:07:39.337Z,145.61163,145.61595
2024-01-02T03:07:40.222Z,145.61427,145.61812
2024-01-02T03:07:41.415Z,145.61561,145.61923
2024-01-02T03:07:42.047Z,145.60545,145.60903
2024-01-02T03:07:43.011Z,145.60508,145.60963
2024-01-02T03:07:43.840Z,145.58316,145.58767
2024-01-02T03:07:44.589Z,145.58682,145.59052
2024-01-02T03:07:45.915Z,145.58199,145.58524
2024-01-02T03:07:46.682Z,145.58176,145.58517
2024-01-02T03:07:47.771Z,145.56486,145.56849
2024-01-02T03:07:48.344Z,145.56680,145.57131
2024-01-02T03:07:49.693Z,145.54944,145.55404
2024-01-02T03:07:50.506Z,145.55007,145.55458
2024-01-02T03:07:51.829Z,145.54712,145.55170
2024-01-02T03:07:53.308Z,145.55099,145.55440
2024-01-02T03:07:54.807Z,145.54271,145.54629
2024-01-02T03:07:55.430Z,145.53613,145.53973
2024-01-02T03:07:56.209Z,145.54226,145.54572
2024-01-02T03:07:57.263Z,145.55123,145.55584
2024-01-02T03:07:58.474Z,145.54829,145.55288
2024-01-02T03:07:59.182Z,145.54833,145.55246
2024-01-02T03:07:59.892Z,145.53899,145.54356
2024-01-02T03:08:00.552Z,145.53689,145.54046
2024-01-02T03:08:01.064Z,145.53625,145.53986
2024-01-02T03:08:02.101Z,145.54164,145.54492
2024-01-02T03:08:03.415Z,145.54100,145.54537
2024-01-02T03:08:04.119Z,145.52628,145.53096
2024-01-02T03:08:05.027Z,145.52570,145.52923
2024-01-02T03:08:06.356Z,145.52107,145.52520
2024-01-02T03:08:07.731Z,145.50771,145.51093
2024-01-02T03:08:08.480Z,145.51946,145.52358
2024-01-02T03:08:09.226Z,145.51475,145.51855
2024-01-02T03:08:10.679Z,145.51961,145.52390
2024-01-02T03:08:12.046Z,145.51870,145.52278
2024-01-02T03:08:12.919Z,145.51739,145.52202
2024-01-02T03:08:13.945Z,145.50574,145.50984
2024-01-02T03:08:15.020Z,145.49861,145.50206
2024-01-02T03:08:15.815Z,145.50400,145.50852
2024-01-02T03:08:16.627Z,145.49692,145.50086
2024-01-02T03:08:17.823Z,145.49377,145.49822
2024-01-02T03:08:18.961Z,145.49286,145.49760
2024-01-02T03:08:20.112Z,145.49709,145.50151
2024-01-02T03:08:20.767Z,145.48249,145.48675
2024-01-02T03:08:21.737Z,145.47241,145.47677
2024-01-02T03:08:22.987Z,145.47096,145.47534
2024-01-02T03:08:24.030Z,145.46204,145.46583
2024-01-02T03:08:25.352Z,145.46351,145.46816
2024-01-02T03:08:26.310Z,145.46502,145.46953
2024-01-02T03:08:26.967Z,145.46708,145.47181
2024-01-02T03:08:28.258Z,145.45233,145.45598
2024-01-02T03:08:29.125Z,145.43658,145.44054
2024-01-02T03:08:30.028Z,145.43617,145.43975
2024-01-02T03:08:30.994Z,145.43157,145.43598
2024-01-02T03:08:31.655Z,145.42153,145.42581
2024-01-02T03:08:32.866Z,145.42167,145.42535
2024-01-02T03:08:33.549Z,145.42486,145.42809
2024-01-02T03:08:34.942Z,145.42875,145.43195
2024-01-02T03:08:36.205Z,145.42870,145.43346
2024-01-02T03:08:36.985Z,145.42622,145.43050
2024-01-02T03:08:38.417Z,145.42621,145.43028
2024-01-02T03:08:39.765Z,145.42714,145.43106
2024-01-02T03:08:40.815Z,145.41147,145.41487
2024-01-02T03:08:41.671Z,145.40396,145.40876
2024-01-02T03:08:42.839Z,145.40266,145.40680
2024-01-02T03:08:44.216Z,145.40137,145.40563
2024-01-02T03:08:45.432Z,145.40436,145.40811
2024-01-02T03:08:46.333Z,145.40864,145.41240
2024-01-02T03:08:47.115Z,145.39686,145.40079
2024-01-02T03:08:48.258Z,145.40032,145.40404
2024-01-02T03:08:49.591Z,145.40187,145.40658
2024-01-02T03:08:50.554Z,145.40391,145.40813
2024-01-02T03:08:52.024Z,145.40018,145.40478
2024-01-02T03:08:53.276Z,145.39014,145.39423
2024-01-02T03:08:54.069Z,145.39312,145.39770
2024-01-02T03:08:54.639Z,145.39000,145.39378
2024-01-02T03:08:55.481Z,145.37857,145.38192
2024-01-02T03:08:56.770Z,145.38920,145.39335
2024-01-02T03:08:57.516Z,145.39491,145.39917
2024-01-02T03:08:58.545Z,145.39132,145.39469
2024-01-02T03:08:59.738Z,145.37226,145.37604
2024-01-02T03:09:01.212Z,145.38992,145.39358
2024-01-02T03:09:02.414Z,145.38646,145.38999
2024-01-02T03:09:03.056Z,145.39216,145.39544
2024-01-02T03:09:04.176Z,145.39400,145.39730
2024-01-02T03:09:05.527Z,145.39008,145.39337
2024-01-02T03:09:06.594Z,145.39474,145.39930
2024-01-02T03:09:07.842Z,145.39558,145.40014
2024-01-02T03:09:08.517Z,145.40232,145.40628
2024-01-02T03:09:09.835Z,145.40681,145.41086
2024-01-02T03:09:10.742Z,145.41036,145.41383
2024-01-02T03:09:12.194Z,145.40570,145.40900
2024-01-02T03:09:13.389Z,145.39907,145.40353
2024-01-02T03:09:14.673Z,145.41261,145.41634
2024-01-02T03:09:15.961Z,145.41144,145.41496
2024-01-02T03:09:17.241Z,145.40268,145.40682
2024-01-02T03:09:18.297Z,145.39545,145.39975
2024-01-02T03:09:19.688Z,145.38663,145.39003
2024-01-02T03:09:20.490Z,145.38581,145.39050
2024-01-02T03:09:21.463Z,145.37656,145.37988
2024-01-02T03:09:22.023Z,145.37827,145.38158
2024-01-02T03:09:22.533Z,145.37224,145.37642
2024-01-02T03:09:23.113Z,145.36671,145.37023
2024-01-02T03:09:23.842Z,145.37077,145.37499
2024-01-02T03:09:24.458Z,145.37606,145.38028
2024-01-02T03:09:25.918Z,145.37222,145.37697
2024-01-02T03:09:27.192Z,145.37186,145.37572
2024-01-02T03:09:28.122Z,145.37182,145.37586
2024-01-02T03:09:28.859Z,145.36945,145.37316
2024-01-02T03:09:30.034Z,145.36943,145.37400
2024-01-02T03:09:30.774Z,145.37549,145.37928
2024-01-02T03:09:31.380Z,145.37090,145.37545
2024-01-02T03:09:32.732Z,145.38134,145.38458
2024-01-02T03:09:33.271Z,145.39707,145.40088
2024-01-02T03:09:33.956Z,145.39015,145.39446
2024-01-02T03:09:34.858Z,145.38759,145.39213
2024-01-02T03:09:35.559Z,145.39577,145.39957
2024-01-02T03:09:36.528Z,145.38621,145.39090
2024-01-02T03:09:37.501Z,145.38878,145.39272
2024-01-02T03:09:38.273Z,145.38959,145.39327
2024-01-02T03:09:39.168Z,145.39195,145.39520
2024-01-02T03:09:40.544Z,145.40286,145.40649
2024-01-02T03:09:41.123Z,145.41112,145.41491
2024-01-02T03:09:42.063Z,145.41662,145.42079
2024-01-02T03:09:42.922Z,145.41979,145.42301
2024-01-02T03:09:43.749Z,145.42474,145.42873
2024-01-02T03:09:44.873Z,145.42481,145.42828
2024-01-02T03:09:46.142Z,145.43862,145.44266
2024-01-02T03:09:47.120Z,145.43043,145.43480
2024-01-02T03:09:48.491Z,145.42166,145.42641
2024-01-02T03:09:49.695Z,145.42990,145.43408
2024-01-02T03:09:50.394Z,145.42483,145.42854
2024-01-02T03:09:51.573Z,145.41782,145.42203
2024-01-02T03:09:52.211Z,145.42127,145.42455
2024-01-02T03:09:53.197Z,145.40749,145.41159
2024-01-02T03:09:54.592Z,145.40623,145.41062
2024-01-02T03:09:55.936Z,145.40508,145.40917
2024-01-02T03:09:56.743Z,145.40165,145.40521
2024-01-02T03:09:57.262Z,145.39720,145.40068
2024-01-02T03:09:57.778Z,145.40619,145.41033
2024-01-02T03:09:59.002Z,145.40895,145.41216
2024-01-02T03:10:00.007Z,145.40636,145.41048
2024-01-02T03:10:00.803Z,145.40561,145.40930
2024-01-02T03:10:02.227Z,145.41420,145.41884
2024-01-02T03:10:03.085Z,145.41766,145.42132
2024-01-02T03:10:04.579Z,145.42285,145.42680
2024-01-02T03:10:05.649Z,145.41494,145.41835
2024-01-02T03:10:06.380Z,145.42157,145.42555
2024-01-02T03:10:07.076Z,145.41972,145.42432
2024-01-02T03:10:08.366Z,145.42505,145.42843
2024-01-02T03:10:09.762Z,145.44798,145.45126
2024-01-02T03:10:10.875Z,145.44689,145.45032
2024-01-02T03:10:11.455Z,145.45025,145.45436
2024-01-02T03:10:12.408Z,145.46181,145.46530
2024-01-02T03:10:13.433Z,145.45590,145.46004
2024-01-02T03:10:14.742Z,145.45537,145.45858
2024-01-02T03:10:15.490Z,145.45901,145.46256
2024-01-02T03:10:16.548Z,145.47242,145.47594
2024-01-02T03:10:17.679Z,145.48111,145.48528
2024-01-02T03:10:18.852Z,145.47592,145.48057
2024-01-02T03:10:19.524Z,145.46574,145.47020
2024-01-02T03:10:20.775Z,145.46350,145.46790
2024-01-02T03:10:22.195Z,145.45897,145.46283
2024-01-02T03:10:23.474Z,145.45000,145.45445
2024-01-02T03:10:24.716Z,145.44234,145.44600
2024-01-02T03:10:25.745Z,145.44688,145.45050
2024-01-02T03:10:27.171Z,145.43985,145.44344
2024-01-02T03:10:28.339Z,145.42886,145.43309
2024-01-02T03:10:29.325Z,145.42832,145.43283
2024-01-02T03:10:30.423Z,145.43586,145.43996
2024-01-02T03:10:31.618Z,145.42518,145.42939
2024-01-02T03:10:32.574Z,145.41704,145.42184
2024-01-02T03:10:33.232Z,145.41398,145.41810
2024-01-02T03:10:34.530Z,145.40144,145.40592
2024-01-02T03:10:35.702Z,145.40087,145.40477
2024-01-02T03:10:36.284Z,145.40542,145.40864
2024-01-02T03:10:37.069Z,145.40060,145.40386
2024-01-02T03:10:38.402Z,145.39780,145.40142
2024-01-02T03:10:39.843Z,145.39347,145.39685
2024-01-02T03:10:40.496Z,145.38894,145.39266
2024-01-02T03:10:41.707Z,145.38441,145.38763
2024-01-02T03:10:42.750Z,145.39650,145.39995
2024-01-02T03:10:43.338Z,145.39489,145.39809
2024-01-02T03:10:43.999Z,145.38865,145.39186
2024-01-02T03:10:45.243Z,145.38183,145.38578
2024-01-02T03:10:45.986Z,145.38687,145.39134
2024-01-02T03:10:46.690Z,145.38599,145.38938
2024-01-02T03:10:47.948Z,145.39308,145.39629
2024-01-02T03:10:49.052Z,145.38341,145.38806
2024-01-02T03:10:49.900Z,145.37379,145.37770
2024-01-02T03:10:51.095Z,145.37759,145.38209
2024-01-02T03:10:51.818Z,145.38203,145.38530
2024-01-02T03:10:52.611Z,145.36964,145.37406
2024-01-02T03:10:53.800Z,145.36987,145.37406
2024-01-02T03:10:54.693Z,145.37307,145.37750
2024-01-02T03:10:55.562Z,145.37263,145.37734
2024-01-02T03:10:56.570Z,145.37490,145.37938
2024-01-02T03:10:58.014Z,145.37557,145.38036
2024-01-02T03:10:59.200Z,145.35961,145.36312
2024-01-02T03:10:59.776Z,145.36311,145.36750
2024-01-02T03:11:00.312Z,145.35794,145.36117
2024-01-02T03:11:01.074Z,145.35521,145.35888
2024-01-02T03:11:01.773Z,145.34718,145.35055
2024-01-02T03:11:02.536Z,145.34868,145.35256
2024-01-02T03:11:03.750Z,145.33889,145.34252
2024-01-02T03:11:04.701Z,145.32992,145.33353
2024-01-02T03:11:05.452Z,145.33363,145.33724
2024-01-02T03:11:06.724Z,145.32467,145.32920
2024-01-02T03:11:08.111Z,145.32412,145.32801
2024-01-02T03:11:09.035Z,145.32443,145.32888
2024-01-02T03:11:09.674Z,145.33684,145.34112
2024-01-02T03:11:10.893Z,145.34154,145.34543
2024-01-02T03:11:11.679Z,145.32994,145.33433
2024-01-02T03:11:13.172Z,145.32953,145.33355
2024-01-02T03:11:14.206Z,145.32605,145.32930
2024-01-02T03:11:14.909Z,145.33347,145.33766
2024-01-02T03:11:15.505Z,145.34578,145.34924
2024-01-02T03:11:16.452Z,145.33684,145.34035
2024-01-02T03:11:17.190Z,145.31727,145.32170
2024-01-02T03:11:18.230Z,145.30342,145.30664
2024-01-02T03:11:18.742Z,145.30943,145.31391
2024-01-02T03:11:19.952Z,145.30776,145.31117
2024-01-02T03:11:20.677Z,145.30619,145.31002
2024-01-02T03:11:21.756Z,145.30647,145.31045
2024-01-02T03:11:22.969Z,145.31528,145.31918
2024-01-02T03:11:23.720Z,145.30717,145.31136
2024-01-02T03:11:24.449Z,145.30874,145.31318
2024-01-02T03:11:25.377Z,145.30628,145.31047
2024-01-02T03:11:26.620Z,145.31546,145.31995
2024-01-02T03:11:27.364Z,145.30764,145.31195
2024-01-02T03:11:28.612Z,145.31251,145.31643
2024-01-02T03:11:29.542Z,145.32517,145.32870
2024-01-02T03:11:30.910Z,145.32516,145.32902
2024-01-02T03:11:32.133Z,145.32074,145.32466
2024-01-02T03:11:33.410Z,145.30911,145.31325
2024-01-02T03:11:34.285Z,145.30571,145.31044
2024-01-02T03:11:35.306Z,145.30123,145.30580
2024-01-02T03:11:36.484Z,145.30283,145.30648
2024-01-02T03:11:37.198Z,145.30137,145.30482
2024-01-02T03:11:38.391Z,145.30136,145.30471
2024-01-02T03:11:39.249Z,145.30874,145.31339
2024-01-02T03:11:40.012Z,145.30444,145.30794
2024-01-02T03:11:40.857Z,145.29646,145.30122
2024-01-02T03:11:41.594Z,145.29119,145.29595
2024-01-02T03:11:42.140Z,145.28684,145.29057
2024-01-02T03:11:43.568Z,145.28149,145.28552
2024-01-02T03:11:44.686Z,145.28090,145.28460
2024-01-02T03:11:45.690Z,145.29219,145.29614
2024-01-02T03:11:47.055Z,145.28661,145.29132
2024-01-02T03:11:48.091Z,145.27268,145.27624
2024-01-02T03:11:49.002Z,145.26027,145.26505
2024-01-02T03:11:49.769Z,145.26492,145.26918
2024-01-02T03:11:50.731Z,145.24767,145.25149
2024-01-02T03:11:52.015Z,145.24628,145.25082
2024-01-02T03:11:52.948Z,145.25254,145.25683
2024-01-02T03:11:54.058Z,145.26350,145.26672
2024-01-02T03:11:54.695Z,145.25579,145.25917
2024-01-02T03:11:55.301Z,145.24988,145.25320
2024-01-02T03:11:55.961Z,145.24342,145.24789
2024-01-02T03:11:57.287Z,145.25129,145.25520
2024-01-02T03:11:58.700Z,145.26219,145.26588
2024-01-02T03:11:59.876Z,145.26530,145.26926
2024-01-02T03:12:00.393Z,145.25614,145.26038
2024-01-02T03:12:01.614Z,145.25999,145.26444
2024-01-02T03:12:03.098Z,145.24628,145.25091
2024-01-02T03:12:03.707Z,145.25592,145.25914
2024-01-02T03:12:04.883Z,145.25922,145.26276
2024-01-02T03:12:06.194Z,145.24212,145.24637
2024-01-02T03:12:07.348Z,145.24912,145.25356
2024-01-02T03:12:08.036Z,145.26250,145.26604
2024-01-02T03:12:08.543Z,145.26014,145.26468
2024-01-02T03:12:09.519Z,145.26253,145.26687
2024-01-02T03:12:10.235Z,145.27499,145.27913
2024-01-02T03:12:11.055Z,145.27731,145.28105
2024-01-02T03:12:12.309Z,145.27482,145.27960
2024-01-02T03:12:13.559Z,145.27214,145.27690
2024-01-02T03:12:14.263Z,145.27117,145.27473
2024-01-02T03:12:15.735Z,145.27290,145.27647
2024-01-02T03:12:16.648Z,145.26208,145.26625
2024-01-02T03:12:18.104Z,145.25707,145.26176
2024-01-02T03:12:18.760Z,145.25651,145.26100
2024-01-02T03:12:19.685Z,145.26083,145.26515
2024-01-02T03:12:20.722Z,145.25628,145.26092
2024-01-02T03:12:21.235Z,145.26219,145.26650
2024-01-02T03:12:22.178Z,145.27148,145.27607
2024-01-02T03:12:23.197Z,145.28967,145.29350
2024-01-02T03:12:24.297Z,145.28501,145.28955
2024-01-02T03:12:25.484Z,145.27865,145.28337
2024-01-02T03:12:26.582Z,145.28164,145.28639
2024-01-02T03:12:27.083Z,145.28010,145.28479
2024-01-02T03:12:28.315Z,145.28102,145.28479
2024-01-02T03:12:29.302Z,145.26649,145.26974
2024-01-02T03:12:30.721Z,145.27134,145.27585
2024-01-02T03:12:31.270Z,145.27398,145.27867
2024-01-02T03:12:32.559Z,145.27879,145.28277
2024-01-02T03:12:33.088Z,145.27688,145.28167
2024-01-02T03:12:33.989Z,145.27554,145.27913
2024-01-02T03:12:35.417Z,145.28644,145.29065
2024-01-02T03:12:36.751Z,145.27790,145.28124
2024-01-02T03:12:37.367Z,145.27119,145.27461
2024-01-02T03:12:38.588Z,145.27565,145.27897
2024-01-02T03:12:39.887Z,145.27590,145.27929
2024-01-02T03:12:40.956Z,145.27564,145.28002
2024-01-02T03:12:41.522Z,145.26374,145.26734
2024-01-02T03:12:42.026Z,145.26290,145.26694
2024-01-02T03:12:43.263Z,145.27549,145.27990
2024-01-02T03:12:44.324Z,145.28147,145.28496
2024-01-02T03:12:45.096Z,145.27807,145.28174
2024-01-02T03:12:45.950Z,145.27000,145.27351
2024-01-02T03:12:47.373Z,145.27262,145.27614
2024-01-02T03:12:48.398Z,145.26720,145.27160
2024-01-02T03:12:49.608Z,145.26527,145.26905
2024-01-02T03:12:50.119Z,145.27063,145.27393
2024-01-02T03:12:51.374Z,145.27723,145.28146
2024-01-02T03:12:52.305Z,145.27477,145.27877
2024-01-02T03:12:52.947Z,145.27654,145.28054
2024-01-02T03:12:53.946Z,145.28518,145.28865
2024-01-02T03:12:54.765Z,145.26937,145.27274
2024-01-02T03:12:55.265Z,145.27606,145.28069
2024-01-02T03:12:56.591Z,145.28468,145.28828
2024-01-02T03:12:57.158Z,145.28280,145.28698
2024-01-02T03:12:57.919Z,145.28209,145.28632
2024-01-02T03:12:59.173Z,145.28817,145.29176
2024-01-02T03:13:00.053Z,145.28941,145.29382
2024-01-02T03:13:01.393Z,145.29032,145.29440
2024-01-02T03:13:02.626Z,145.29254,145.29627
2024-01-02T03:13:03.802Z,145.29902,145.30362
2024-01-02T03:13:04.812Z,145.29790,145.30204
2024-01-02T03:13:05.485Z,145.29434,145.29884
2024-01-02T03:13:06.468Z,145.29357,145.29794
2024-01-02T03:13:07.446Z,145.30962,145.31370
2024-01-02T03:13:08.030Z,145.32640,145.32993
2024-01-02T03:13:08.605Z,145.32255,145.32643
2024-01-02T03:13:09.215Z,145.32532,145.32915
2024-01-02T03:13:10.583Z,145.31768,145.32174
2024-01-02T03:13:11.503Z,145.32009,145.32420
2024-01-02T03:13:12.247Z,145.32044,145.32472
2024-01-02T03:13:13.085Z,145.32890,145.33226
2024-01-02T03:13:14.173Z,145.32596,145.32986
2024-01-02T03:13:15.426Z,145.32927,145.33381
2024-01-02T03:13:16.562Z,145.33054,145.33478
2024-01-02T03:13:17.233Z,145.33240,145.33625
2024-01-02T03:13:18.400Z,145.33400,145.33782
2024-01-02T03:13:19.259Z,145.33745,145.34106
2024-01-02T03:13:20.091Z,145.33283,145.33714
2024-01-02T03:13:20.987Z,145.33333,145.33794
2024-01-02T03:13:22.116Z,145.32952,145.33297
2024-01-02T03:13:23.207Z,145.32187,145.32533
2024-01-02T03:13:24.662Z,145.32540,145.33005
2024-01-02T03:13:25.703Z,145.32182,145.32519
2024-01-02T03:13:26.632Z,145.31229,145.31691
2024-01-02T03:13:27.917Z,145.30856,145.31232
2024-01-02T03:13:28.745Z,145.30532,145.30906
2024-01-02T03:13:29.373Z,145.31212,145.31685
2024-01-02T03:13:30.444Z,145.31278,145.31722
2024-01-02T03:13:30.948Z,145.32539,145.32927
2024-01-02T03:13:31.597Z,145.32080,145.32445
2024-01-02T03:13:32.680Z,145.31776,145.32229
2024-01-02T03:13:33.391Z,145.31213,145.31667
2024-01-02T03:13:34.407Z,145.30856,145.31235
2024-01-02T03:13:34.971Z,145.30616,145.30979
2024-01-02T03:13:35.600Z,145.30461,145.30831
2024-01-02T03:13:36.749Z,145.29195,145.29609
2024-01-02T03:13:37.337Z,145.29539,145.29967
2024-01-02T03:13:38.345Z,145.29526,145.29926
2024-01-02T03:13:39.186Z,145.30205,145.30622
2024-01-02T03:13:39.755Z,145.29139,145.29540
2024-01-02T03:13:40.463Z,145.29760,145.30167
2024-01-02T03:13:41.763Z,145.31260,145.31599
2024-01-02T03:13:43.041Z,145.30392,145.30814
2024-01-02T03:13:43.606Z,145.31100,145.31461
2024-01-02T03:13:44.706Z,145.30192,145.30652
2024-01-02T03:13:45.946Z,145.30401,145.30735
2024-01-02T03:13:47.380Z,145.31234,145.31630
2024-01-02T03:13:48.814Z,145.31277,145.31629
2024-01-02T03:13:49.324Z,145.31990,145.32467
2024-01-02T03:13:50.429Z,145.31860,145.32181
2024-01-02T03:13:51.396Z,145.30744,145.31219
2024-01-02T03:13:52.637Z,145.31496,145.31885
2024-01-02T03:13:53.425Z,145.30331,145.30796
2024-01-02T03:13:54.505Z,145.30398,145.30876
2024-01-02T03:13:55.514Z,145.30966,145.31354
2024-01-02T03:13:56.687Z,145.30063,145.30503
2024-01-02T03:13:57.926Z,145.28606,145.29060
2024-01-02T03:13:58.644Z,145.29077,145.29400
2024-01-02T03:13:59.727Z,145.28079,145.28554
2024-01-02T03:14:00.627Z,145.28162,145.28485
2024-01-02T03:14:01.774Z,145.29274,145.29712
2024-01-02T03:14:02.899Z,145.29076,145.29461
2024-01-02T03:14:03.714Z,145.29198,145.29597
2024-01-02T03:14:05.002Z,145.28087,145.28479
2024-01-02T03:14:06.418Z,145.27357,145.27825
2024-01-02T03:14:07.347Z,145.27125,145.27508
2024-01-02T03:14:08.743Z,145.27705,145.28111
2024-01-02T03:14:10.082Z,145.27197,145.27603
2024-01-02T03:14:11.011Z,145.27256,145.27714
2024-01-02T03:14:12.104Z,145.27610,145.28041
2024-01-02T03:14:12.731Z,145.29655,145.30060
2024-01-02T03:14:13.992Z,145.30732,145.31070
2024-01-02T03:14:14.934Z,145.31249,145.31629
2024-01-02T03:14:16.137Z,145.31337,145.31677
2024-01-02T03:14:17.550Z,145.31003,145.31442
2024-01-02T03:14:18.365Z,145.30450,145.30850
2024-01-02T03:14:19.106Z,145.30331,145.30735
2024-01-02T03:14:20.440Z,145.29726,145.30157
2024-01-02T03:14:21.909Z,145.30333,145.30679
2024-01-02T03:14:22.555Z,145.31890,145.32231
2024-01-02T03:14:23.815Z,145.31745,145.32168
2024-01-02T03:14:24.453Z,145.32182,145.32566
2024-01-02T03:14:25.682Z,145.31936,145.32415
2024-01-02T03:14:26.629Z,145.32911,145.33289
2024-01-02T03:14:27.886Z,145.34040,145.34519
2024-01-02T03:14:28.545Z,145.33936,145.34288
2024-01-02T03:14:29.436Z,145.33856,145.34245
2024-01-02T03:14:30.035Z,145.33917,145.34341
2024-01-02T03:14:31.128Z,145.34006,145.34396
2024-01-02T03:14:32.482Z,145.33688,145.34090
2024-01-02T03:14:33.554Z,145.34227,145.34607
2024-01-02T03:14:35.007Z,145.34670,145.35002
2024-01-02T03:14:35.817Z,145.35403,145.35754
2024-01-02T03:14:36.595Z,145.34438,145.34864
2024-01-02T03:14:37.133Z,145.35193,145.35598
2024-01-02T03:14:38.482Z,145.34757,145.35172
2024-01-02T03:14:39.261Z,145.34235,145.34708
2024-01-02T03:14:40.117Z,145.35316,145.35740
2024-01-02T03:14:40.887Z,145.34985,145.35378
2024-01-02T03:14:41.695Z,145.34820,145.35238
2024-01-02T03:14:42.805Z,145.32529,145.32965
2024-01-02T03:14:43.782Z,145.33240,145.33679
2024-01-02T03:14:45.239Z,145.34490,145.34810
2024-01-02T03:14:45.758Z,145.34446,145.34852
2024-01-02T03:14:46.981Z,145.34111,145.34549
2024-01-02T03:14:48.239Z,145.34502,145.34913
2024-01-02T03:14:49.252Z,145.35121,145.35459
2024-01-02T03:14:50.386Z,145.35318,145.35664
2024-01-02T03:14:51.091Z,145.36194,145.36640
2024-01-02T03:14:51.735Z,145.36161,145.36562
2024-01-02T03:14:53.108Z,145.37592,145.37957
2024-01-02T03:14:54.495Z,145.37474,145.37812
2024-01-02T03:14:55.362Z,145.39359,145.39742
2024-01-02T03:14:56.661Z,145.39875,145.40241
2024-01-02T03:14:57.547Z,145.40296,145.40686
2024-01-02T03:14:58.204Z,145.39961,145.40388
2024-01-02T03:14:59.218Z,145.40175,145.40616
2024-01-02T03:15:00.028Z,145.41314,145.41640
2024-01-02T03:15:01.176Z,145.41037,145.41391
2024-01-02T03:15:02.092Z,145.40944,145.41358
2024-01-02T03:15:03.086Z,145.41313,145.41693
2024-01-02T03:15:04.310Z,145.40373,145.40746
2024-01-02T03:15:05.512Z,145.40578,145.40928
2024-01-02T03:15:06.729Z,145.40712,145.41098
2024-01-02T03:15:08.048Z,145.41343,145.41688
2024-01-02T03:15:09.069Z,145.41763,145.42112
2024-01-02T03:15:10.262Z,145.43253,145.43673
2024-01-02T03:15:10.923Z,145.42940,145.43374
2024-01-02T03:15:11.912Z,145.43204,145.43534
2024-01-02T03:15:12.450Z,145.43504,145.43865
2024-01-02T03:15:13.055Z,145.44485,145.44931
2024-01-02T03:15:13.946Z,145.44157,145.44622
2024-01-02T03:15:14.870Z,145.44175,145.44497
2024-01-02T03:15:16.084Z,145.44703,145.45181
2024-01-02T03:15:16.810Z,145.44938,145.45260
2024-01-02T03:15:17.717Z,145.44792,145.45168
2024-01-02T03:15:18.230Z,145.44220,145.44618
2024-01-02T03:15:19.143Z,145.44583,145.44949
2024-01-02T03:15:20.369Z,145.44491,145.44943
2024-01-02T03:15:21.364Z,145.45969,145.46331
2024-01-02T03:15:22.217Z,145.45244,145.45681
2024-01-02T03:15:23.043Z,145.45268,145.45590
2024-01-02T03:15:23.828Z,145.44937,145.45363
2024-01-02T03:15:24.736Z,145.45506,145.45941
2024-01-02T03:15:25.745Z,145.45635,145.46113
2024-01-02T03:15:27.020Z,145.45702,145.46074
2024-01-02T03:15:28.081Z,145.46347,145.46702
2024-01-02T03:15:29.366Z,145.46268,145.46720
2024-01-02T03:15:30.337Z,145.45782,145.46139
2024-01-02T03:15:31.058Z,145.45796,145.46211
2024-01-02T03:15:32.542Z,145.46809,145.47211
2024-01-02T03:15:33.579Z,145.46346,145.46784
2024-01-02T03:15:34.877Z,145.46385,145.46752
2024-01-02T03:15:36.131Z,145.47290,145.47624
2024-01-02T03:15:37.001Z,145.46343,145.46713
2024-01-02T03:15:37.891Z,145.44798,145.45151
2024-01-02T03:15:38.523Z,145.45350,145.45797
2024-01-02T03:15:39.734Z,145.46370,145.46794
2024-01-02T03:15:40.657Z,145.45814,145.46269
2024-01-02T03:15:41.807Z,145.44996,145.45474
2024-01-02T03:15:42.483Z,145.44490,145.44960
2024-01-02T03:15:43.782Z,145.45484,145.45808
2024-01-02T03:15:44.786Z,145.45514,145.45870
2024-01-02T03:15:45.410Z,145.44707,145.45143
2024-01-02T03:15:46.876Z,145.44083,145.44417
2024-01-02T03:15:48.230Z,145.44877,145.45201
2024-01-02T03:15:49.540Z,145.43939,145.44380
2024-01-02T03:15:50.966Z,145.43822,145.44292
2024-01-02T03:15:51.685Z,145.43417,145.43880
2024-01-02T03:15:52.592Z,145.44156,145.44631
2024-01-02T03:15:53.386Z,145.44713,145.45121
2024-01-02T03:15:53.939Z,145.44298,145.44672
2024-01-02T03:15:55.375Z,145.44120,145.44565
2024-01-02T03:15:56.092Z,145.44811,145.45193
2024-01-02T03:15:57.533Z,145.46495,145.46951
2024-01-02T03:15:58.110Z,145.44561,145.44917
2024-01-02T03:15:58.645Z,145.44316,145.44788
2024-01-02T03:16:00.115Z,145.44886,145.45288
2024-01-02T03:16:01.363Z,145.45197,145.45661
2024-01-02T03:16:02.159Z,145.43179,145.43624
2024-01-02T03:16:03.249Z,145.43718,145.44173
2024-01-02T03:16:04.725Z,145.43922,145.44400
2024-01-02T03:16:05.545Z,145.43154,145.43626
2024-01-02T03:16:06.895Z,145.42847,145.43221
2024-01-02T03:16:08.305Z,145.42218,145.42697
2024-01-02T03:16:08.878Z,145.42351,145.42710
2024-01-02T03:16:10.087Z,145.44087,145.44478
2024-01-02T03:16:11.492Z,145.44620,145.45044
2024-01-02T03:16:12.648Z,145.43252,145.43579
2024-01-02T03:16:13.511Z,145.42960,145.43438
2024-01-02T03:16:14.950Z,145.43233,145.43650
2024-01-02T03:16:15.740Z,145.42769,145.43108
2024-01-02T03:16:16.437Z,145.42417,145.42894
2024-01-02T03:16:17.918Z,145.42293,145.42664
2024-01-02T03:16:18.613Z,145.42210,145.42580
2024-01-02T03:16:19.875Z,145.41717,145.42094
2024-01-02T03:16:20.725Z,145.42716,145.43088
2024-01-02T03:16:21.353Z,145.43391,145.43859
2024-01-02T03:16:22.404Z,145.43709,145.44065
2024-01-02T03:16:23.109Z,145.43679,145.44126
2024-01-02T03:16:24.347Z,145.43149,145.43508
2024-01-02T03:16:25.380Z,145.43414,145.43868
2024-01-02T03:16:26.105Z,145.43146,145.43511
2024-01-02T03:16:27.483Z,145.43398,145.43750
2024-01-02T03:16:28.592Z,145.44780,145.45210
2024-01-02T03:16:30.061Z,145.44060,145.44385
2024-01-02T03:16:30.611Z,145.43955,145.44408
2024-01-02T03:16:31.254Z,145.44681,145.45034
2024-01-02T03:16:32.687Z,145.44053,145.44382
2024-01-02T03:16:33.540Z,145.43982,145.44345
2024-01-02T03:16:34.285Z,145.42877,145.43284
2024-01-02T03:16:35.395Z,145.43559,145.43937
2024-01-02T03:16:36.376Z,145.44846,145.45224
2024-01-02T03:16:37.670Z,145.43999,145.44379
2024-01-02T03:16:38.557Z,145.44859,145.45245
2024-01-02T03:16:39.884Z,145.46353,145.46782
2024-01-02T03:16:40.932Z,145.47028,145.47453
2024-01-02T03:16:42.129Z,145.47646,145.48113
2024-01-02T03:16:43.510Z,145.47651,145.48050
2024-01-02T03:16:44.291Z,145.47662,145.48126
2024-01-02T03:16:45.076Z,145.48135,145.48509
2024-01-02T03:16:46.445Z,145.48174,145.48557
2024-01-02T03:16:47.012Z,145.49124,145.49510
2024-01-02T03:16:47.895Z,145.49155,145.49585
2024-01-02T03:16:49.368Z,145.48526,145.48989
2024-01-02T03:16:50.561Z,145.48732,145.49071
2024-01-02T03:16:51.086Z,145.48453,145.48861
2024-01-02T03:16:51.885Z,145.49977,145.50349
2024-01-02T03:16:52.959Z,145.50376,145.50773
2024-01-02T03:16:54.007Z,145.51603,145.51996
2024-01-02T03:16:54.861Z,145.52006,145.52454
2024-01-02T03:16:55.887Z,145.51604,145.52043
2024-01-02T03:16:57.080Z,145.51398,145.51819
2024-01-02T03:16:58.328Z,145.53370,145.53775
2024-01-02T03:16:59.558Z,145.53122,145.53492
2024-01-02T03:17:00.353Z,145.53526,145.53853
2024-01-02T03:17:01.003Z,145.53847,145.54208
2024-01-02T03:17:02.047Z,145.55055,145.55507
2024-01-02T03:17:02.922Z,145.54397,145.54839
2024-01-02T03:17:04.316Z,145.55753,145.56179
2024-01-02T03:17:05.363Z,145.56212,145.56619
2024-01-02T03:17:06.067Z,145.56460,145.56923
2024-01-02T03:17:06.668Z,145.55846,145.56259
2024-01-02T03:17:07.933Z,145.56536,145.56883
2024-01-02T03:17:08.739Z,145.55735,145.56116
2024-01-02T03:17:09.849Z,145.54350,145.54753
2024-01-02T03:17:11.195Z,145.54618,145.54982
2024-01-02T03:17:11.699Z,145.54289,145.54709
2024-01-02T03:17:12.226Z,145.53895,145.54339
2024-01-02T03:17:13.506Z,145.55502,145.55906
2024-01-02T03:17:14.017Z,145.55329,145.55672
2024-01-02T03:17:15.198Z,145.54894,145.55256
2024-01-02T03:17:16.445Z,145.54086,145.54429
2024-01-02T03:17:17.460Z,145.53342,145.53755
2024-01-02T03:17:18.565Z,145.52369,145.52830
2024-01-02T03:17:19.992Z,145.51097,145.51457
2024-01-02T03:17:20.931Z,145.50283,145.50637
2024-01-02T03:17:21.932Z,145.50866,145.51237
2024-01-02T03:17:23.260Z,145.50108,145.50575
2024-01-02T03:17:24.382Z,145.48056,145.48466
2024-01-02T03:17:25.099Z,145.47599,145.47955
2024-01-02T03:17:25.690Z,145.47758,145.48123
2024-01-02T03:17:26.644Z,145.46841,145.47252
2024-01-02T03:17:28.070Z,145.45518,145.45948
2024-01-02T03:17:29.480Z,145.46563,145.47007
2024-01-02T03:17:30.361Z,145.47063,145.47410
2024-01-02T03:17:31.595Z,145.46773,145.47138
2024-01-02T03:17:32.245Z,145.46794,145.47192
2024-01-02T03:17:33.587Z,145.45618,145.46009
2024-01-02T03:17:34.959Z,145.45847,145.46187
2024-01-02T03:17:35.472Z,145.46456,145.46853
2024-01-02T03:17:36.312Z,145.45886,145.46207
2024-01-02T03:17:37.165Z,145.44088,145.44459
2024-01-02T03:17:38.311Z,145.43643,145.44074
2024-01-02T03:17:39.349Z,145.43223,145.43602
2024-01-02T03:17:39.961Z,145.42881,145.43330
2024-01-02T03:17:40.801Z,145.42003,145.42386
2024-01-02T03:17:41.691Z,145.42454,145.42857
2024-01-02T03:17:42.557Z,145.41609,145.42062
2024-01-02T03:17:43.524Z,145.40384,145.40745
2024-01-02T03:17:44.208Z,145.40688,145.41050
2024-01-02T03:17:45.150Z,145.39958,145.40425
2024-01-02T03:17:46.453Z,145.41174,145.41570
2024-01-02T03:17:47.843Z,145.40827,145.41273
2024-01-02T03:17:49.225Z,145.41691,145.42134
2024-01-02T03:17:49.818Z,145.41744,145.42105
2024-01-02T03:17:50.912Z,145.42566,145.42937
2024-01-02T03:17:51.830Z,145.42952,145.43316
2024-01-02T03:17:52.729Z,145.43714,145.44165
2024-01-02T03:17:53.272Z,145.43812,145.44214
2024-01-02T03:17:53.948Z,145.43509,145.43893
2024-01-02T03:17:54.756Z,145.43568,145.44004
2024-01-02T03:17:55.967Z,145.43006,145.43383
2024-01-02T03:17:56.683Z,145.42685,145.43111
2024-01-02T03:17:58.102Z,145.42423,145.42844
2024-01-02T03:17:59.083Z,145.41648,145.41997
2024-01-02T03:18:00.509Z,145.41726,145.42159
2024-01-02T03:18:01.137Z,145.41929,145.42251
2024-01-02T03:18:01.983Z,145.41815,145.42263
2024-01-02T03:18:03.357Z,145.40835,145.41306
2024-01-02T03:18:04.651Z,145.40665,145.41137
2024-01-02T03:18:05.299Z,145.40688,145.41094
2024-01-02T03:18:06.658Z,145.40228,145.40640
2024-01-02T03:18:07.685Z,145.40198,145.40611
2024-01-02T03:18:08.286Z,145.39180,145.39641
2024-01-02T03:18:08.871Z,145.39464,145.39881
2024-01-02T03:18:09.754Z,145.39365,145.39722
2024-01-02T03:18:10.729Z,145.39420,145.39747
2024-01-02T03:18:11.679Z,145.39201,145.39581
2024-01-02T03:18:12.441Z,145.38550,145.38882
2024-01-02T03:18:13.845Z,145.36329,145.36805
2024-01-02T03:18:15.171Z,145.36805,145.37158
2024-01-02T03:18:15.764Z,145.36849,145.37293
2024-01-02T03:18:17.204Z,145.36273,145.36620
2024-01-02T03:18:17.765Z,145.37012,145.37415
2024-01-02T03:18:18.683Z,145.38142,145.38508
2024-01-02T03:18:19.542Z,145.38904,145.39277
2024-01-02T03:18:20.315Z,145.38804,145.39167
2024-01-02T03:18:20.854Z,145.37984,145.38320
2024-01-02T03:18:22.231Z,145.37909,145.38248
2024-01-02T03:18:22.908Z,145.37881,145.38222
2024-01-02T03:18:23.435Z,145.37264,145.37742
2024-01-02T03:18:24.466Z,145.35746,145.36159
2024-01-02T03:18:25.787Z,145.36840,145.37209
2024-01-02T03:18:27.016Z,145.37379,145.37846
2024-01-02T03:18:27.673Z,145.37009,145.37378
2024-01-02T03:18:28.744Z,145.36107,145.36515
2024-01-02T03:18:30.012Z,145.35890,145.36225
2024-01-02T03:18:31.144Z,145.36283,145.36714
2024-01-02T03:18:32.491Z,145.36657,145.37023
2024-01-02T03:18:33.359Z,145.36402,145.36756
2024-01-02T03:18:34.431Z,145.36086,145.36428
2024-01-02T03:18:35.583Z,145.35820,145.36179
2024-01-02T03:18:36.208Z,145.36077,145.36499
2024-01-02T03:18:36.775Z,145.34733,145.35178
2024-01-02T03:18:37.564Z,145.34800,145.35178
2024-01-02T03:18:39.008Z,145.34397,145.34749
2024-01-02T03:18:40.318Z,145.34226,145.34604
2024-01-02T03:18:40.987Z,145.34307,145.34717
2024-01-02T03:18:42.165Z,145.33695,145.34165
2024-01-02T03:18:43.512Z,145.33144,145.33623
2024-01-02T03:18:44.710Z,145.33273,145.33667
2024-01-02T03:18:46.013Z,145.33218,145.33606
2024-01-02T03:18:46.899Z,145.31999,145.32363
2024-01-02T03:18:48.133Z,145.31644,145.31997
2024-01-02T03:18:49.519Z,145.31635,145.32110
2024-01-02T03:18:50.239Z,145.31211,145.31671
2024-01-02T03:18:51.631Z,145.31521,145.31965
2024-01-02T03:18:52.340Z,145.30892,145.31330
2024-01-02T03:18:52.894Z,145.30770,145.31142
2024-01-02T03:18:54.089Z,145.29981,145.30459
2024-01-02T03:18:55.149Z,145.29540,145.30002
2024-01-02T03:18:55.931Z,145.29104,145.29429
2024-01-02T03:18:57.135Z,145.29312,145.29659
2024-01-02T03:18:57.950Z,145.29239,145.29618
2024-01-02T03:18:58.923Z,145.29090,145.29538
2024-01-02T03:19:00.363Z,145.30010,145.30489
2024-01-02T03:19:01.821Z,145.29405,145.29778
2024-01-02T03:19:02.863Z,145.28112,145.28526
2024-01-02T03:19:03.833Z,145.27923,145.28375
2024-01-02T03:19:04.674Z,145.27438,145.27881
2024-01-02T03:19:05.747Z,145.27078,145.27546
2024-01-02T03:19:06.389Z,145.26830,145.27246
2024-01-02T03:19:07.859Z,145.27029,145.27490
2024-01-02T03:19:08.923Z,145.26271,145.26732
2024-01-02T03:19:09.901Z,145.26646,145.27010
2024-01-02T03:19:10.705Z,145.26901,145.27287
2024-01-02T03:19:11.565Z,145.27044,145.27496
2024-01-02T03:19:12.259Z,145.28343,145.28773
2024-01-02T03:19:12.898Z,145.26870,145.27240
2024-01-02T03:19:14.262Z,145.26603,145.26986
2024-01-02T03:19:14.877Z,145.26512,145.26893
2024-01-02T03:19:15.416Z,145.26380,145.26849
2024-01-02T03:19:16.222Z,145.26718,145.27113
2024-01-02T03:19:17.361Z,145.27433,145.27789
2024-01-02T03:19:18.337Z,145.26839,145.27251
2024-01-02T03:19:19.286Z,145.27605,145.27994
2024-01-02T03:19:20.323Z,145.26833,145.27245
2024-01-02T03:19:21.362Z,145.28107,145.28586
2024-01-02T03:19:22.606Z,145.28091,145.28490
2024-01-02T03:19:23.107Z,145.28871,145.29207
2024-01-02T03:19:24.494Z,145.28694,145.29048
2024-01-02T03:19:25.126Z,145.29774,145.30214
2024-01-02T03:19:25.704Z,145.28847,145.29318
2024-01-02T03:19:26.292Z,145.28314,145.28714
2024-01-02T03:19:27.137Z,145.27196,145.27577
2024-01-02T03:19:28.106Z,145.25922,145.26314
2024-01-02T03:19:29.589Z,145.26002,145.26456
2024-01-02T03:19:31.053Z,145.26469,145.26821
2024-01-02T03:19:32.511Z,145.27263,145.27609
2024-01-02T03:19:33.374Z,145.26133,145.26535
2024-01-02T03:19:34.615Z,145.26355,145.26762
2024-01-02T03:19:35.253Z,145.26887,145.27342
2024-01-02T03:19:36.566Z,145.27573,145.28029
2024-01-02T03:19:37.546Z,145.27672,145.28092
2024-01-02T03:19:38.227Z,145.27930,145.28397
2024-01-02T03:19:39.710Z,145.28844,145.29296
2024-01-02T03:19:41.154Z,145.28239,145.28589
2024-01-02T03:19:41.826Z,145.29112,145.29459
2024-01-02T03:19:42.535Z,145.28329,145.28705
2024-01-02T03:19:43.485Z,145.27974,145.28390
2024-01-02T03:19:44.022Z,145.26901,145.27255
2024-01-02T03:19:45.061Z,145.27083,145.27475
2024-01-02T03:19:46.396Z,145.27343,145.27742
2024-01-02T03:19:47.504Z,145.26872,145.27277
2024-01-02T03:19:48.422Z,145.26026,145.26361
2024-01-02T03:19:49.878Z,145.25599,145.25923
2024-01-02T03:19:50.766Z,145.25321,145.25707
2024-01-02T03:19:51.466Z,145.24196,145.24668
2024-01-02T03:19:52.752Z,145.24047,145.24375
2024-01-02T03:19:53.697Z,145.22760,145.23130
2024-01-02T03:19:54.723Z,145.23937,145.24352
2024-01-02T03:19:55.393Z,145.24389,145.24713
2024-01-02T03:19:56.656Z,145.24363,145.24824
2024-01-02T03:19:57.554Z,145.24676,145.25028
2024-01-02T03:19:58.575Z,145.24133,145.24525
2024-01-02T03:19:59.332Z,145.24965,145.25364
2024-01-02T03:20:00.464Z,145.25374,145.25728
2024-01-02T03:20:01.249Z,145.24986,145.25354
2024-01-02T03:20:02.131Z,145.25309,145.25688
2024-01-02T03:20:03.515Z,145.25273,145.25713
2024-01-02T03:20:04.590Z,145.26010,145.26468
2024-01-02T03:20:05.294Z,145.27112,145.27470
2024-01-02T03:20:06.423Z,145.27243,145.27718
2024-01-02T03:20:07.381Z,145.27864,145.28250
2024-01-02T03:20:08.161Z,145.27865,145.28243
2024-01-02T03:20:09.250Z,145.28095,145.28465
2024-01-02T03:20:10.374Z,145.26179,145.26523
2024-01-02T03:20:11.192Z,145.24164,145.24639
2024-01-02T03:20:12.399Z,145.23006,145.23476
2024-01-02T03:20:13.769Z,145.22528,145.22883
2024-01-02T03:20:14.397Z,145.22926,145.23281
2024-01-02T03:20:15.006Z,145.21736,145.22089
2024-01-02T03:20:16.076Z,145.22189,145.22556
2024-01-02T03:20:17.179Z,145.21442,145.21918
2024-01-02T03:20:17.760Z,145.21808,145.22185
2024-01-02T03:20:18.503Z,145.21590,145.22016
2024-01-02T03:20:19.261Z,145.21198,145.21552
2024-01-02T03:20:19.957Z,145.22084,145.22415
2024-01-02T03:20:20.883Z,145.21890,145.22291
2024-01-02T03:20:22.346Z,145.21712,145.22114
2024-01-02T03:20:23.705Z,145.22420,145.22789
2024-01-02T03:20:25.095Z,145.22600,145.22959
2024-01-02T03:20:25.782Z,145.23218,145.23633
2024-01-02T03:20:26.715Z,145.23197,145.23583
2024-01-02T03:20:27.914Z,145.22920,145.23353
2024-01-02T03:20:28.870Z,145.23213,145.23585
2024-01-02T03:20:29.406Z,145.23797,145.24129
2024-01-02T03:20:30.636Z,145.23869,145.24200
2024-01-02T03:20:31.370Z,145.23479,145.23813
2024-01-02T03:20:32.368Z,145.24130,145.24598
2024-01-02T03:20:33.321Z,145.22758,145.23159
2024-01-02T03:20:34.202Z,145.22898,145.23308
2024-01-02T03:20:34.941Z,145.23337,145.23733
2024-01-02T03:20:36.195Z,145.23344,145.23782
